material_id_a,material_id_b,description_score,material_group
MAT001,MAT002,0.7042,FASTENERS
MAT001,MAT003,0.9286,FASTENERS
MAT001,MAT004,0.7879,FASTENERS
MAT001,MAT006,0.5,FASTENERS
MAT001,MAT021,1.0,FASTENERS
MAT001,MAT022,0.7042,FASTENERS
MAT001,MAT023,0.9286,FASTENERS
MAT001,MAT024,0.7879,FASTENERS
MAT001,MAT026,0.5,FASTENERS
MAT001,MAT041,1.0,FASTENERS
MAT001,MAT042,0.7042,FASTENERS
MAT001,MAT043,0.9286,FASTENERS
MAT001,MAT044,0.7879,FASTENERS
MAT001,MAT046,0.5,FASTENERS
MAT001,MAT061,1.0,FASTENERS
MAT001,MAT062,0.7042,FASTENERS
MAT001,MAT063,0.9286,FASTENERS
MAT001,MAT064,0.7879,FASTENERS
MAT001,MAT066,0.5,FASTENERS
MAT001,MAT081,1.0,FASTENERS
MAT001,MAT082,0.7042,FASTENERS
MAT001,MAT083,0.9286,FASTENERS
MAT001,MAT084,0.7879,FASTENERS
MAT001,MAT086,0.5,FASTENERS
MAT001,MAT101,1.0,FASTENERS
MAT001,MAT102,0.7042,FASTENERS
MAT001,MAT103,0.9286,FASTENERS
MAT001,MAT104,0.7879,FASTENERS
MAT001,MAT106,0.5,FASTENERS
MAT001,MAT121,1.0,FASTENERS
MAT001,MAT122,0.7042,FASTENERS
MAT001,MAT123,0.9286,FASTENERS
MAT001,MAT124,0.7879,FASTENERS
MAT001,MAT126,0.5,FASTENERS
MAT001,MAT141,1.0,FASTENERS
MAT001,MAT142,0.7042,FASTENERS
MAT001,MAT143,0.9286,FASTENERS
MAT001,MAT144,0.7879,FASTENERS
MAT001,MAT146,0.5,FASTENERS
MAT001,MAT161,1.0,FASTENERS
MAT001,MAT162,0.7042,FASTENERS
MAT001,MAT163,0.9286,FASTENERS
MAT001,MAT164,0.7879,FASTENERS
MAT001,MAT166,0.5,FASTENERS
MAT001,MAT181,1.0,FASTENERS
MAT001,MAT182,0.7042,FASTENERS
MAT001,MAT183,0.9286,FASTENERS
MAT001,MAT184,0.7879,FASTENERS
MAT001,MAT186,0.5,FASTENERS
MAT001,MAT201,1.0,FASTENERS
MAT001,MAT202,0.7042,FASTENERS
MAT001,MAT203,0.9286,FASTENERS
MAT001,MAT204,0.7879,FASTENERS
MAT001,MAT206,0.5,FASTENERS
MAT001,MAT221,1.0,FASTENERS
MAT001,MAT222,0.7042,FASTENERS
MAT001,MAT223,0.9286,FASTENERS
MAT001,MAT224,0.7879,FASTENERS
MAT001,MAT226,0.5,FASTENERS
MAT001,MAT241,1.0,FASTENERS
MAT001,MAT242,0.7042,FASTENERS
MAT001,MAT243,0.9286,FASTENERS
MAT001,MAT244,0.7879,FASTENERS
MAT001,MAT246,0.5,FASTENERS
MAT001,MAT261,1.0,FASTENERS
MAT001,MAT262,0.7042,FASTENERS
MAT001,MAT263,0.9286,FASTENERS
MAT001,MAT264,0.7879,FASTENERS
MAT001,MAT266,0.5,FASTENERS
MAT001,MAT281,1.0,FASTENERS
MAT001,MAT282,0.7042,FASTENERS
MAT001,MAT283,0.9286,FASTENERS
MAT001,MAT284,0.7879,FASTENERS
MAT001,MAT286,0.5,FASTENERS
MAT002,MAT003,0.5484,FASTENERS
MAT002,MAT004,0.75,FASTENERS
MAT002,MAT006,0.5763,FASTENERS
MAT002,MAT021,0.7042,FASTENERS
MAT002,MAT022,1.0,FASTENERS
MAT002,MAT023,0.5484,FASTENERS
MAT002,MAT024,0.75,FASTENERS
MAT002,MAT026,0.5763,FASTENERS
MAT002,MAT041,0.7042,FASTENERS
MAT002,MAT042,1.0,FASTENERS
MAT002,MAT043,0.5484,FASTENERS
MAT002,MAT044,0.75,FASTENERS
MAT002,MAT046,0.5763,FASTENERS
MAT002,MAT061,0.7042,FASTENERS
MAT002,MAT062,1.0,FASTENERS
MAT002,MAT063,0.5484,FASTENERS
MAT002,MAT064,0.75,FASTENERS
MAT002,MAT066,0.5763,FASTENERS
MAT002,MAT081,0.7042,FASTENERS
MAT002,MAT082,1.0,FASTENERS
MAT002,MAT083,0.5484,FASTENERS
MAT002,MAT084,0.75,FASTENERS
MAT002,MAT086,0.5763,FASTENERS
MAT002,MAT101,0.7042,FASTENERS
MAT002,MAT102,1.0,FASTENERS
MAT002,MAT103,0.5484,FASTENERS
MAT002,MAT104,0.75,FASTENERS
MAT002,MAT106,0.5763,FASTENERS
MAT002,MAT121,0.7042,FASTENERS
MAT002,MAT122,1.0,FASTENERS
MAT002,MAT123,0.5484,FASTENERS
MAT002,MAT124,0.75,FASTENERS
MAT002,MAT126,0.5763,FASTENERS
MAT002,MAT141,0.7042,FASTENERS
MAT002,MAT142,1.0,FASTENERS
MAT002,MAT143,0.5484,FASTENERS
MAT002,MAT144,0.75,FASTENERS
MAT002,MAT146,0.5763,FASTENERS
MAT002,MAT161,0.7042,FASTENERS
MAT002,MAT162,1.0,FASTENERS
MAT002,MAT163,0.5484,FASTENERS
MAT002,MAT164,0.75,FASTENERS
MAT002,MAT166,0.5763,FASTENERS
MAT002,MAT181,0.7042,FASTENERS
MAT002,MAT182,1.0,FASTENERS
MAT002,MAT183,0.5484,FASTENERS
MAT002,MAT184,0.75,FASTENERS
MAT002,MAT186,0.5763,FASTENERS
MAT002,MAT201,0.7042,FASTENERS
MAT002,MAT202,1.0,FASTENERS
MAT002,MAT203,0.5484,FASTENERS
MAT002,MAT204,0.75,FASTENERS
MAT002,MAT206,0.5763,FASTENERS
MAT002,MAT221,0.7042,FASTENERS
MAT002,MAT222,1.0,FASTENERS
MAT002,MAT223,0.5484,FASTENERS
MAT002,MAT224,0.75,FASTENERS
MAT002,MAT226,0.5763,FASTENERS
MAT002,MAT241,0.7042,FASTENERS
MAT002,MAT242,1.0,FASTENERS
MAT002,MAT243,0.5484,FASTENERS
MAT002,MAT244,0.75,FASTENERS
MAT002,MAT246,0.5763,FASTENERS
MAT002,MAT261,0.7042,FASTENERS
MAT002,MAT262,1.0,FASTENERS
MAT002,MAT263,0.5484,FASTENERS
MAT002,MAT264,0.75,FASTENERS
MAT002,MAT266,0.5763,FASTENERS
MAT002,MAT281,0.7042,FASTENERS
MAT002,MAT282,1.0,FASTENERS
MAT002,MAT283,0.5484,FASTENERS
MAT002,MAT284,0.75,FASTENERS
MAT002,MAT286,0.5763,FASTENERS
MAT003,MAT004,0.9189,FASTENERS
MAT003,MAT006,0.5614,FASTENERS
MAT003,MAT021,0.9286,FASTENERS
MAT003,MAT022,0.5484,FASTENERS
MAT003,MAT023,1.0,FASTENERS
MAT003,MAT024,0.9189,FASTENERS
MAT003,MAT026,0.5614,FASTENERS
MAT003,MAT041,0.9286,FASTENERS
MAT003,MAT042,0.5484,FASTENERS
MAT003,MAT043,1.0,FASTENERS
MAT003,MAT044,0.9189,FASTENERS
MAT003,MAT046,0.5614,FASTENERS
MAT003,MAT061,0.9286,FASTENERS
MAT003,MAT062,0.5484,FASTENERS
MAT003,MAT063,1.0,FASTENERS
MAT003,MAT064,0.9189,FASTENERS
MAT003,MAT066,0.5614,FASTENERS
MAT003,MAT081,0.9286,FASTENERS
MAT003,MAT082,0.5484,FASTENERS
MAT003,MAT083,1.0,FASTENERS
MAT003,MAT084,0.9189,FASTENERS
MAT003,MAT086,0.5614,FASTENERS
MAT003,MAT101,0.9286,FASTENERS
MAT003,MAT102,0.5484,FASTENERS
MAT003,MAT103,1.0,FASTENERS
MAT003,MAT104,0.9189,FASTENERS
MAT003,MAT106,0.5614,FASTENERS
MAT003,MAT121,0.9286,FASTENERS
MAT003,MAT122,0.5484,FASTENERS
MAT003,MAT123,1.0,FASTENERS
MAT003,MAT124,0.9189,FASTENERS
MAT003,MAT126,0.5614,FASTENERS
MAT003,MAT141,0.9286,FASTENERS
MAT003,MAT142,0.5484,FASTENERS
MAT003,MAT143,1.0,FASTENERS
MAT003,MAT144,0.9189,FASTENERS
MAT003,MAT146,0.5614,FASTENERS
MAT003,MAT161,0.9286,FASTENERS
MAT003,MAT162,0.5484,FASTENERS
MAT003,MAT163,1.0,FASTENERS
MAT003,MAT164,0.9189,FASTENERS
MAT003,MAT166,0.5614,FASTENERS
MAT003,MAT181,0.9286,FASTENERS
MAT003,MAT182,0.5484,FASTENERS
MAT003,MAT183,1.0,FASTENERS
MAT003,MAT184,0.9189,FASTENERS
MAT003,MAT186,0.5614,FASTENERS
MAT003,MAT201,0.9286,FASTENERS
MAT003,MAT202,0.5484,FASTENERS
MAT003,MAT203,1.0,FASTENERS
MAT003,MAT204,0.9189,FASTENERS
MAT003,MAT206,0.5614,FASTENERS
MAT003,MAT221,0.9286,FASTENERS
MAT003,MAT222,0.5484,FASTENERS
MAT003,MAT223,1.0,FASTENERS
MAT003,MAT224,0.9189,FASTENERS
MAT003,MAT226,0.5614,FASTENERS
MAT003,MAT241,0.9286,FASTENERS
MAT003,MAT242,0.5484,FASTENERS
MAT003,MAT243,1.0,FASTENERS
MAT003,MAT244,0.9189,FASTENERS
MAT003,MAT246,0.5614,FASTENERS
MAT003,MAT261,0.9286,FASTENERS
MAT003,MAT262,0.5484,FASTENERS
MAT003,MAT263,1.0,FASTENERS
MAT003,MAT264,0.9189,FASTENERS
MAT003,MAT266,0.5614,FASTENERS
MAT003,MAT281,0.9286,FASTENERS
MAT003,MAT282,0.5484,FASTENERS
MAT003,MAT283,1.0,FASTENERS
MAT003,MAT284,0.9189,FASTENERS
MAT003,MAT286,0.5614,FASTENERS
MAT004,MAT005,0.4737,FASTENERS
MAT004,MAT006,0.6207,FASTENERS
MAT004,MAT021,0.7879,FASTENERS
MAT004,MAT022,0.75,FASTENERS
MAT004,MAT023,0.9189,FASTENERS
MAT004,MAT024,1.0,FASTENERS
MAT004,MAT025,0.4737,FASTENERS
MAT004,MAT026,0.6207,FASTENERS
MAT004,MAT041,0.7879,FASTENERS
MAT004,MAT042,0.75,FASTENERS
MAT004,MAT043,0.9189,FASTENERS
MAT004,MAT044,1.0,FASTENERS
MAT004,MAT045,0.4737,FASTENERS
MAT004,MAT046,0.6207,FASTENERS
MAT004,MAT061,0.7879,FASTENERS
MAT004,MAT062,0.75,FASTENERS
MAT004,MAT063,0.9189,FASTENERS
MAT004,MAT064,1.0,FASTENERS
MAT004,MAT065,0.4737,FASTENERS
MAT004,MAT066,0.6207,FASTENERS
MAT004,MAT081,0.7879,FASTENERS
MAT004,MAT082,0.75,FASTENERS
MAT004,MAT083,0.9189,FASTENERS
MAT004,MAT084,1.0,FASTENERS
MAT004,MAT085,0.4737,FASTENERS
MAT004,MAT086,0.6207,FASTENERS
MAT004,MAT101,0.7879,FASTENERS
MAT004,MAT102,0.75,FASTENERS
MAT004,MAT103,0.9189,FASTENERS
MAT004,MAT104,1.0,FASTENERS
MAT004,MAT105,0.4737,FASTENERS
MAT004,MAT106,0.6207,FASTENERS
MAT004,MAT121,0.7879,FASTENERS
MAT004,MAT122,0.75,FASTENERS
MAT004,MAT123,0.9189,FASTENERS
MAT004,MAT124,1.0,FASTENERS
MAT004,MAT125,0.4737,FASTENERS
MAT004,MAT126,0.6207,FASTENERS
MAT004,MAT141,0.7879,FASTENERS
MAT004,MAT142,0.75,FASTENERS
MAT004,MAT143,0.9189,FASTENERS
MAT004,MAT144,1.0,FASTENERS
MAT004,MAT145,0.4737,FASTENERS
MAT004,MAT146,0.6207,FASTENERS
MAT004,MAT161,0.7879,FASTENERS
MAT004,MAT162,0.75,FASTENERS
MAT004,MAT163,0.9189,FASTENERS
MAT004,MAT164,1.0,FASTENERS
MAT004,MAT165,0.4737,FASTENERS
MAT004,MAT166,0.6207,FASTENERS
MAT004,MAT181,0.7879,FASTENERS
MAT004,MAT182,0.75,FASTENERS
MAT004,MAT183,0.9189,FASTENERS
MAT004,MAT184,1.0,FASTENERS
MAT004,MAT185,0.4737,FASTENERS
MAT004,MAT186,0.6207,FASTENERS
MAT004,MAT201,0.7879,FASTENERS
MAT004,MAT202,0.75,FASTENERS
MAT004,MAT203,0.9189,FASTENERS
MAT004,MAT204,1.0,FASTENERS
MAT004,MAT205,0.4737,FASTENERS
MAT004,MAT206,0.6207,FASTENERS
MAT004,MAT221,0.7879,FASTENERS
MAT004,MAT222,0.75,FASTENERS
MAT004,MAT223,0.9189,FASTENERS
MAT004,MAT224,1.0,FASTENERS
MAT004,MAT225,0.4737,FASTENERS
MAT004,MAT226,0.6207,FASTENERS
MAT004,MAT241,0.7879,FASTENERS
MAT004,MAT242,0.75,FASTENERS
MAT004,MAT243,0.9189,FASTENERS
MAT004,MAT244,1.0,FASTENERS
MAT004,MAT245,0.4737,FASTENERS
MAT004,MAT246,0.6207,FASTENERS
MAT004,MAT261,0.7879,FASTENERS
MAT004,MAT262,0.75,FASTENERS
MAT004,MAT263,0.9189,FASTENERS
MAT004,MAT264,1.0,FASTENERS
MAT004,MAT265,0.4737,FASTENERS
MAT004,MAT266,0.6207,FASTENERS
MAT004,MAT281,0.7879,FASTENERS
MAT004,MAT282,0.75,FASTENERS
MAT004,MAT283,0.9189,FASTENERS
MAT004,MAT284,1.0,FASTENERS
MAT004,MAT285,0.4737,FASTENERS
MAT004,MAT286,0.6207,FASTENERS
MAT005,MAT006,0.7143,FASTENERS
MAT005,MAT024,0.4737,FASTENERS
MAT005,MAT025,1.0,FASTENERS
MAT005,MAT026,0.7143,FASTENERS
MAT005,MAT044,0.4737,FASTENERS
MAT005,MAT045,1.0,FASTENERS
MAT005,MAT046,0.7143,FASTENERS
MAT005,MAT064,0.4737,FASTENERS
MAT005,MAT065,1.0,FASTENERS
MAT005,MAT066,0.7143,FASTENERS
MAT005,MAT084,0.4737,FASTENERS
MAT005,MAT085,1.0,FASTENERS
MAT005,MAT086,0.7143,FASTENERS
MAT005,MAT104,0.4737,FASTENERS
MAT005,MAT105,1.0,FASTENERS
MAT005,MAT106,0.7143,FASTENERS
MAT005,MAT124,0.4737,FASTENERS
MAT005,MAT125,1.0,FASTENERS
MAT005,MAT126,0.7143,FASTENERS
MAT005,MAT144,0.4737,FASTENERS
MAT005,MAT145,1.0,FASTENERS
MAT005,MAT146,0.7143,FASTENERS
MAT005,MAT164,0.4737,FASTENERS
MAT005,MAT165,1.0,FASTENERS
MAT005,MAT166,0.7143,FASTENERS
MAT005,MAT184,0.4737,FASTENERS
MAT005,MAT185,1.0,FASTENERS
MAT005,MAT186,0.7143,FASTENERS
MAT005,MAT204,0.4737,FASTENERS
MAT005,MAT205,1.0,FASTENERS
MAT005,MAT206,0.7143,FASTENERS
MAT005,MAT224,0.4737,FASTENERS
MAT005,MAT225,1.0,FASTENERS
MAT005,MAT226,0.7143,FASTENERS
MAT005,MAT244,0.4737,FASTENERS
MAT005,MAT245,1.0,FASTENERS
MAT005,MAT246,0.7143,FASTENERS
MAT005,MAT264,0.4737,FASTENERS
MAT005,MAT265,1.0,FASTENERS
MAT005,MAT266,0.7143,FASTENERS
MAT005,MAT284,0.4737,FASTENERS
MAT005,MAT285,1.0,FASTENERS
MAT005,MAT286,0.7143,FASTENERS
MAT006,MAT021,0.5,FASTENERS
MAT006,MAT022,0.5763,FASTENERS
MAT006,MAT023,0.5614,FASTENERS
MAT006,MAT024,0.6207,FASTENERS
MAT006,MAT025,0.7143,FASTENERS
MAT006,MAT026,1.0,FASTENERS
MAT006,MAT041,0.5,FASTENERS
MAT006,MAT042,0.5763,FASTENERS
MAT006,MAT043,0.5614,FASTENERS
MAT006,MAT044,0.6207,FASTENERS
MAT006,MAT045,0.7143,FASTENERS
MAT006,MAT046,1.0,FASTENERS
MAT006,MAT061,0.5,FASTENERS
MAT006,MAT062,0.5763,FASTENERS
MAT006,MAT063,0.5614,FASTENERS
MAT006,MAT064,0.6207,FASTENERS
MAT006,MAT065,0.7143,FASTENERS
MAT006,MAT066,1.0,FASTENERS
MAT006,MAT081,0.5,FASTENERS
MAT006,MAT082,0.5763,FASTENERS
MAT006,MAT083,0.5614,FASTENERS
MAT006,MAT084,0.6207,FASTENERS
MAT006,MAT085,0.7143,FASTENERS
MAT006,MAT086,1.0,FASTENERS
MAT006,MAT101,0.5,FASTENERS
MAT006,MAT102,0.5763,FASTENERS
MAT006,MAT103,0.5614,FASTENERS
MAT006,MAT104,0.6207,FASTENERS
MAT006,MAT105,0.7143,FASTENERS
MAT006,MAT106,1.0,FASTENERS
MAT006,MAT121,0.5,FASTENERS
MAT006,MAT122,0.5763,FASTENERS
MAT006,MAT123,0.5614,FASTENERS
MAT006,MAT124,0.6207,FASTENERS
MAT006,MAT125,0.7143,FASTENERS
MAT006,MAT126,1.0,FASTENERS
MAT006,MAT141,0.5,FASTENERS
MAT006,MAT142,0.5763,FASTENERS
MAT006,MAT143,0.5614,FASTENERS
MAT006,MAT144,0.6207,FASTENERS
MAT006,MAT145,0.7143,FASTENERS
MAT006,MAT146,1.0,FASTENERS
MAT006,MAT161,0.5,FASTENERS
MAT006,MAT162,0.5763,FASTENERS
MAT006,MAT163,0.5614,FASTENERS
MAT006,MAT164,0.6207,FASTENERS
MAT006,MAT165,0.7143,FASTENERS
MAT006,MAT166,1.0,FASTENERS
MAT006,MAT181,0.5,FASTENERS
MAT006,MAT182,0.5763,FASTENERS
MAT006,MAT183,0.5614,FASTENERS
MAT006,MAT184,0.6207,FASTENERS
MAT006,MAT185,0.7143,FASTENERS
MAT006,MAT186,1.0,FASTENERS
MAT006,MAT201,0.5,FASTENERS
MAT006,MAT202,0.5763,FASTENERS
MAT006,MAT203,0.5614,FASTENERS
MAT006,MAT204,0.6207,FASTENERS
MAT006,MAT205,0.7143,FASTENERS
MAT006,MAT206,1.0,FASTENERS
MAT006,MAT221,0.5,FASTENERS
MAT006,MAT222,0.5763,FASTENERS
MAT006,MAT223,0.5614,FASTENERS
MAT006,MAT224,0.6207,FASTENERS
MAT006,MAT225,0.7143,FASTENERS
MAT006,MAT226,1.0,FASTENERS
MAT006,MAT241,0.5,FASTENERS
MAT006,MAT242,0.5763,FASTENERS
MAT006,MAT243,0.5614,FASTENERS
MAT006,MAT244,0.6207,FASTENERS
MAT006,MAT245,0.7143,FASTENERS
MAT006,MAT246,1.0,FASTENERS
MAT006,MAT261,0.5,FASTENERS
MAT006,MAT262,0.5763,FASTENERS
MAT006,MAT263,0.5614,FASTENERS
MAT006,MAT264,0.6207,FASTENERS
MAT006,MAT265,0.7143,FASTENERS
MAT006,MAT266,1.0,FASTENERS
MAT006,MAT281,0.5,FASTENERS
MAT006,MAT282,0.5763,FASTENERS
MAT006,MAT283,0.5614,FASTENERS
MAT006,MAT284,0.6207,FASTENERS
MAT006,MAT285,0.7143,FASTENERS
MAT006,MAT286,1.0,FASTENERS
MAT007,MAT008,1.0,BEARINGS
MAT007,MAT009,0.75,BEARINGS
MAT007,MAT010,0.75,BEARINGS
MAT007,MAT027,1.0,BEARINGS
MAT007,MAT028,1.0,BEARINGS
MAT007,MAT029,0.75,BEARINGS
MAT007,MAT030,0.75,BEARINGS
MAT007,MAT047,1.0,BEARINGS
MAT007,MAT048,1.0,BEARINGS
MAT007,MAT049,0.75,BEARINGS
MAT007,MAT050,0.75,BEARINGS
MAT007,MAT067,1.0,BEARINGS
MAT007,MAT068,1.0,BEARINGS
MAT007,MAT069,0.75,BEARINGS
MAT007,MAT070,0.75,BEARINGS
MAT007,MAT087,1.0,BEARINGS
MAT007,MAT088,1.0,BEARINGS
MAT007,MAT089,0.75,BEARINGS
MAT007,MAT090,0.75,BEARINGS
MAT007,MAT107,1.0,BEARINGS
MAT007,MAT108,1.0,BEARINGS
MAT007,MAT109,0.75,BEARINGS
MAT007,MAT110,0.75,BEARINGS
MAT007,MAT127,1.0,BEARINGS
MAT007,MAT128,1.0,BEARINGS
MAT007,MAT129,0.75,BEARINGS
MAT007,MAT130,0.75,BEARINGS
MAT007,MAT147,1.0,BEARINGS
MAT007,MAT148,1.0,BEARINGS
MAT007,MAT149,0.75,BEARINGS
MAT007,MAT150,0.75,BEARINGS
MAT007,MAT167,1.0,BEARINGS
MAT007,MAT168,1.0,BEARINGS
MAT007,MAT169,0.75,BEARINGS
MAT007,MAT170,0.75,BEARINGS
MAT007,MAT187,1.0,BEARINGS
MAT007,MAT188,1.0,BEARINGS
MAT007,MAT189,0.75,BEARINGS
MAT007,MAT190,0.75,BEARINGS
MAT007,MAT207,1.0,BEARINGS
MAT007,MAT208,1.0,BEARINGS
MAT007,MAT209,0.75,BEARINGS
MAT007,MAT210,0.75,BEARINGS
MAT007,MAT227,1.0,BEARINGS
MAT007,MAT228,1.0,BEARINGS
MAT007,MAT229,0.75,BEARINGS
MAT007,MAT230,0.75,BEARINGS
MAT007,MAT247,1.0,BEARINGS
MAT007,MAT248,1.0,BEARINGS
MAT007,MAT249,0.75,BEARINGS
MAT007,MAT250,0.75,BEARINGS
MAT007,MAT267,1.0,BEARINGS
MAT007,MAT268,1.0,BEARINGS
MAT007,MAT269,0.75,BEARINGS
MAT007,MAT270,0.75,BEARINGS
MAT007,MAT287,1.0,BEARINGS
MAT007,MAT288,1.0,BEARINGS
MAT007,MAT289,0.75,BEARINGS
MAT007,MAT290,0.75,BEARINGS
MAT008,MAT009,0.6667,BEARINGS
MAT008,MAT010,0.6667,BEARINGS
MAT008,MAT027,1.0,BEARINGS
MAT008,MAT028,1.0,BEARINGS
MAT008,MAT029,0.6667,BEARINGS
MAT008,MAT030,0.6667,BEARINGS
MAT008,MAT047,1.0,BEARINGS
MAT008,MAT048,1.0,BEARINGS
MAT008,MAT049,0.6667,BEARINGS
MAT008,MAT050,0.6667,BEARINGS
MAT008,MAT067,1.0,BEARINGS
MAT008,MAT068,1.0,BEARINGS
MAT008,MAT069,0.6667,BEARINGS
MAT008,MAT070,0.6667,BEARINGS
MAT008,MAT087,1.0,BEARINGS
MAT008,MAT088,1.0,BEARINGS
MAT008,MAT089,0.6667,BEARINGS
MAT008,MAT090,0.6667,BEARINGS
MAT008,MAT107,1.0,BEARINGS
MAT008,MAT108,1.0,BEARINGS
MAT008,MAT109,0.6667,BEARINGS
MAT008,MAT110,0.6667,BEARINGS
MAT008,MAT127,1.0,BEARINGS
MAT008,MAT128,1.0,BEARINGS
MAT008,MAT129,0.6667,BEARINGS
MAT008,MAT130,0.6667,BEARINGS
MAT008,MAT147,1.0,BEARINGS
MAT008,MAT148,1.0,BEARINGS
MAT008,MAT149,0.6667,BEARINGS
MAT008,MAT150,0.6667,BEARINGS
MAT008,MAT167,1.0,BEARINGS
MAT008,MAT168,1.0,BEARINGS
MAT008,MAT169,0.6667,BEARINGS
MAT008,MAT170,0.6667,BEARINGS
MAT008,MAT187,1.0,BEARINGS
MAT008,MAT188,1.0,BEARINGS
MAT008,MAT189,0.6667,BEARINGS
MAT008,MAT190,0.6667,BEARINGS
MAT008,MAT207,1.0,BEARINGS
MAT008,MAT208,1.0,BEARINGS
MAT008,MAT209,0.6667,BEARINGS
MAT008,MAT210,0.6667,BEARINGS
MAT008,MAT227,1.0,BEARINGS
MAT008,MAT228,1.0,BEARINGS
MAT008,MAT229,0.6667,BEARINGS
MAT008,MAT230,0.6667,BEARINGS
MAT008,MAT247,1.0,BEARINGS
MAT008,MAT248,1.0,BEARINGS
MAT008,MAT249,0.6667,BEARINGS
MAT008,MAT250,0.6667,BEARINGS
MAT008,MAT267,1.0,BEARINGS
MAT008,MAT268,1.0,BEARINGS
MAT008,MAT269,0.6667,BEARINGS
MAT008,MAT270,0.6667,BEARINGS
MAT008,MAT287,1.0,BEARINGS
MAT008,MAT288,1.0,BEARINGS
MAT008,MAT289,0.6667,BEARINGS
MAT008,MAT290,0.6667,BEARINGS
MAT009,MAT010,0.68,BEARINGS
MAT009,MAT027,0.75,BEARINGS
MAT009,MAT028,0.6667,BEARINGS
MAT009,MAT029,1.0,BEARINGS
MAT009,MAT030,0.68,BEARINGS
MAT009,MAT047,0.75,BEARINGS
MAT009,MAT048,0.6667,BEARINGS
MAT009,MAT049,1.0,BEARINGS
MAT009,MAT050,0.68,BEARINGS
MAT009,MAT067,0.75,BEARINGS
MAT009,MAT068,0.6667,BEARINGS
MAT009,MAT069,1.0,BEARINGS
MAT009,MAT070,0.68,BEARINGS
MAT009,MAT087,0.75,BEARINGS
MAT009,MAT088,0.6667,BEARINGS
MAT009,MAT089,1.0,BEARINGS
MAT009,MAT090,0.68,BEARINGS
MAT009,MAT107,0.75,BEARINGS
MAT009,MAT108,0.6667,BEARINGS
MAT009,MAT109,1.0,BEARINGS
MAT009,MAT110,0.68,BEARINGS
MAT009,MAT127,0.75,BEARINGS
MAT009,MAT128,0.6667,BEARINGS
MAT009,MAT129,1.0,BEARINGS
MAT009,MAT130,0.68,BEARINGS
MAT009,MAT147,0.75,BEARINGS
MAT009,MAT148,0.6667,BEARINGS
MAT009,MAT149,1.0,BEARINGS
MAT009,MAT150,0.68,BEARINGS
MAT009,MAT167,0.75,BEARINGS
MAT009,MAT168,0.6667,BEARINGS
MAT009,MAT169,1.0,BEARINGS
MAT009,MAT170,0.68,BEARINGS
MAT009,MAT187,0.75,BEARINGS
MAT009,MAT188,0.6667,BEARINGS
MAT009,MAT189,1.0,BEARINGS
MAT009,MAT190,0.68,BEARINGS
MAT009,MAT207,0.75,BEARINGS
MAT009,MAT208,0.6667,BEARINGS
MAT009,MAT209,1.0,BEARINGS
MAT009,MAT210,0.68,BEARINGS
MAT009,MAT227,0.75,BEARINGS
MAT009,MAT228,0.6667,BEARINGS
MAT009,MAT229,1.0,BEARINGS
MAT009,MAT230,0.68,BEARINGS
MAT009,MAT247,0.75,BEARINGS
MAT009,MAT248,0.6667,BEARINGS
MAT009,MAT249,1.0,BEARINGS
MAT009,MAT250,0.68,BEARINGS
MAT009,MAT267,0.75,BEARINGS
MAT009,MAT268,0.6667,BEARINGS
MAT009,MAT269,1.0,BEARINGS
MAT009,MAT270,0.68,BEARINGS
MAT009,MAT287,0.75,BEARINGS
MAT009,MAT288,0.6667,BEARINGS
MAT009,MAT289,1.0,BEARINGS
MAT009,MAT290,0.68,BEARINGS
MAT010,MAT027,0.75,BEARINGS
MAT010,MAT028,0.6667,BEARINGS
MAT010,MAT029,0.68,BEARINGS
MAT010,MAT030,1.0,BEARINGS
MAT010,MAT047,0.75,BEARINGS
MAT010,MAT048,0.6667,BEARINGS
MAT010,MAT049,0.68,BEARINGS
MAT010,MAT050,1.0,BEARINGS
MAT010,MAT067,0.75,BEARINGS
MAT010,MAT068,0.6667,BEARINGS
MAT010,MAT069,0.68,BEARINGS
MAT010,MAT070,1.0,BEARINGS
MAT010,MAT087,0.75,BEARINGS
MAT010,MAT088,0.6667,BEARINGS
MAT010,MAT089,0.68,BEARINGS
MAT010,MAT090,1.0,BEARINGS
MAT010,MAT107,0.75,BEARINGS
MAT010,MAT108,0.6667,BEARINGS
MAT010,MAT109,0.68,BEARINGS
MAT010,MAT110,1.0,BEARINGS
MAT010,MAT127,0.75,BEARINGS
MAT010,MAT128,0.6667,BEARINGS
MAT010,MAT129,0.68,BEARINGS
MAT010,MAT130,1.0,BEARINGS
MAT010,MAT147,0.75,BEARINGS
MAT010,MAT148,0.6667,BEARINGS
MAT010,MAT149,0.68,BEARINGS
MAT010,MAT150,1.0,BEARINGS
MAT010,MAT167,0.75,BEARINGS
MAT010,MAT168,0.6667,BEARINGS
MAT010,MAT169,0.68,BEARINGS
MAT010,MAT170,1.0,BEARINGS
MAT010,MAT187,0.75,BEARINGS
MAT010,MAT188,0.6667,BEARINGS
MAT010,MAT189,0.68,BEARINGS
MAT010,MAT190,1.0,BEARINGS
MAT010,MAT207,0.75,BEARINGS
MAT010,MAT208,0.6667,BEARINGS
MAT010,MAT209,0.68,BEARINGS
MAT010,MAT210,1.0,BEARINGS
MAT010,MAT227,0.75,BEARINGS
MAT010,MAT228,0.6667,BEARINGS
MAT010,MAT229,0.68,BEARINGS
MAT010,MAT230,1.0,BEARINGS
MAT010,MAT247,0.75,BEARINGS
MAT010,MAT248,0.6667,BEARINGS
MAT010,MAT249,0.68,BEARINGS
MAT010,MAT250,1.0,BEARINGS
MAT010,MAT267,0.75,BEARINGS
MAT010,MAT268,0.6667,BEARINGS
MAT010,MAT269,0.68,BEARINGS
MAT010,MAT270,1.0,BEARINGS
MAT010,MAT287,0.75,BEARINGS
MAT010,MAT288,0.6667,BEARINGS
MAT010,MAT289,0.68,BEARINGS
MAT010,MAT290,1.0,BEARINGS
MAT011,MAT012,0.6038,LUBRICANTS
MAT011,MAT014,0.8,LUBRICANTS
MAT011,MAT031,1.0,LUBRICANTS
MAT011,MAT032,0.6038,LUBRICANTS
MAT011,MAT034,0.8,LUBRICANTS
MAT011,MAT051,1.0,LUBRICANTS
MAT011,MAT052,0.6038,LUBRICANTS
MAT011,MAT054,0.8,LUBRICANTS
MAT011,MAT071,1.0,LUBRICANTS
MAT011,MAT072,0.6038,LUBRICANTS
MAT011,MAT074,0.8,LUBRICANTS
MAT011,MAT091,1.0,LUBRICANTS
MAT011,MAT092,0.6038,LUBRICANTS
MAT011,MAT094,0.8,LUBRICANTS
MAT011,MAT111,1.0,LUBRICANTS
MAT011,MAT112,0.6038,LUBRICANTS
MAT011,MAT114,0.8,LUBRICANTS
MAT011,MAT131,1.0,LUBRICANTS
MAT011,MAT132,0.6038,LUBRICANTS
MAT011,MAT134,0.8,LUBRICANTS
MAT011,MAT151,1.0,LUBRICANTS
MAT011,MAT152,0.6038,LUBRICANTS
MAT011,MAT154,0.8,LUBRICANTS
MAT011,MAT171,1.0,LUBRICANTS
MAT011,MAT172,0.6038,LUBRICANTS
MAT011,MAT174,0.8,LUBRICANTS
MAT011,MAT191,1.0,LUBRICANTS
MAT011,MAT192,0.6038,LUBRICANTS
MAT011,MAT194,0.8,LUBRICANTS
MAT011,MAT211,1.0,LUBRICANTS
MAT011,MAT212,0.6038,LUBRICANTS
MAT011,MAT214,0.8,LUBRICANTS
MAT011,MAT231,1.0,LUBRICANTS
MAT011,MAT232,0.6038,LUBRICANTS
MAT011,MAT234,0.8,LUBRICANTS
MAT011,MAT251,1.0,LUBRICANTS
MAT011,MAT252,0.6038,LUBRICANTS
MAT011,MAT254,0.8,LUBRICANTS
MAT011,MAT271,1.0,LUBRICANTS
MAT011,MAT272,0.6038,LUBRICANTS
MAT011,MAT274,0.8,LUBRICANTS
MAT011,MAT291,1.0,LUBRICANTS
MAT011,MAT292,0.6038,LUBRICANTS
MAT011,MAT294,0.8,LUBRICANTS
MAT012,MAT031,0.6038,LUBRICANTS
MAT012,MAT032,1.0,LUBRICANTS
MAT012,MAT051,0.6038,LUBRICANTS
MAT012,MAT052,1.0,LUBRICANTS
MAT012,MAT071,0.6038,LUBRICANTS
MAT012,MAT072,1.0,LUBRICANTS
MAT012,MAT091,0.6038,LUBRICANTS
MAT012,MAT092,1.0,LUBRICANTS
MAT012,MAT111,0.6038,LUBRICANTS
MAT012,MAT112,1.0,LUBRICANTS
MAT012,MAT131,0.6038,LUBRICANTS
MAT012,MAT132,1.0,LUBRICANTS
MAT012,MAT151,0.6038,LUBRICANTS
MAT012,MAT152,1.0,LUBRICANTS
MAT012,MAT171,0.6038,LUBRICANTS
MAT012,MAT172,1.0,LUBRICANTS
MAT012,MAT191,0.6038,LUBRICANTS
MAT012,MAT192,1.0,LUBRICANTS
MAT012,MAT211,0.6038,LUBRICANTS
MAT012,MAT212,1.0,LUBRICANTS
MAT012,MAT231,0.6038,LUBRICANTS
MAT012,MAT232,1.0,LUBRICANTS
MAT012,MAT251,0.6038,LUBRICANTS
MAT012,MAT252,1.0,LUBRICANTS
MAT012,MAT271,0.6038,LUBRICANTS
MAT012,MAT272,1.0,LUBRICANTS
MAT012,MAT291,0.6038,LUBRICANTS
MAT012,MAT292,1.0,LUBRICANTS
MAT013,MAT014,0.8462,LUBRICANTS
MAT013,MAT033,1.0,LUBRICANTS
MAT013,MAT034,0.8462,LUBRICANTS
MAT013,MAT053,1.0,LUBRICANTS
MAT013,MAT054,0.8462,LUBRICANTS
MAT013,MAT073,1.0,LUBRICANTS
MAT013,MAT074,0.8462,LUBRICANTS
MAT013,MAT093,1.0,LUBRICANTS
MAT013,MAT094,0.8462,LUBRICANTS
MAT013,MAT113,1.0,LUBRICANTS
MAT013,MAT114,0.8462,LUBRICANTS
MAT013,MAT133,1.0,LUBRICANTS
MAT013,MAT134,0.8462,LUBRICANTS
MAT013,MAT153,1.0,LUBRICANTS
MAT013,MAT154,0.8462,LUBRICANTS
MAT013,MAT173,1.0,LUBRICANTS
MAT013,MAT174,0.8462,LUBRICANTS
MAT013,MAT193,1.0,LUBRICANTS
MAT013,MAT194,0.8462,LUBRICANTS
MAT013,MAT213,1.0,LUBRICANTS
MAT013,MAT214,0.8462,LUBRICANTS
MAT013,MAT233,1.0,LUBRICANTS
MAT013,MAT234,0.8462,LUBRICANTS
MAT013,MAT253,1.0,LUBRICANTS
MAT013,MAT254,0.8462,LUBRICANTS
MAT013,MAT273,1.0,LUBRICANTS
MAT013,MAT274,0.8462,LUBRICANTS
MAT013,MAT293,1.0,LUBRICANTS
MAT013,MAT294,0.8462,LUBRICANTS
MAT014,MAT031,0.8,LUBRICANTS
MAT014,MAT033,0.8462,LUBRICANTS
MAT014,MAT034,1.0,LUBRICANTS
MAT014,MAT051,0.8,LUBRICANTS
MAT014,MAT053,0.8462,LUBRICANTS
MAT014,MAT054,1.0,LUBRICANTS
MAT014,MAT071,0.8,LUBRICANTS
MAT014,MAT073,0.8462,LUBRICANTS
MAT014,MAT074,1.0,LUBRICANTS
MAT014,MAT091,0.8,LUBRICANTS
MAT014,MAT093,0.8462,LUBRICANTS
MAT014,MAT094,1.0,LUBRICANTS
MAT014,MAT111,0.8,LUBRICANTS
MAT014,MAT113,0.8462,LUBRICANTS
MAT014,MAT114,1.0,LUBRICANTS
MAT014,MAT131,0.8,LUBRICANTS
MAT014,MAT133,0.8462,LUBRICANTS
MAT014,MAT134,1.0,LUBRICANTS
MAT014,MAT151,0.8,LUBRICANTS
MAT014,MAT153,0.8462,LUBRICANTS
MAT014,MAT154,1.0,LUBRICANTS
MAT014,MAT171,0.8,LUBRICANTS
MAT014,MAT173,0.8462,LUBRICANTS
MAT014,MAT174,1.0,LUBRICANTS
MAT014,MAT191,0.8,LUBRICANTS
MAT014,MAT193,0.8462,LUBRICANTS
MAT014,MAT194,1.0,LUBRICANTS
MAT014,MAT211,0.8,LUBRICANTS
MAT014,MAT213,0.8462,LUBRICANTS
MAT014,MAT214,1.0,LUBRICANTS
MAT014,MAT231,0.8,LUBRICANTS
MAT014,MAT233,0.8462,LUBRICANTS
MAT014,MAT234,1.0,LUBRICANTS
MAT014,MAT251,0.8,LUBRICANTS
MAT014,MAT253,0.8462,LUBRICANTS
MAT014,MAT254,1.0,LUBRICANTS
MAT014,MAT271,0.8,LUBRICANTS
MAT014,MAT273,0.8462,LUBRICANTS
MAT014,MAT274,1.0,LUBRICANTS
MAT014,MAT291,0.8,LUBRICANTS
MAT014,MAT293,0.8462,LUBRICANTS
MAT014,MAT294,1.0,LUBRICANTS
MAT015,MAT016,0.902,CABLES
MAT015,MAT017,0.4923,CABLES
MAT015,MAT018,0.5283,CABLES
MAT015,MAT035,1.0,CABLES
MAT015,MAT036,0.902,CABLES
MAT015,MAT037,0.4923,CABLES
MAT015,MAT038,0.5283,CABLES
MAT015,MAT055,1.0,CABLES
MAT015,MAT056,0.902,CABLES
MAT015,MAT057,0.4923,CABLES
MAT015,MAT058,0.5283,CABLES
MAT015,MAT075,1.0,CABLES
MAT015,MAT076,0.902,CABLES
MAT015,MAT077,0.4923,CABLES
MAT015,MAT078,0.5283,CABLES
MAT015,MAT095,1.0,CABLES
MAT015,MAT096,0.902,CABLES
MAT015,MAT097,0.4923,CABLES
MAT015,MAT098,0.5283,CABLES
MAT015,MAT115,1.0,CABLES
MAT015,MAT116,0.902,CABLES
MAT015,MAT117,0.4923,CABLES
MAT015,MAT118,0.5283,CABLES
MAT015,MAT135,1.0,CABLES
MAT015,MAT136,0.902,CABLES
MAT015,MAT137,0.4923,CABLES
MAT015,MAT138,0.5283,CABLES
MAT015,MAT155,1.0,CABLES
MAT015,MAT156,0.902,CABLES
MAT015,MAT157,0.4923,CABLES
MAT015,MAT158,0.5283,CABLES
MAT015,MAT175,1.0,CABLES
MAT015,MAT176,0.902,CABLES
MAT015,MAT177,0.4923,CABLES
MAT015,MAT178,0.5283,CABLES
MAT015,MAT195,1.0,CABLES
MAT015,MAT196,0.902,CABLES
MAT015,MAT197,0.4923,CABLES
MAT015,MAT198,0.5283,CABLES
MAT015,MAT215,1.0,CABLES
MAT015,MAT216,0.902,CABLES
MAT015,MAT217,0.4923,CABLES
MAT015,MAT218,0.5283,CABLES
MAT015,MAT235,1.0,CABLES
MAT015,MAT236,0.902,CABLES
MAT015,MAT237,0.4923,CABLES
MAT015,MAT238,0.5283,CABLES
MAT015,MAT255,1.0,CABLES
MAT015,MAT256,0.902,CABLES
MAT015,MAT257,0.4923,CABLES
MAT015,MAT258,0.5283,CABLES
MAT015,MAT275,1.0,CABLES
MAT015,MAT276,0.902,CABLES
MAT015,MAT277,0.4923,CABLES
MAT015,MAT278,0.5283,CABLES
MAT015,MAT295,1.0,CABLES
MAT015,MAT296,0.902,CABLES
MAT015,MAT297,0.4923,CABLES
MAT015,MAT298,0.5283,CABLES
MAT016,MAT017,0.4857,CABLES
MAT016,MAT018,0.5172,CABLES
MAT016,MAT035,0.902,CABLES
MAT016,MAT036,1.0,CABLES
MAT016,MAT037,0.4857,CABLES
MAT016,MAT038,0.5172,CABLES
MAT016,MAT055,0.902,CABLES
MAT016,MAT056,1.0,CABLES
MAT016,MAT057,0.4857,CABLES
MAT016,MAT058,0.5172,CABLES
MAT016,MAT075,0.902,CABLES
MAT016,MAT076,1.0,CABLES
MAT016,MAT077,0.4857,CABLES
MAT016,MAT078,0.5172,CABLES
MAT016,MAT095,0.902,CABLES
MAT016,MAT096,1.0,CABLES
MAT016,MAT097,0.4857,CABLES
MAT016,MAT098,0.5172,CABLES
MAT016,MAT115,0.902,CABLES
MAT016,MAT116,1.0,CABLES
MAT016,MAT117,0.4857,CABLES
MAT016,MAT118,0.5172,CABLES
MAT016,MAT135,0.902,CABLES
MAT016,MAT136,1.0,CABLES
MAT016,MAT137,0.4857,CABLES
MAT016,MAT138,0.5172,CABLES
MAT016,MAT155,0.902,CABLES
MAT016,MAT156,1.0,CABLES
MAT016,MAT157,0.4857,CABLES
MAT016,MAT158,0.5172,CABLES
MAT016,MAT175,0.902,CABLES
MAT016,MAT176,1.0,CABLES
MAT016,MAT177,0.4857,CABLES
MAT016,MAT178,0.5172,CABLES
MAT016,MAT195,0.902,CABLES
MAT016,MAT196,1.0,CABLES
MAT016,MAT197,0.4857,CABLES
MAT016,MAT198,0.5172,CABLES
MAT016,MAT215,0.902,CABLES
MAT016,MAT216,1.0,CABLES
MAT016,MAT217,0.4857,CABLES
MAT016,MAT218,0.5172,CABLES
MAT016,MAT235,0.902,CABLES
MAT016,MAT236,1.0,CABLES
MAT016,MAT237,0.4857,CABLES
MAT016,MAT238,0.5172,CABLES
MAT016,MAT255,0.902,CABLES
MAT016,MAT256,1.0,CABLES
MAT016,MAT257,0.4857,CABLES
MAT016,MAT258,0.5172,CABLES
MAT016,MAT275,0.902,CABLES
MAT016,MAT276,1.0,CABLES
MAT016,MAT277,0.4857,CABLES
MAT016,MAT278,0.5172,CABLES
MAT016,MAT295,0.902,CABLES
MAT016,MAT296,1.0,CABLES
MAT016,MAT297,0.4857,CABLES
MAT016,MAT298,0.5172,CABLES
MAT017,MAT018,0.913,CABLES
MAT017,MAT035,0.4923,CABLES
MAT017,MAT036,0.4857,CABLES
MAT017,MAT037,1.0,CABLES
MAT017,MAT038,0.913,CABLES
MAT017,MAT055,0.4923,CABLES
MAT017,MAT056,0.4857,CABLES
MAT017,MAT057,1.0,CABLES
MAT017,MAT058,0.913,CABLES
MAT017,MAT075,0.4923,CABLES
MAT017,MAT076,0.4857,CABLES
MAT017,MAT077,1.0,CABLES
MAT017,MAT078,0.913,CABLES
MAT017,MAT095,0.4923,CABLES
MAT017,MAT096,0.4857,CABLES
MAT017,MAT097,1.0,CABLES
MAT017,MAT098,0.913,CABLES
MAT017,MAT115,0.4923,CABLES
MAT017,MAT116,0.4857,CABLES
MAT017,MAT117,1.0,CABLES
MAT017,MAT118,0.913,CABLES
MAT017,MAT135,0.4923,CABLES
MAT017,MAT136,0.4857,CABLES
MAT017,MAT137,1.0,CABLES
MAT017,MAT138,0.913,CABLES
MAT017,MAT155,0.4923,CABLES
MAT017,MAT156,0.4857,CABLES
MAT017,MAT157,1.0,CABLES
MAT017,MAT158,0.913,CABLES
MAT017,MAT175,0.4923,CABLES
MAT017,MAT176,0.4857,CABLES
MAT017,MAT177,1.0,CABLES
MAT017,MAT178,0.913,CABLES
MAT017,MAT195,0.4923,CABLES
MAT017,MAT196,0.4857,CABLES
MAT017,MAT197,1.0,CABLES
MAT017,MAT198,0.913,CABLES
MAT017,MAT215,0.4923,CABLES
MAT017,MAT216,0.4857,CABLES
MAT017,MAT217,1.0,CABLES
MAT017,MAT218,0.913,CABLES
MAT017,MAT235,0.4923,CABLES
MAT017,MAT236,0.4857,CABLES
MAT017,MAT237,1.0,CABLES
MAT017,MAT238,0.913,CABLES
MAT017,MAT255,0.4923,CABLES
MAT017,MAT256,0.4857,CABLES
MAT017,MAT257,1.0,CABLES
MAT017,MAT258,0.913,CABLES
MAT017,MAT275,0.4923,CABLES
MAT017,MAT276,0.4857,CABLES
MAT017,MAT277,1.0,CABLES
MAT017,MAT278,0.913,CABLES
MAT017,MAT295,0.4923,CABLES
MAT017,MAT296,0.4857,CABLES
MAT017,MAT297,1.0,CABLES
MAT017,MAT298,0.913,CABLES
MAT018,MAT035,0.5283,CABLES
MAT018,MAT036,0.5172,CABLES
MAT018,MAT037,0.913,CABLES
MAT018,MAT038,1.0,CABLES
MAT018,MAT055,0.5283,CABLES
MAT018,MAT056,0.5172,CABLES
MAT018,MAT057,0.913,CABLES
MAT018,MAT058,1.0,CABLES
MAT018,MAT075,0.5283,CABLES
MAT018,MAT076,0.5172,CABLES
MAT018,MAT077,0.913,CABLES
MAT018,MAT078,1.0,CABLES
MAT018,MAT095,0.5283,CABLES
MAT018,MAT096,0.5172,CABLES
MAT018,MAT097,0.913,CABLES
MAT018,MAT098,1.0,CABLES
MAT018,MAT115,0.5283,CABLES
MAT018,MAT116,0.5172,CABLES
MAT018,MAT117,0.913,CABLES
MAT018,MAT118,1.0,CABLES
MAT018,MAT135,0.5283,CABLES
MAT018,MAT136,0.5172,CABLES
MAT018,MAT137,0.913,CABLES
MAT018,MAT138,1.0,CABLES
MAT018,MAT155,0.5283,CABLES
MAT018,MAT156,0.5172,CABLES
MAT018,MAT157,0.913,CABLES
MAT018,MAT158,1.0,CABLES
MAT018,MAT175,0.5283,CABLES
MAT018,MAT176,0.5172,CABLES
MAT018,MAT177,0.913,CABLES
MAT018,MAT178,1.0,CABLES
MAT018,MAT195,0.5283,CABLES
MAT018,MAT196,0.5172,CABLES
MAT018,MAT197,0.913,CABLES
MAT018,MAT198,1.0,CABLES
MAT018,MAT215,0.5283,CABLES
MAT018,MAT216,0.5172,CABLES
MAT018,MAT217,0.913,CABLES
MAT018,MAT218,1.0,CABLES
MAT018,MAT235,0.5283,CABLES
MAT018,MAT236,0.5172,CABLES
MAT018,MAT237,0.913,CABLES
MAT018,MAT238,1.0,CABLES
MAT018,MAT255,0.5283,CABLES
MAT018,MAT256,0.5172,CABLES
MAT018,MAT257,0.913,CABLES
MAT018,MAT258,1.0,CABLES
MAT018,MAT275,0.5283,CABLES
MAT018,MAT276,0.5172,CABLES
MAT018,MAT277,0.913,CABLES
MAT018,MAT278,1.0,CABLES
MAT018,MAT295,0.5283,CABLES
MAT018,MAT296,0.5172,CABLES
MAT018,MAT297,0.913,CABLES
MAT018,MAT298,1.0,CABLES
MAT019,MAT020,0.8571,SAFETY
MAT019,MAT039,1.0,SAFETY
MAT019,MAT040,0.8571,SAFETY
MAT019,MAT059,1.0,SAFETY
MAT019,MAT060,0.8571,SAFETY
MAT019,MAT079,1.0,SAFETY
MAT019,MAT080,0.8571,SAFETY
MAT019,MAT099,1.0,SAFETY
MAT019,MAT100,0.8571,SAFETY
MAT019,MAT119,1.0,SAFETY
MAT019,MAT120,0.8571,SAFETY
MAT019,MAT139,1.0,SAFETY
MAT019,MAT140,0.8571,SAFETY
MAT019,MAT159,1.0,SAFETY
MAT019,MAT160,0.8571,SAFETY
MAT019,MAT179,1.0,SAFETY
MAT019,MAT180,0.8571,SAFETY
MAT019,MAT199,1.0,SAFETY
MAT019,MAT200,0.8571,SAFETY
MAT019,MAT219,1.0,SAFETY
MAT019,MAT220,0.8571,SAFETY
MAT019,MAT239,1.0,SAFETY
MAT019,MAT240,0.8571,SAFETY
MAT019,MAT259,1.0,SAFETY
MAT019,MAT260,0.8571,SAFETY
MAT019,MAT279,1.0,SAFETY
MAT019,MAT280,0.8571,SAFETY
MAT019,MAT299,1.0,SAFETY
MAT019,MAT300,0.8571,SAFETY
MAT020,MAT039,0.8571,SAFETY
MAT020,MAT040,1.0,SAFETY
MAT020,MAT059,0.8571,SAFETY
MAT020,MAT060,1.0,SAFETY
MAT020,MAT079,0.8571,SAFETY
MAT020,MAT080,1.0,SAFETY
MAT020,MAT099,0.8571,SAFETY
MAT020,MAT100,1.0,SAFETY
MAT020,MAT119,0.8571,SAFETY
MAT020,MAT120,1.0,SAFETY
MAT020,MAT139,0.8571,SAFETY
MAT020,MAT140,1.0,SAFETY
MAT020,MAT159,0.8571,SAFETY
MAT020,MAT160,1.0,SAFETY
MAT020,MAT179,0.8571,SAFETY
MAT020,MAT180,1.0,SAFETY
MAT020,MAT199,0.8571,SAFETY
MAT020,MAT200,1.0,SAFETY
MAT020,MAT219,0.8571,SAFETY
MAT020,MAT220,1.0,SAFETY
MAT020,MAT239,0.8571,SAFETY
MAT020,MAT240,1.0,SAFETY
MAT020,MAT259,0.8571,SAFETY
MAT020,MAT260,1.0,SAFETY
MAT020,MAT279,0.8571,SAFETY
MAT020,MAT280,1.0,SAFETY
MAT020,MAT299,0.8571,SAFETY
MAT020,MAT300,1.0,SAFETY
MAT021,MAT022,0.7042,FASTENERS
MAT021,MAT023,0.9286,FASTENERS
MAT021,MAT024,0.7879,FASTENERS
MAT021,MAT026,0.5,FASTENERS
MAT021,MAT041,1.0,FASTENERS
MAT021,MAT042,0.7042,FASTENERS
MAT021,MAT043,0.9286,FASTENERS
MAT021,MAT044,0.7879,FASTENERS
MAT021,MAT046,0.5,FASTENERS
MAT021,MAT061,1.0,FASTENERS
MAT021,MAT062,0.7042,FASTENERS
MAT021,MAT063,0.9286,FASTENERS
MAT021,MAT064,0.7879,FASTENERS
MAT021,MAT066,0.5,FASTENERS
MAT021,MAT081,1.0,FASTENERS
MAT021,MAT082,0.7042,FASTENERS
MAT021,MAT083,0.9286,FASTENERS
MAT021,MAT084,0.7879,FASTENERS
MAT021,MAT086,0.5,FASTENERS
MAT021,MAT101,1.0,FASTENERS
MAT021,MAT102,0.7042,FASTENERS
MAT021,MAT103,0.9286,FASTENERS
MAT021,MAT104,0.7879,FASTENERS
MAT021,MAT106,0.5,FASTENERS
MAT021,MAT121,1.0,FASTENERS
MAT021,MAT122,0.7042,FASTENERS
MAT021,MAT123,0.9286,FASTENERS
MAT021,MAT124,0.7879,FASTENERS
MAT021,MAT126,0.5,FASTENERS
MAT021,MAT141,1.0,FASTENERS
MAT021,MAT142,0.7042,FASTENERS
MAT021,MAT143,0.9286,FASTENERS
MAT021,MAT144,0.7879,FASTENERS
MAT021,MAT146,0.5,FASTENERS
MAT021,MAT161,1.0,FASTENERS
MAT021,MAT162,0.7042,FASTENERS
MAT021,MAT163,0.9286,FASTENERS
MAT021,MAT164,0.7879,FASTENERS
MAT021,MAT166,0.5,FASTENERS
MAT021,MAT181,1.0,FASTENERS
MAT021,MAT182,0.7042,FASTENERS
MAT021,MAT183,0.9286,FASTENERS
MAT021,MAT184,0.7879,FASTENERS
MAT021,MAT186,0.5,FASTENERS
MAT021,MAT201,1.0,FASTENERS
MAT021,MAT202,0.7042,FASTENERS
MAT021,MAT203,0.9286,FASTENERS
MAT021,MAT204,0.7879,FASTENERS
MAT021,MAT206,0.5,FASTENERS
MAT021,MAT221,1.0,FASTENERS
MAT021,MAT222,0.7042,FASTENERS
MAT021,MAT223,0.9286,FASTENERS
MAT021,MAT224,0.7879,FASTENERS
MAT021,MAT226,0.5,FASTENERS
MAT021,MAT241,1.0,FASTENERS
MAT021,MAT242,0.7042,FASTENERS
MAT021,MAT243,0.9286,FASTENERS
MAT021,MAT244,0.7879,FASTENERS
MAT021,MAT246,0.5,FASTENERS
MAT021,MAT261,1.0,FASTENERS
MAT021,MAT262,0.7042,FASTENERS
MAT021,MAT263,0.9286,FASTENERS
MAT021,MAT264,0.7879,FASTENERS
MAT021,MAT266,0.5,FASTENERS
MAT021,MAT281,1.0,FASTENERS
MAT021,MAT282,0.7042,FASTENERS
MAT021,MAT283,0.9286,FASTENERS
MAT021,MAT284,0.7879,FASTENERS
MAT021,MAT286,0.5,FASTENERS
MAT022,MAT023,0.5484,FASTENERS
MAT022,MAT024,0.75,FASTENERS
MAT022,MAT026,0.5763,FASTENERS
MAT022,MAT041,0.7042,FASTENERS
MAT022,MAT042,1.0,FASTENERS
MAT022,MAT043,0.5484,FASTENERS
MAT022,MAT044,0.75,FASTENERS
MAT022,MAT046,0.5763,FASTENERS
MAT022,MAT061,0.7042,FASTENERS
MAT022,MAT062,1.0,FASTENERS
MAT022,MAT063,0.5484,FASTENERS
MAT022,MAT064,0.75,FASTENERS
MAT022,MAT066,0.5763,FASTENERS
MAT022,MAT081,0.7042,FASTENERS
MAT022,MAT082,1.0,FASTENERS
MAT022,MAT083,0.5484,FASTENERS
MAT022,MAT084,0.75,FASTENERS
MAT022,MAT086,0.5763,FASTENERS
MAT022,MAT101,0.7042,FASTENERS
MAT022,MAT102,1.0,FASTENERS
MAT022,MAT103,0.5484,FASTENERS
MAT022,MAT104,0.75,FASTENERS
MAT022,MAT106,0.5763,FASTENERS
MAT022,MAT121,0.7042,FASTENERS
MAT022,MAT122,1.0,FASTENERS
MAT022,MAT123,0.5484,FASTENERS
MAT022,MAT124,0.75,FASTENERS
MAT022,MAT126,0.5763,FASTENERS
MAT022,MAT141,0.7042,FASTENERS
MAT022,MAT142,1.0,FASTENERS
MAT022,MAT143,0.5484,FASTENERS
MAT022,MAT144,0.75,FASTENERS
MAT022,MAT146,0.5763,FASTENERS
MAT022,MAT161,0.7042,FASTENERS
MAT022,MAT162,1.0,FASTENERS
MAT022,MAT163,0.5484,FASTENERS
MAT022,MAT164,0.75,FASTENERS
MAT022,MAT166,0.5763,FASTENERS
MAT022,MAT181,0.7042,FASTENERS
MAT022,MAT182,1.0,FASTENERS
MAT022,MAT183,0.5484,FASTENERS
MAT022,MAT184,0.75,FASTENERS
MAT022,MAT186,0.5763,FASTENERS
MAT022,MAT201,0.7042,FASTENERS
MAT022,MAT202,1.0,FASTENERS
MAT022,MAT203,0.5484,FASTENERS
MAT022,MAT204,0.75,FASTENERS
MAT022,MAT206,0.5763,FASTENERS
MAT022,MAT221,0.7042,FASTENERS
MAT022,MAT222,1.0,FASTENERS
MAT022,MAT223,0.5484,FASTENERS
MAT022,MAT224,0.75,FASTENERS
MAT022,MAT226,0.5763,FASTENERS
MAT022,MAT241,0.7042,FASTENERS
MAT022,MAT242,1.0,FASTENERS
MAT022,MAT243,0.5484,FASTENERS
MAT022,MAT244,0.75,FASTENERS
MAT022,MAT246,0.5763,FASTENERS
MAT022,MAT261,0.7042,FASTENERS
MAT022,MAT262,1.0,FASTENERS
MAT022,MAT263,0.5484,FASTENERS
MAT022,MAT264,0.75,FASTENERS
MAT022,MAT266,0.5763,FASTENERS
MAT022,MAT281,0.7042,FASTENERS
MAT022,MAT282,1.0,FASTENERS
MAT022,MAT283,0.5484,FASTENERS
MAT022,MAT284,0.75,FASTENERS
MAT022,MAT286,0.5763,FASTENERS
MAT023,MAT024,0.9189,FASTENERS
MAT023,MAT026,0.5614,FASTENERS
MAT023,MAT041,0.9286,FASTENERS
MAT023,MAT042,0.5484,FASTENERS
MAT023,MAT043,1.0,FASTENERS
MAT023,MAT044,0.9189,FASTENERS
MAT023,MAT046,0.5614,FASTENERS
MAT023,MAT061,0.9286,FASTENERS
MAT023,MAT062,0.5484,FASTENERS
MAT023,MAT063,1.0,FASTENERS
MAT023,MAT064,0.9189,FASTENERS
MAT023,MAT066,0.5614,FASTENERS
MAT023,MAT081,0.9286,FASTENERS
MAT023,MAT082,0.5484,FASTENERS
MAT023,MAT083,1.0,FASTENERS
MAT023,MAT084,0.9189,FASTENERS
MAT023,MAT086,0.5614,FASTENERS
MAT023,MAT101,0.9286,FASTENERS
MAT023,MAT102,0.5484,FASTENERS
MAT023,MAT103,1.0,FASTENERS
MAT023,MAT104,0.9189,FASTENERS
MAT023,MAT106,0.5614,FASTENERS
MAT023,MAT121,0.9286,FASTENERS
MAT023,MAT122,0.5484,FASTENERS
MAT023,MAT123,1.0,FASTENERS
MAT023,MAT124,0.9189,FASTENERS
MAT023,MAT126,0.5614,FASTENERS
MAT023,MAT141,0.9286,FASTENERS
MAT023,MAT142,0.5484,FASTENERS
MAT023,MAT143,1.0,FASTENERS
MAT023,MAT144,0.9189,FASTENERS
MAT023,MAT146,0.5614,FASTENERS
MAT023,MAT161,0.9286,FASTENERS
MAT023,MAT162,0.5484,FASTENERS
MAT023,MAT163,1.0,FASTENERS
MAT023,MAT164,0.9189,FASTENERS
MAT023,MAT166,0.5614,FASTENERS
MAT023,MAT181,0.9286,FASTENERS
MAT023,MAT182,0.5484,FASTENERS
MAT023,MAT183,1.0,FASTENERS
MAT023,MAT184,0.9189,FASTENERS
MAT023,MAT186,0.5614,FASTENERS
MAT023,MAT201,0.9286,FASTENERS
MAT023,MAT202,0.5484,FASTENERS
MAT023,MAT203,1.0,FASTENERS
MAT023,MAT204,0.9189,FASTENERS
MAT023,MAT206,0.5614,FASTENERS
MAT023,MAT221,0.9286,FASTENERS
MAT023,MAT222,0.5484,FASTENERS
MAT023,MAT223,1.0,FASTENERS
MAT023,MAT224,0.9189,FASTENERS
MAT023,MAT226,0.5614,FASTENERS
MAT023,MAT241,0.9286,FASTENERS
MAT023,MAT242,0.5484,FASTENERS
MAT023,MAT243,1.0,FASTENERS
MAT023,MAT244,0.9189,FASTENERS
MAT023,MAT246,0.5614,FASTENERS
MAT023,MAT261,0.9286,FASTENERS
MAT023,MAT262,0.5484,FASTENERS
MAT023,MAT263,1.0,FASTENERS
MAT023,MAT264,0.9189,FASTENERS
MAT023,MAT266,0.5614,FASTENERS
MAT023,MAT281,0.9286,FASTENERS
MAT023,MAT282,0.5484,FASTENERS
MAT023,MAT283,1.0,FASTENERS
MAT023,MAT284,0.9189,FASTENERS
MAT023,MAT286,0.5614,FASTENERS
MAT024,MAT025,0.4737,FASTENERS
MAT024,MAT026,0.6207,FASTENERS
MAT024,MAT041,0.7879,FASTENERS
MAT024,MAT042,0.75,FASTENERS
MAT024,MAT043,0.9189,FASTENERS
MAT024,MAT044,1.0,FASTENERS
MAT024,MAT045,0.4737,FASTENERS
MAT024,MAT046,0.6207,FASTENERS
MAT024,MAT061,0.7879,FASTENERS
MAT024,MAT062,0.75,FASTENERS
MAT024,MAT063,0.9189,FASTENERS
MAT024,MAT064,1.0,FASTENERS
MAT024,MAT065,0.4737,FASTENERS
MAT024,MAT066,0.6207,FASTENERS
MAT024,MAT081,0.7879,FASTENERS
MAT024,MAT082,0.75,FASTENERS
MAT024,MAT083,0.9189,FASTENERS
MAT024,MAT084,1.0,FASTENERS
MAT024,MAT085,0.4737,FASTENERS
MAT024,MAT086,0.6207,FASTENERS
MAT024,MAT101,0.7879,FASTENERS
MAT024,MAT102,0.75,FASTENERS
MAT024,MAT103,0.9189,FASTENERS
MAT024,MAT104,1.0,FASTENERS
MAT024,MAT105,0.4737,FASTENERS
MAT024,MAT106,0.6207,FASTENERS
MAT024,MAT121,0.7879,FASTENERS
MAT024,MAT122,0.75,FASTENERS
MAT024,MAT123,0.9189,FASTENERS
MAT024,MAT124,1.0,FASTENERS
MAT024,MAT125,0.4737,FASTENERS
MAT024,MAT126,0.6207,FASTENERS
MAT024,MAT141,0.7879,FASTENERS
MAT024,MAT142,0.75,FASTENERS
MAT024,MAT143,0.9189,FASTENERS
MAT024,MAT144,1.0,FASTENERS
MAT024,MAT145,0.4737,FASTENERS
MAT024,MAT146,0.6207,FASTENERS
MAT024,MAT161,0.7879,FASTENERS
MAT024,MAT162,0.75,FASTENERS
MAT024,MAT163,0.9189,FASTENERS
MAT024,MAT164,1.0,FASTENERS
MAT024,MAT165,0.4737,FASTENERS
MAT024,MAT166,0.6207,FASTENERS
MAT024,MAT181,0.7879,FASTENERS
MAT024,MAT182,0.75,FASTENERS
MAT024,MAT183,0.9189,FASTENERS
MAT024,MAT184,1.0,FASTENERS
MAT024,MAT185,0.4737,FASTENERS
MAT024,MAT186,0.6207,FASTENERS
MAT024,MAT201,0.7879,FASTENERS
MAT024,MAT202,0.75,FASTENERS
MAT024,MAT203,0.9189,FASTENERS
MAT024,MAT204,1.0,FASTENERS
MAT024,MAT205,0.4737,FASTENERS
MAT024,MAT206,0.6207,FASTENERS
MAT024,MAT221,0.7879,FASTENERS
MAT024,MAT222,0.75,FASTENERS
MAT024,MAT223,0.9189,FASTENERS
MAT024,MAT224,1.0,FASTENERS
MAT024,MAT225,0.4737,FASTENERS
MAT024,MAT226,0.6207,FASTENERS
MAT024,MAT241,0.7879,FASTENERS
MAT024,MAT242,0.75,FASTENERS
MAT024,MAT243,0.9189,FASTENERS
MAT024,MAT244,1.0,FASTENERS
MAT024,MAT245,0.4737,FASTENERS
MAT024,MAT246,0.6207,FASTENERS
MAT024,MAT261,0.7879,FASTENERS
MAT024,MAT262,0.75,FASTENERS
MAT024,MAT263,0.9189,FASTENERS
MAT024,MAT264,1.0,FASTENERS
MAT024,MAT265,0.4737,FASTENERS
MAT024,MAT266,0.6207,FASTENERS
MAT024,MAT281,0.7879,FASTENERS
MAT024,MAT282,0.75,FASTENERS
MAT024,MAT283,0.9189,FASTENERS
MAT024,MAT284,1.0,FASTENERS
MAT024,MAT285,0.4737,FASTENERS
MAT024,MAT286,0.6207,FASTENERS
MAT025,MAT026,0.7143,FASTENERS
MAT025,MAT044,0.4737,FASTENERS
MAT025,MAT045,1.0,FASTENERS
MAT025,MAT046,0.7143,FASTENERS
MAT025,MAT064,0.4737,FASTENERS
MAT025,MAT065,1.0,FASTENERS
MAT025,MAT066,0.7143,FASTENERS
MAT025,MAT084,0.4737,FASTENERS
MAT025,MAT085,1.0,FASTENERS
MAT025,MAT086,0.7143,FASTENERS
MAT025,MAT104,0.4737,FASTENERS
MAT025,MAT105,1.0,FASTENERS
MAT025,MAT106,0.7143,FASTENERS
MAT025,MAT124,0.4737,FASTENERS
MAT025,MAT125,1.0,FASTENERS
MAT025,MAT126,0.7143,FASTENERS
MAT025,MAT144,0.4737,FASTENERS
MAT025,MAT145,1.0,FASTENERS
MAT025,MAT146,0.7143,FASTENERS
MAT025,MAT164,0.4737,FASTENERS
MAT025,MAT165,1.0,FASTENERS
MAT025,MAT166,0.7143,FASTENERS
MAT025,MAT184,0.4737,FASTENERS
MAT025,MAT185,1.0,FASTENERS
MAT025,MAT186,0.7143,FASTENERS
MAT025,MAT204,0.4737,FASTENERS
MAT025,MAT205,1.0,FASTENERS
MAT025,MAT206,0.7143,FASTENERS
MAT025,MAT224,0.4737,FASTENERS
MAT025,MAT225,1.0,FASTENERS
MAT025,MAT226,0.7143,FASTENERS
MAT025,MAT244,0.4737,FASTENERS
MAT025,MAT245,1.0,FASTENERS
MAT025,MAT246,0.7143,FASTENERS
MAT025,MAT264,0.4737,FASTENERS
MAT025,MAT265,1.0,FASTENERS
MAT025,MAT266,0.7143,FASTENERS
MAT025,MAT284,0.4737,FASTENERS
MAT025,MAT285,1.0,FASTENERS
MAT025,MAT286,0.7143,FASTENERS
MAT026,MAT041,0.5,FASTENERS
MAT026,MAT042,0.5763,FASTENERS
MAT026,MAT043,0.5614,FASTENERS
MAT026,MAT044,0.6207,FASTENERS
MAT026,MAT045,0.7143,FASTENERS
MAT026,MAT046,1.0,FASTENERS
MAT026,MAT061,0.5,FASTENERS
MAT026,MAT062,0.5763,FASTENERS
MAT026,MAT063,0.5614,FASTENERS
MAT026,MAT064,0.6207,FASTENERS
MAT026,MAT065,0.7143,FASTENERS
MAT026,MAT066,1.0,FASTENERS
MAT026,MAT081,0.5,FASTENERS
MAT026,MAT082,0.5763,FASTENERS
MAT026,MAT083,0.5614,FASTENERS
MAT026,MAT084,0.6207,FASTENERS
MAT026,MAT085,0.7143,FASTENERS
MAT026,MAT086,1.0,FASTENERS
MAT026,MAT101,0.5,FASTENERS
MAT026,MAT102,0.5763,FASTENERS
MAT026,MAT103,0.5614,FASTENERS
MAT026,MAT104,0.6207,FASTENERS
MAT026,MAT105,0.7143,FASTENERS
MAT026,MAT106,1.0,FASTENERS
MAT026,MAT121,0.5,FASTENERS
MAT026,MAT122,0.5763,FASTENERS
MAT026,MAT123,0.5614,FASTENERS
MAT026,MAT124,0.6207,FASTENERS
MAT026,MAT125,0.7143,FASTENERS
MAT026,MAT126,1.0,FASTENERS
MAT026,MAT141,0.5,FASTENERS
MAT026,MAT142,0.5763,FASTENERS
MAT026,MAT143,0.5614,FASTENERS
MAT026,MAT144,0.6207,FASTENERS
MAT026,MAT145,0.7143,FASTENERS
MAT026,MAT146,1.0,FASTENERS
MAT026,MAT161,0.5,FASTENERS
MAT026,MAT162,0.5763,FASTENERS
MAT026,MAT163,0.5614,FASTENERS
MAT026,MAT164,0.6207,FASTENERS
MAT026,MAT165,0.7143,FASTENERS
MAT026,MAT166,1.0,FASTENERS
MAT026,MAT181,0.5,FASTENERS
MAT026,MAT182,0.5763,FASTENERS
MAT026,MAT183,0.5614,FASTENERS
MAT026,MAT184,0.6207,FASTENERS
MAT026,MAT185,0.7143,FASTENERS
MAT026,MAT186,1.0,FASTENERS
MAT026,MAT201,0.5,FASTENERS
MAT026,MAT202,0.5763,FASTENERS
MAT026,MAT203,0.5614,FASTENERS
MAT026,MAT204,0.6207,FASTENERS
MAT026,MAT205,0.7143,FASTENERS
MAT026,MAT206,1.0,FASTENERS
MAT026,MAT221,0.5,FASTENERS
MAT026,MAT222,0.5763,FASTENERS
MAT026,MAT223,0.5614,FASTENERS
MAT026,MAT224,0.6207,FASTENERS
MAT026,MAT225,0.7143,FASTENERS
MAT026,MAT226,1.0,FASTENERS
MAT026,MAT241,0.5,FASTENERS
MAT026,MAT242,0.5763,FASTENERS
MAT026,MAT243,0.5614,FASTENERS
MAT026,MAT244,0.6207,FASTENERS
MAT026,MAT245,0.7143,FASTENERS
MAT026,MAT246,1.0,FASTENERS
MAT026,MAT261,0.5,FASTENERS
MAT026,MAT262,0.5763,FASTENERS
MAT026,MAT263,0.5614,FASTENERS
MAT026,MAT264,0.6207,FASTENERS
MAT026,MAT265,0.7143,FASTENERS
MAT026,MAT266,1.0,FASTENERS
MAT026,MAT281,0.5,FASTENERS
MAT026,MAT282,0.5763,FASTENERS
MAT026,MAT283,0.5614,FASTENERS
MAT026,MAT284,0.6207,FASTENERS
MAT026,MAT285,0.7143,FASTENERS
MAT026,MAT286,1.0,FASTENERS
MAT027,MAT028,1.0,BEARINGS
MAT027,MAT029,0.75,BEARINGS
MAT027,MAT030,0.75,BEARINGS
MAT027,MAT047,1.0,BEARINGS
MAT027,MAT048,1.0,BEARINGS
MAT027,MAT049,0.75,BEARINGS
MAT027,MAT050,0.75,BEARINGS
MAT027,MAT067,1.0,BEARINGS
MAT027,MAT068,1.0,BEARINGS
MAT027,MAT069,0.75,BEARINGS
MAT027,MAT070,0.75,BEARINGS
MAT027,MAT087,1.0,BEARINGS
MAT027,MAT088,1.0,BEARINGS
MAT027,MAT089,0.75,BEARINGS
MAT027,MAT090,0.75,BEARINGS
MAT027,MAT107,1.0,BEARINGS
MAT027,MAT108,1.0,BEARINGS
MAT027,MAT109,0.75,BEARINGS
MAT027,MAT110,0.75,BEARINGS
MAT027,MAT127,1.0,BEARINGS
MAT027,MAT128,1.0,BEARINGS
MAT027,MAT129,0.75,BEARINGS
MAT027,MAT130,0.75,BEARINGS
MAT027,MAT147,1.0,BEARINGS
MAT027,MAT148,1.0,BEARINGS
MAT027,MAT149,0.75,BEARINGS
MAT027,MAT150,0.75,BEARINGS
MAT027,MAT167,1.0,BEARINGS
MAT027,MAT168,1.0,BEARINGS
MAT027,MAT169,0.75,BEARINGS
MAT027,MAT170,0.75,BEARINGS
MAT027,MAT187,1.0,BEARINGS
MAT027,MAT188,1.0,BEARINGS
MAT027,MAT189,0.75,BEARINGS
MAT027,MAT190,0.75,BEARINGS
MAT027,MAT207,1.0,BEARINGS
MAT027,MAT208,1.0,BEARINGS
MAT027,MAT209,0.75,BEARINGS
MAT027,MAT210,0.75,BEARINGS
MAT027,MAT227,1.0,BEARINGS
MAT027,MAT228,1.0,BEARINGS
MAT027,MAT229,0.75,BEARINGS
MAT027,MAT230,0.75,BEARINGS
MAT027,MAT247,1.0,BEARINGS
MAT027,MAT248,1.0,BEARINGS
MAT027,MAT249,0.75,BEARINGS
MAT027,MAT250,0.75,BEARINGS
MAT027,MAT267,1.0,BEARINGS
MAT027,MAT268,1.0,BEARINGS
MAT027,MAT269,0.75,BEARINGS
MAT027,MAT270,0.75,BEARINGS
MAT027,MAT287,1.0,BEARINGS
MAT027,MAT288,1.0,BEARINGS
MAT027,MAT289,0.75,BEARINGS
MAT027,MAT290,0.75,BEARINGS
MAT028,MAT029,0.6667,BEARINGS
MAT028,MAT030,0.6667,BEARINGS
MAT028,MAT047,1.0,BEARINGS
MAT028,MAT048,1.0,BEARINGS
MAT028,MAT049,0.6667,BEARINGS
MAT028,MAT050,0.6667,BEARINGS
MAT028,MAT067,1.0,BEARINGS
MAT028,MAT068,1.0,BEARINGS
MAT028,MAT069,0.6667,BEARINGS
MAT028,MAT070,0.6667,BEARINGS
MAT028,MAT087,1.0,BEARINGS
MAT028,MAT088,1.0,BEARINGS
MAT028,MAT089,0.6667,BEARINGS
MAT028,MAT090,0.6667,BEARINGS
MAT028,MAT107,1.0,BEARINGS
MAT028,MAT108,1.0,BEARINGS
MAT028,MAT109,0.6667,BEARINGS
MAT028,MAT110,0.6667,BEARINGS
MAT028,MAT127,1.0,BEARINGS
MAT028,MAT128,1.0,BEARINGS
MAT028,MAT129,0.6667,BEARINGS
MAT028,MAT130,0.6667,BEARINGS
MAT028,MAT147,1.0,BEARINGS
MAT028,MAT148,1.0,BEARINGS
MAT028,MAT149,0.6667,BEARINGS
MAT028,MAT150,0.6667,BEARINGS
MAT028,MAT167,1.0,BEARINGS
MAT028,MAT168,1.0,BEARINGS
MAT028,MAT169,0.6667,BEARINGS
MAT028,MAT170,0.6667,BEARINGS
MAT028,MAT187,1.0,BEARINGS
MAT028,MAT188,1.0,BEARINGS
MAT028,MAT189,0.6667,BEARINGS
MAT028,MAT190,0.6667,BEARINGS
MAT028,MAT207,1.0,BEARINGS
MAT028,MAT208,1.0,BEARINGS
MAT028,MAT209,0.6667,BEARINGS
MAT028,MAT210,0.6667,BEARINGS
MAT028,MAT227,1.0,BEARINGS
MAT028,MAT228,1.0,BEARINGS
MAT028,MAT229,0.6667,BEARINGS
MAT028,MAT230,0.6667,BEARINGS
MAT028,MAT247,1.0,BEARINGS
MAT028,MAT248,1.0,BEARINGS
MAT028,MAT249,0.6667,BEARINGS
MAT028,MAT250,0.6667,BEARINGS
MAT028,MAT267,1.0,BEARINGS
MAT028,MAT268,1.0,BEARINGS
MAT028,MAT269,0.6667,BEARINGS
MAT028,MAT270,0.6667,BEARINGS
MAT028,MAT287,1.0,BEARINGS
MAT028,MAT288,1.0,BEARINGS
MAT028,MAT289,0.6667,BEARINGS
MAT028,MAT290,0.6667,BEARINGS
MAT029,MAT030,0.68,BEARINGS
MAT029,MAT047,0.75,BEARINGS
MAT029,MAT048,0.6667,BEARINGS
MAT029,MAT049,1.0,BEARINGS
MAT029,MAT050,0.68,BEARINGS
MAT029,MAT067,0.75,BEARINGS
MAT029,MAT068,0.6667,BEARINGS
MAT029,MAT069,1.0,BEARINGS
MAT029,MAT070,0.68,BEARINGS
MAT029,MAT087,0.75,BEARINGS
MAT029,MAT088,0.6667,BEARINGS
MAT029,MAT089,1.0,BEARINGS
MAT029,MAT090,0.68,BEARINGS
MAT029,MAT107,0.75,BEARINGS
MAT029,MAT108,0.6667,BEARINGS
MAT029,MAT109,1.0,BEARINGS
MAT029,MAT110,0.68,BEARINGS
MAT029,MAT127,0.75,BEARINGS
MAT029,MAT128,0.6667,BEARINGS
MAT029,MAT129,1.0,BEARINGS
MAT029,MAT130,0.68,BEARINGS
MAT029,MAT147,0.75,BEARINGS
MAT029,MAT148,0.6667,BEARINGS
MAT029,MAT149,1.0,BEARINGS
MAT029,MAT150,0.68,BEARINGS
MAT029,MAT167,0.75,BEARINGS
MAT029,MAT168,0.6667,BEARINGS
MAT029,MAT169,1.0,BEARINGS
MAT029,MAT170,0.68,BEARINGS
MAT029,MAT187,0.75,BEARINGS
MAT029,MAT188,0.6667,BEARINGS
MAT029,MAT189,1.0,BEARINGS
MAT029,MAT190,0.68,BEARINGS
MAT029,MAT207,0.75,BEARINGS
MAT029,MAT208,0.6667,BEARINGS
MAT029,MAT209,1.0,BEARINGS
MAT029,MAT210,0.68,BEARINGS
MAT029,MAT227,0.75,BEARINGS
MAT029,MAT228,0.6667,BEARINGS
MAT029,MAT229,1.0,BEARINGS
MAT029,MAT230,0.68,BEARINGS
MAT029,MAT247,0.75,BEARINGS
MAT029,MAT248,0.6667,BEARINGS
MAT029,MAT249,1.0,BEARINGS
MAT029,MAT250,0.68,BEARINGS
MAT029,MAT267,0.75,BEARINGS
MAT029,MAT268,0.6667,BEARINGS
MAT029,MAT269,1.0,BEARINGS
MAT029,MAT270,0.68,BEARINGS
MAT029,MAT287,0.75,BEARINGS
MAT029,MAT288,0.6667,BEARINGS
MAT029,MAT289,1.0,BEARINGS
MAT029,MAT290,0.68,BEARINGS
MAT030,MAT047,0.75,BEARINGS
MAT030,MAT048,0.6667,BEARINGS
MAT030,MAT049,0.68,BEARINGS
MAT030,MAT050,1.0,BEARINGS
MAT030,MAT067,0.75,BEARINGS
MAT030,MAT068,0.6667,BEARINGS
MAT030,MAT069,0.68,BEARINGS
MAT030,MAT070,1.0,BEARINGS
MAT030,MAT087,0.75,BEARINGS
MAT030,MAT088,0.6667,BEARINGS
MAT030,MAT089,0.68,BEARINGS
MAT030,MAT090,1.0,BEARINGS
MAT030,MAT107,0.75,BEARINGS
MAT030,MAT108,0.6667,BEARINGS
MAT030,MAT109,0.68,BEARINGS
MAT030,MAT110,1.0,BEARINGS
MAT030,MAT127,0.75,BEARINGS
MAT030,MAT128,0.6667,BEARINGS
MAT030,MAT129,0.68,BEARINGS
MAT030,MAT130,1.0,BEARINGS
MAT030,MAT147,0.75,BEARINGS
MAT030,MAT148,0.6667,BEARINGS
MAT030,MAT149,0.68,BEARINGS
MAT030,MAT150,1.0,BEARINGS
MAT030,MAT167,0.75,BEARINGS
MAT030,MAT168,0.6667,BEARINGS
MAT030,MAT169,0.68,BEARINGS
MAT030,MAT170,1.0,BEARINGS
MAT030,MAT187,0.75,BEARINGS
MAT030,MAT188,0.6667,BEARINGS
MAT030,MAT189,0.68,BEARINGS
MAT030,MAT190,1.0,BEARINGS
MAT030,MAT207,0.75,BEARINGS
MAT030,MAT208,0.6667,BEARINGS
MAT030,MAT209,0.68,BEARINGS
MAT030,MAT210,1.0,BEARINGS
MAT030,MAT227,0.75,BEARINGS
MAT030,MAT228,0.6667,BEARINGS
MAT030,MAT229,0.68,BEARINGS
MAT030,MAT230,1.0,BEARINGS
MAT030,MAT247,0.75,BEARINGS
MAT030,MAT248,0.6667,BEARINGS
MAT030,MAT249,0.68,BEARINGS
MAT030,MAT250,1.0,BEARINGS
MAT030,MAT267,0.75,BEARINGS
MAT030,MAT268,0.6667,BEARINGS
MAT030,MAT269,0.68,BEARINGS
MAT030,MAT270,1.0,BEARINGS
MAT030,MAT287,0.75,BEARINGS
MAT030,MAT288,0.6667,BEARINGS
MAT030,MAT289,0.68,BEARINGS
MAT030,MAT290,1.0,BEARINGS
MAT031,MAT032,0.6038,LUBRICANTS
MAT031,MAT034,0.8,LUBRICANTS
MAT031,MAT051,1.0,LUBRICANTS
MAT031,MAT052,0.6038,LUBRICANTS
MAT031,MAT054,0.8,LUBRICANTS
MAT031,MAT071,1.0,LUBRICANTS
MAT031,MAT072,0.6038,LUBRICANTS
MAT031,MAT074,0.8,LUBRICANTS
MAT031,MAT091,1.0,LUBRICANTS
MAT031,MAT092,0.6038,LUBRICANTS
MAT031,MAT094,0.8,LUBRICANTS
MAT031,MAT111,1.0,LUBRICANTS
MAT031,MAT112,0.6038,LUBRICANTS
MAT031,MAT114,0.8,LUBRICANTS
MAT031,MAT131,1.0,LUBRICANTS
MAT031,MAT132,0.6038,LUBRICANTS
MAT031,MAT134,0.8,LUBRICANTS
MAT031,MAT151,1.0,LUBRICANTS
MAT031,MAT152,0.6038,LUBRICANTS
MAT031,MAT154,0.8,LUBRICANTS
MAT031,MAT171,1.0,LUBRICANTS
MAT031,MAT172,0.6038,LUBRICANTS
MAT031,MAT174,0.8,LUBRICANTS
MAT031,MAT191,1.0,LUBRICANTS
MAT031,MAT192,0.6038,LUBRICANTS
MAT031,MAT194,0.8,LUBRICANTS
MAT031,MAT211,1.0,LUBRICANTS
MAT031,MAT212,0.6038,LUBRICANTS
MAT031,MAT214,0.8,LUBRICANTS
MAT031,MAT231,1.0,LUBRICANTS
MAT031,MAT232,0.6038,LUBRICANTS
MAT031,MAT234,0.8,LUBRICANTS
MAT031,MAT251,1.0,LUBRICANTS
MAT031,MAT252,0.6038,LUBRICANTS
MAT031,MAT254,0.8,LUBRICANTS
MAT031,MAT271,1.0,LUBRICANTS
MAT031,MAT272,0.6038,LUBRICANTS
MAT031,MAT274,0.8,LUBRICANTS
MAT031,MAT291,1.0,LUBRICANTS
MAT031,MAT292,0.6038,LUBRICANTS
MAT031,MAT294,0.8,LUBRICANTS
MAT032,MAT051,0.6038,LUBRICANTS
MAT032,MAT052,1.0,LUBRICANTS
MAT032,MAT071,0.6038,LUBRICANTS
MAT032,MAT072,1.0,LUBRICANTS
MAT032,MAT091,0.6038,LUBRICANTS
MAT032,MAT092,1.0,LUBRICANTS
MAT032,MAT111,0.6038,LUBRICANTS
MAT032,MAT112,1.0,LUBRICANTS
MAT032,MAT131,0.6038,LUBRICANTS
MAT032,MAT132,1.0,LUBRICANTS
MAT032,MAT151,0.6038,LUBRICANTS
MAT032,MAT152,1.0,LUBRICANTS
MAT032,MAT171,0.6038,LUBRICANTS
MAT032,MAT172,1.0,LUBRICANTS
MAT032,MAT191,0.6038,LUBRICANTS
MAT032,MAT192,1.0,LUBRICANTS
MAT032,MAT211,0.6038,LUBRICANTS
MAT032,MAT212,1.0,LUBRICANTS
MAT032,MAT231,0.6038,LUBRICANTS
MAT032,MAT232,1.0,LUBRICANTS
MAT032,MAT251,0.6038,LUBRICANTS
MAT032,MAT252,1.0,LUBRICANTS
MAT032,MAT271,0.6038,LUBRICANTS
MAT032,MAT272,1.0,LUBRICANTS
MAT032,MAT291,0.6038,LUBRICANTS
MAT032,MAT292,1.0,LUBRICANTS
MAT033,MAT034,0.8462,LUBRICANTS
MAT033,MAT053,1.0,LUBRICANTS
MAT033,MAT054,0.8462,LUBRICANTS
MAT033,MAT073,1.0,LUBRICANTS
MAT033,MAT074,0.8462,LUBRICANTS
MAT033,MAT093,1.0,LUBRICANTS
MAT033,MAT094,0.8462,LUBRICANTS
MAT033,MAT113,1.0,LUBRICANTS
MAT033,MAT114,0.8462,LUBRICANTS
MAT033,MAT133,1.0,LUBRICANTS
MAT033,MAT134,0.8462,LUBRICANTS
MAT033,MAT153,1.0,LUBRICANTS
MAT033,MAT154,0.8462,LUBRICANTS
MAT033,MAT173,1.0,LUBRICANTS
MAT033,MAT174,0.8462,LUBRICANTS
MAT033,MAT193,1.0,LUBRICANTS
MAT033,MAT194,0.8462,LUBRICANTS
MAT033,MAT213,1.0,LUBRICANTS
MAT033,MAT214,0.8462,LUBRICANTS
MAT033,MAT233,1.0,LUBRICANTS
MAT033,MAT234,0.8462,LUBRICANTS
MAT033,MAT253,1.0,LUBRICANTS
MAT033,MAT254,0.8462,LUBRICANTS
MAT033,MAT273,1.0,LUBRICANTS
MAT033,MAT274,0.8462,LUBRICANTS
MAT033,MAT293,1.0,LUBRICANTS
MAT033,MAT294,0.8462,LUBRICANTS
MAT034,MAT051,0.8,LUBRICANTS
MAT034,MAT053,0.8462,LUBRICANTS
MAT034,MAT054,1.0,LUBRICANTS
MAT034,MAT071,0.8,LUBRICANTS
MAT034,MAT073,0.8462,LUBRICANTS
MAT034,MAT074,1.0,LUBRICANTS
MAT034,MAT091,0.8,LUBRICANTS
MAT034,MAT093,0.8462,LUBRICANTS
MAT034,MAT094,1.0,LUBRICANTS
MAT034,MAT111,0.8,LUBRICANTS
MAT034,MAT113,0.8462,LUBRICANTS
MAT034,MAT114,1.0,LUBRICANTS
MAT034,MAT131,0.8,LUBRICANTS
MAT034,MAT133,0.8462,LUBRICANTS
MAT034,MAT134,1.0,LUBRICANTS
MAT034,MAT151,0.8,LUBRICANTS
MAT034,MAT153,0.8462,LUBRICANTS
MAT034,MAT154,1.0,LUBRICANTS
MAT034,MAT171,0.8,LUBRICANTS
MAT034,MAT173,0.8462,LUBRICANTS
MAT034,MAT174,1.0,LUBRICANTS
MAT034,MAT191,0.8,LUBRICANTS
MAT034,MAT193,0.8462,LUBRICANTS
MAT034,MAT194,1.0,LUBRICANTS
MAT034,MAT211,0.8,LUBRICANTS
MAT034,MAT213,0.8462,LUBRICANTS
MAT034,MAT214,1.0,LUBRICANTS
MAT034,MAT231,0.8,LUBRICANTS
MAT034,MAT233,0.8462,LUBRICANTS
MAT034,MAT234,1.0,LUBRICANTS
MAT034,MAT251,0.8,LUBRICANTS
MAT034,MAT253,0.8462,LUBRICANTS
MAT034,MAT254,1.0,LUBRICANTS
MAT034,MAT271,0.8,LUBRICANTS
MAT034,MAT273,0.8462,LUBRICANTS
MAT034,MAT274,1.0,LUBRICANTS
MAT034,MAT291,0.8,LUBRICANTS
MAT034,MAT293,0.8462,LUBRICANTS
MAT034,MAT294,1.0,LUBRICANTS
MAT035,MAT036,0.902,CABLES
MAT035,MAT037,0.4923,CABLES
MAT035,MAT038,0.5283,CABLES
MAT035,MAT055,1.0,CABLES
MAT035,MAT056,0.902,CABLES
MAT035,MAT057,0.4923,CABLES
MAT035,MAT058,0.5283,CABLES
MAT035,MAT075,1.0,CABLES
MAT035,MAT076,0.902,CABLES
MAT035,MAT077,0.4923,CABLES
MAT035,MAT078,0.5283,CABLES
MAT035,MAT095,1.0,CABLES
MAT035,MAT096,0.902,CABLES
MAT035,MAT097,0.4923,CABLES
MAT035,MAT098,0.5283,CABLES
MAT035,MAT115,1.0,CABLES
MAT035,MAT116,0.902,CABLES
MAT035,MAT117,0.4923,CABLES
MAT035,MAT118,0.5283,CABLES
MAT035,MAT135,1.0,CABLES
MAT035,MAT136,0.902,CABLES
MAT035,MAT137,0.4923,CABLES
MAT035,MAT138,0.5283,CABLES
MAT035,MAT155,1.0,CABLES
MAT035,MAT156,0.902,CABLES
MAT035,MAT157,0.4923,CABLES
MAT035,MAT158,0.5283,CABLES
MAT035,MAT175,1.0,CABLES
MAT035,MAT176,0.902,CABLES
MAT035,MAT177,0.4923,CABLES
MAT035,MAT178,0.5283,CABLES
MAT035,MAT195,1.0,CABLES
MAT035,MAT196,0.902,CABLES
MAT035,MAT197,0.4923,CABLES
MAT035,MAT198,0.5283,CABLES
MAT035,MAT215,1.0,CABLES
MAT035,MAT216,0.902,CABLES
MAT035,MAT217,0.4923,CABLES
MAT035,MAT218,0.5283,CABLES
MAT035,MAT235,1.0,CABLES
MAT035,MAT236,0.902,CABLES
MAT035,MAT237,0.4923,CABLES
MAT035,MAT238,0.5283,CABLES
MAT035,MAT255,1.0,CABLES
MAT035,MAT256,0.902,CABLES
MAT035,MAT257,0.4923,CABLES
MAT035,MAT258,0.5283,CABLES
MAT035,MAT275,1.0,CABLES
MAT035,MAT276,0.902,CABLES
MAT035,MAT277,0.4923,CABLES
MAT035,MAT278,0.5283,CABLES
MAT035,MAT295,1.0,CABLES
MAT035,MAT296,0.902,CABLES
MAT035,MAT297,0.4923,CABLES
MAT035,MAT298,0.5283,CABLES
MAT036,MAT037,0.4857,CABLES
MAT036,MAT038,0.5172,CABLES
MAT036,MAT055,0.902,CABLES
MAT036,MAT056,1.0,CABLES
MAT036,MAT057,0.4857,CABLES
MAT036,MAT058,0.5172,CABLES
MAT036,MAT075,0.902,CABLES
MAT036,MAT076,1.0,CABLES
MAT036,MAT077,0.4857,CABLES
MAT036,MAT078,0.5172,CABLES
MAT036,MAT095,0.902,CABLES
MAT036,MAT096,1.0,CABLES
MAT036,MAT097,0.4857,CABLES
MAT036,MAT098,0.5172,CABLES
MAT036,MAT115,0.902,CABLES
MAT036,MAT116,1.0,CABLES
MAT036,MAT117,0.4857,CABLES
MAT036,MAT118,0.5172,CABLES
MAT036,MAT135,0.902,CABLES
MAT036,MAT136,1.0,CABLES
MAT036,MAT137,0.4857,CABLES
MAT036,MAT138,0.5172,CABLES
MAT036,MAT155,0.902,CABLES
MAT036,MAT156,1.0,CABLES
MAT036,MAT157,0.4857,CABLES
MAT036,MAT158,0.5172,CABLES
MAT036,MAT175,0.902,CABLES
MAT036,MAT176,1.0,CABLES
MAT036,MAT177,0.4857,CABLES
MAT036,MAT178,0.5172,CABLES
MAT036,MAT195,0.902,CABLES
MAT036,MAT196,1.0,CABLES
MAT036,MAT197,0.4857,CABLES
MAT036,MAT198,0.5172,CABLES
MAT036,MAT215,0.902,CABLES
MAT036,MAT216,1.0,CABLES
MAT036,MAT217,0.4857,CABLES
MAT036,MAT218,0.5172,CABLES
MAT036,MAT235,0.902,CABLES
MAT036,MAT236,1.0,CABLES
MAT036,MAT237,0.4857,CABLES
MAT036,MAT238,0.5172,CABLES
MAT036,MAT255,0.902,CABLES
MAT036,MAT256,1.0,CABLES
MAT036,MAT257,0.4857,CABLES
MAT036,MAT258,0.5172,CABLES
MAT036,MAT275,0.902,CABLES
MAT036,MAT276,1.0,CABLES
MAT036,MAT277,0.4857,CABLES
MAT036,MAT278,0.5172,CABLES
MAT036,MAT295,0.902,CABLES
MAT036,MAT296,1.0,CABLES
MAT036,MAT297,0.4857,CABLES
MAT036,MAT298,0.5172,CABLES
MAT037,MAT038,0.913,CABLES
MAT037,MAT055,0.4923,CABLES
MAT037,MAT056,0.4857,CABLES
MAT037,MAT057,1.0,CABLES
MAT037,MAT058,0.913,CABLES
MAT037,MAT075,0.4923,CABLES
MAT037,MAT076,0.4857,CABLES
MAT037,MAT077,1.0,CABLES
MAT037,MAT078,0.913,CABLES
MAT037,MAT095,0.4923,CABLES
MAT037,MAT096,0.4857,CABLES
MAT037,MAT097,1.0,CABLES
MAT037,MAT098,0.913,CABLES
MAT037,MAT115,0.4923,CABLES
MAT037,MAT116,0.4857,CABLES
MAT037,MAT117,1.0,CABLES
MAT037,MAT118,0.913,CABLES
MAT037,MAT135,0.4923,CABLES
MAT037,MAT136,0.4857,CABLES
MAT037,MAT137,1.0,CABLES
MAT037,MAT138,0.913,CABLES
MAT037,MAT155,0.4923,CABLES
MAT037,MAT156,0.4857,CABLES
MAT037,MAT157,1.0,CABLES
MAT037,MAT158,0.913,CABLES
MAT037,MAT175,0.4923,CABLES
MAT037,MAT176,0.4857,CABLES
MAT037,MAT177,1.0,CABLES
MAT037,MAT178,0.913,CABLES
MAT037,MAT195,0.4923,CABLES
MAT037,MAT196,0.4857,CABLES
MAT037,MAT197,1.0,CABLES
MAT037,MAT198,0.913,CABLES
MAT037,MAT215,0.4923,CABLES
MAT037,MAT216,0.4857,CABLES
MAT037,MAT217,1.0,CABLES
MAT037,MAT218,0.913,CABLES
MAT037,MAT235,0.4923,CABLES
MAT037,MAT236,0.4857,CABLES
MAT037,MAT237,1.0,CABLES
MAT037,MAT238,0.913,CABLES
MAT037,MAT255,0.4923,CABLES
MAT037,MAT256,0.4857,CABLES
MAT037,MAT257,1.0,CABLES
MAT037,MAT258,0.913,CABLES
MAT037,MAT275,0.4923,CABLES
MAT037,MAT276,0.4857,CABLES
MAT037,MAT277,1.0,CABLES
MAT037,MAT278,0.913,CABLES
MAT037,MAT295,0.4923,CABLES
MAT037,MAT296,0.4857,CABLES
MAT037,MAT297,1.0,CABLES
MAT037,MAT298,0.913,CABLES
MAT038,MAT055,0.5283,CABLES
MAT038,MAT056,0.5172,CABLES
MAT038,MAT057,0.913,CABLES
MAT038,MAT058,1.0,CABLES
MAT038,MAT075,0.5283,CABLES
MAT038,MAT076,0.5172,CABLES
MAT038,MAT077,0.913,CABLES
MAT038,MAT078,1.0,CABLES
MAT038,MAT095,0.5283,CABLES
MAT038,MAT096,0.5172,CABLES
MAT038,MAT097,0.913,CABLES
MAT038,MAT098,1.0,CABLES
MAT038,MAT115,0.5283,CABLES
MAT038,MAT116,0.5172,CABLES
MAT038,MAT117,0.913,CABLES
MAT038,MAT118,1.0,CABLES
MAT038,MAT135,0.5283,CABLES
MAT038,MAT136,0.5172,CABLES
MAT038,MAT137,0.913,CABLES
MAT038,MAT138,1.0,CABLES
MAT038,MAT155,0.5283,CABLES
MAT038,MAT156,0.5172,CABLES
MAT038,MAT157,0.913,CABLES
MAT038,MAT158,1.0,CABLES
MAT038,MAT175,0.5283,CABLES
MAT038,MAT176,0.5172,CABLES
MAT038,MAT177,0.913,CABLES
MAT038,MAT178,1.0,CABLES
MAT038,MAT195,0.5283,CABLES
MAT038,MAT196,0.5172,CABLES
MAT038,MAT197,0.913,CABLES
MAT038,MAT198,1.0,CABLES
MAT038,MAT215,0.5283,CABLES
MAT038,MAT216,0.5172,CABLES
MAT038,MAT217,0.913,CABLES
MAT038,MAT218,1.0,CABLES
MAT038,MAT235,0.5283,CABLES
MAT038,MAT236,0.5172,CABLES
MAT038,MAT237,0.913,CABLES
MAT038,MAT238,1.0,CABLES
MAT038,MAT255,0.5283,CABLES
MAT038,MAT256,0.5172,CABLES
MAT038,MAT257,0.913,CABLES
MAT038,MAT258,1.0,CABLES
MAT038,MAT275,0.5283,CABLES
MAT038,MAT276,0.5172,CABLES
MAT038,MAT277,0.913,CABLES
MAT038,MAT278,1.0,CABLES
MAT038,MAT295,0.5283,CABLES
MAT038,MAT296,0.5172,CABLES
MAT038,MAT297,0.913,CABLES
MAT038,MAT298,1.0,CABLES
MAT039,MAT040,0.8571,SAFETY
MAT039,MAT059,1.0,SAFETY
MAT039,MAT060,0.8571,SAFETY
MAT039,MAT079,1.0,SAFETY
MAT039,MAT080,0.8571,SAFETY
MAT039,MAT099,1.0,SAFETY
MAT039,MAT100,0.8571,SAFETY
MAT039,MAT119,1.0,SAFETY
MAT039,MAT120,0.8571,SAFETY
MAT039,MAT139,1.0,SAFETY
MAT039,MAT140,0.8571,SAFETY
MAT039,MAT159,1.0,SAFETY
MAT039,MAT160,0.8571,SAFETY
MAT039,MAT179,1.0,SAFETY
MAT039,MAT180,0.8571,SAFETY
MAT039,MAT199,1.0,SAFETY
MAT039,MAT200,0.8571,SAFETY
MAT039,MAT219,1.0,SAFETY
MAT039,MAT220,0.8571,SAFETY
MAT039,MAT239,1.0,SAFETY
MAT039,MAT240,0.8571,SAFETY
MAT039,MAT259,1.0,SAFETY
MAT039,MAT260,0.8571,SAFETY
MAT039,MAT279,1.0,SAFETY
MAT039,MAT280,0.8571,SAFETY
MAT039,MAT299,1.0,SAFETY
MAT039,MAT300,0.8571,SAFETY
MAT040,MAT059,0.8571,SAFETY
MAT040,MAT060,1.0,SAFETY
MAT040,MAT079,0.8571,SAFETY
MAT040,MAT080,1.0,SAFETY
MAT040,MAT099,0.8571,SAFETY
MAT040,MAT100,1.0,SAFETY
MAT040,MAT119,0.8571,SAFETY
MAT040,MAT120,1.0,SAFETY
MAT040,MAT139,0.8571,SAFETY
MAT040,MAT140,1.0,SAFETY
MAT040,MAT159,0.8571,SAFETY
MAT040,MAT160,1.0,SAFETY
MAT040,MAT179,0.8571,SAFETY
MAT040,MAT180,1.0,SAFETY
MAT040,MAT199,0.8571,SAFETY
MAT040,MAT200,1.0,SAFETY
MAT040,MAT219,0.8571,SAFETY
MAT040,MAT220,1.0,SAFETY
MAT040,MAT239,0.8571,SAFETY
MAT040,MAT240,1.0,SAFETY
MAT040,MAT259,0.8571,SAFETY
MAT040,MAT260,1.0,SAFETY
MAT040,MAT279,0.8571,SAFETY
MAT040,MAT280,1.0,SAFETY
MAT040,MAT299,0.8571,SAFETY
MAT040,MAT300,1.0,SAFETY
MAT041,MAT042,0.7042,FASTENERS
MAT041,MAT043,0.9286,FASTENERS
MAT041,MAT044,0.7879,FASTENERS
MAT041,MAT046,0.5,FASTENERS
MAT041,MAT061,1.0,FASTENERS
MAT041,MAT062,0.7042,FASTENERS
MAT041,MAT063,0.9286,FASTENERS
MAT041,MAT064,0.7879,FASTENERS
MAT041,MAT066,0.5,FASTENERS
MAT041,MAT081,1.0,FASTENERS
MAT041,MAT082,0.7042,FASTENERS
MAT041,MAT083,0.9286,FASTENERS
MAT041,MAT084,0.7879,FASTENERS
MAT041,MAT086,0.5,FASTENERS
MAT041,MAT101,1.0,FASTENERS
MAT041,MAT102,0.7042,FASTENERS
MAT041,MAT103,0.9286,FASTENERS
MAT041,MAT104,0.7879,FASTENERS
MAT041,MAT106,0.5,FASTENERS
MAT041,MAT121,1.0,FASTENERS
MAT041,MAT122,0.7042,FASTENERS
MAT041,MAT123,0.9286,FASTENERS
MAT041,MAT124,0.7879,FASTENERS
MAT041,MAT126,0.5,FASTENERS
MAT041,MAT141,1.0,FASTENERS
MAT041,MAT142,0.7042,FASTENERS
MAT041,MAT143,0.9286,FASTENERS
MAT041,MAT144,0.7879,FASTENERS
MAT041,MAT146,0.5,FASTENERS
MAT041,MAT161,1.0,FASTENERS
MAT041,MAT162,0.7042,FASTENERS
MAT041,MAT163,0.9286,FASTENERS
MAT041,MAT164,0.7879,FASTENERS
MAT041,MAT166,0.5,FASTENERS
MAT041,MAT181,1.0,FASTENERS
MAT041,MAT182,0.7042,FASTENERS
MAT041,MAT183,0.9286,FASTENERS
MAT041,MAT184,0.7879,FASTENERS
MAT041,MAT186,0.5,FASTENERS
MAT041,MAT201,1.0,FASTENERS
MAT041,MAT202,0.7042,FASTENERS
MAT041,MAT203,0.9286,FASTENERS
MAT041,MAT204,0.7879,FASTENERS
MAT041,MAT206,0.5,FASTENERS
MAT041,MAT221,1.0,FASTENERS
MAT041,MAT222,0.7042,FASTENERS
MAT041,MAT223,0.9286,FASTENERS
MAT041,MAT224,0.7879,FASTENERS
MAT041,MAT226,0.5,FASTENERS
MAT041,MAT241,1.0,FASTENERS
MAT041,MAT242,0.7042,FASTENERS
MAT041,MAT243,0.9286,FASTENERS
MAT041,MAT244,0.7879,FASTENERS
MAT041,MAT246,0.5,FASTENERS
MAT041,MAT261,1.0,FASTENERS
MAT041,MAT262,0.7042,FASTENERS
MAT041,MAT263,0.9286,FASTENERS
MAT041,MAT264,0.7879,FASTENERS
MAT041,MAT266,0.5,FASTENERS
MAT041,MAT281,1.0,FASTENERS
MAT041,MAT282,0.7042,FASTENERS
MAT041,MAT283,0.9286,FASTENERS
MAT041,MAT284,0.7879,FASTENERS
MAT041,MAT286,0.5,FASTENERS
MAT042,MAT043,0.5484,FASTENERS
MAT042,MAT044,0.75,FASTENERS
MAT042,MAT046,0.5763,FASTENERS
MAT042,MAT061,0.7042,FASTENERS
MAT042,MAT062,1.0,FASTENERS
MAT042,MAT063,0.5484,FASTENERS
MAT042,MAT064,0.75,FASTENERS
MAT042,MAT066,0.5763,FASTENERS
MAT042,MAT081,0.7042,FASTENERS
MAT042,MAT082,1.0,FASTENERS
MAT042,MAT083,0.5484,FASTENERS
MAT042,MAT084,0.75,FASTENERS
MAT042,MAT086,0.5763,FASTENERS
MAT042,MAT101,0.7042,FASTENERS
MAT042,MAT102,1.0,FASTENERS
MAT042,MAT103,0.5484,FASTENERS
MAT042,MAT104,0.75,FASTENERS
MAT042,MAT106,0.5763,FASTENERS
MAT042,MAT121,0.7042,FASTENERS
MAT042,MAT122,1.0,FASTENERS
MAT042,MAT123,0.5484,FASTENERS
MAT042,MAT124,0.75,FASTENERS
MAT042,MAT126,0.5763,FASTENERS
MAT042,MAT141,0.7042,FASTENERS
MAT042,MAT142,1.0,FASTENERS
MAT042,MAT143,0.5484,FASTENERS
MAT042,MAT144,0.75,FASTENERS
MAT042,MAT146,0.5763,FASTENERS
MAT042,MAT161,0.7042,FASTENERS
MAT042,MAT162,1.0,FASTENERS
MAT042,MAT163,0.5484,FASTENERS
MAT042,MAT164,0.75,FASTENERS
MAT042,MAT166,0.5763,FASTENERS
MAT042,MAT181,0.7042,FASTENERS
MAT042,MAT182,1.0,FASTENERS
MAT042,MAT183,0.5484,FASTENERS
MAT042,MAT184,0.75,FASTENERS
MAT042,MAT186,0.5763,FASTENERS
MAT042,MAT201,0.7042,FASTENERS
MAT042,MAT202,1.0,FASTENERS
MAT042,MAT203,0.5484,FASTENERS
MAT042,MAT204,0.75,FASTENERS
MAT042,MAT206,0.5763,FASTENERS
MAT042,MAT221,0.7042,FASTENERS
MAT042,MAT222,1.0,FASTENERS
MAT042,MAT223,0.5484,FASTENERS
MAT042,MAT224,0.75,FASTENERS
MAT042,MAT226,0.5763,FASTENERS
MAT042,MAT241,0.7042,FASTENERS
MAT042,MAT242,1.0,FASTENERS
MAT042,MAT243,0.5484,FASTENERS
MAT042,MAT244,0.75,FASTENERS
MAT042,MAT246,0.5763,FASTENERS
MAT042,MAT261,0.7042,FASTENERS
MAT042,MAT262,1.0,FASTENERS
MAT042,MAT263,0.5484,FASTENERS
MAT042,MAT264,0.75,FASTENERS
MAT042,MAT266,0.5763,FASTENERS
MAT042,MAT281,0.7042,FASTENERS
MAT042,MAT282,1.0,FASTENERS
MAT042,MAT283,0.5484,FASTENERS
MAT042,MAT284,0.75,FASTENERS
MAT042,MAT286,0.5763,FASTENERS
MAT043,MAT044,0.9189,FASTENERS
MAT043,MAT046,0.5614,FASTENERS
MAT043,MAT061,0.9286,FASTENERS
MAT043,MAT062,0.5484,FASTENERS
MAT043,MAT063,1.0,FASTENERS
MAT043,MAT064,0.9189,FASTENERS
MAT043,MAT066,0.5614,FASTENERS
MAT043,MAT081,0.9286,FASTENERS
MAT043,MAT082,0.5484,FASTENERS
MAT043,MAT083,1.0,FASTENERS
MAT043,MAT084,0.9189,FASTENERS
MAT043,MAT086,0.5614,FASTENERS
MAT043,MAT101,0.9286,FASTENERS
MAT043,MAT102,0.5484,FASTENERS
MAT043,MAT103,1.0,FASTENERS
MAT043,MAT104,0.9189,FASTENERS
MAT043,MAT106,0.5614,FASTENERS
MAT043,MAT121,0.9286,FASTENERS
MAT043,MAT122,0.5484,FASTENERS
MAT043,MAT123,1.0,FASTENERS
MAT043,MAT124,0.9189,FASTENERS
MAT043,MAT126,0.5614,FASTENERS
MAT043,MAT141,0.9286,FASTENERS
MAT043,MAT142,0.5484,FASTENERS
MAT043,MAT143,1.0,FASTENERS
MAT043,MAT144,0.9189,FASTENERS
MAT043,MAT146,0.5614,FASTENERS
MAT043,MAT161,0.9286,FASTENERS
MAT043,MAT162,0.5484,FASTENERS
MAT043,MAT163,1.0,FASTENERS
MAT043,MAT164,0.9189,FASTENERS
MAT043,MAT166,0.5614,FASTENERS
MAT043,MAT181,0.9286,FASTENERS
MAT043,MAT182,0.5484,FASTENERS
MAT043,MAT183,1.0,FASTENERS
MAT043,MAT184,0.9189,FASTENERS
MAT043,MAT186,0.5614,FASTENERS
MAT043,MAT201,0.9286,FASTENERS
MAT043,MAT202,0.5484,FASTENERS
MAT043,MAT203,1.0,FASTENERS
MAT043,MAT204,0.9189,FASTENERS
MAT043,MAT206,0.5614,FASTENERS
MAT043,MAT221,0.9286,FASTENERS
MAT043,MAT222,0.5484,FASTENERS
MAT043,MAT223,1.0,FASTENERS
MAT043,MAT224,0.9189,FASTENERS
MAT043,MAT226,0.5614,FASTENERS
MAT043,MAT241,0.9286,FASTENERS
MAT043,MAT242,0.5484,FASTENERS
MAT043,MAT243,1.0,FASTENERS
MAT043,MAT244,0.9189,FASTENERS
MAT043,MAT246,0.5614,FASTENERS
MAT043,MAT261,0.9286,FASTENERS
MAT043,MAT262,0.5484,FASTENERS
MAT043,MAT263,1.0,FASTENERS
MAT043,MAT264,0.9189,FASTENERS
MAT043,MAT266,0.5614,FASTENERS
MAT043,MAT281,0.9286,FASTENERS
MAT043,MAT282,0.5484,FASTENERS
MAT043,MAT283,1.0,FASTENERS
MAT043,MAT284,0.9189,FASTENERS
MAT043,MAT286,0.5614,FASTENERS
MAT044,MAT045,0.4737,FASTENERS
MAT044,MAT046,0.6207,FASTENERS
MAT044,MAT061,0.7879,FASTENERS
MAT044,MAT062,0.75,FASTENERS
MAT044,MAT063,0.9189,FASTENERS
MAT044,MAT064,1.0,FASTENERS
MAT044,MAT065,0.4737,FASTENERS
MAT044,MAT066,0.6207,FASTENERS
MAT044,MAT081,0.7879,FASTENERS
MAT044,MAT082,0.75,FASTENERS
MAT044,MAT083,0.9189,FASTENERS
MAT044,MAT084,1.0,FASTENERS
MAT044,MAT085,0.4737,FASTENERS
MAT044,MAT086,0.6207,FASTENERS
MAT044,MAT101,0.7879,FASTENERS
MAT044,MAT102,0.75,FASTENERS
MAT044,MAT103,0.9189,FASTENERS
MAT044,MAT104,1.0,FASTENERS
MAT044,MAT105,0.4737,FASTENERS
MAT044,MAT106,0.6207,FASTENERS
MAT044,MAT121,0.7879,FASTENERS
MAT044,MAT122,0.75,FASTENERS
MAT044,MAT123,0.9189,FASTENERS
MAT044,MAT124,1.0,FASTENERS
MAT044,MAT125,0.4737,FASTENERS
MAT044,MAT126,0.6207,FASTENERS
MAT044,MAT141,0.7879,FASTENERS
MAT044,MAT142,0.75,FASTENERS
MAT044,MAT143,0.9189,FASTENERS
MAT044,MAT144,1.0,FASTENERS
MAT044,MAT145,0.4737,FASTENERS
MAT044,MAT146,0.6207,FASTENERS
MAT044,MAT161,0.7879,FASTENERS
MAT044,MAT162,0.75,FASTENERS
MAT044,MAT163,0.9189,FASTENERS
MAT044,MAT164,1.0,FASTENERS
MAT044,MAT165,0.4737,FASTENERS
MAT044,MAT166,0.6207,FASTENERS
MAT044,MAT181,0.7879,FASTENERS
MAT044,MAT182,0.75,FASTENERS
MAT044,MAT183,0.9189,FASTENERS
MAT044,MAT184,1.0,FASTENERS
MAT044,MAT185,0.4737,FASTENERS
MAT044,MAT186,0.6207,FASTENERS
MAT044,MAT201,0.7879,FASTENERS
MAT044,MAT202,0.75,FASTENERS
MAT044,MAT203,0.9189,FASTENERS
MAT044,MAT204,1.0,FASTENERS
MAT044,MAT205,0.4737,FASTENERS
MAT044,MAT206,0.6207,FASTENERS
MAT044,MAT221,0.7879,FASTENERS
MAT044,MAT222,0.75,FASTENERS
MAT044,MAT223,0.9189,FASTENERS
MAT044,MAT224,1.0,FASTENERS
MAT044,MAT225,0.4737,FASTENERS
MAT044,MAT226,0.6207,FASTENERS
MAT044,MAT241,0.7879,FASTENERS
MAT044,MAT242,0.75,FASTENERS
MAT044,MAT243,0.9189,FASTENERS
MAT044,MAT244,1.0,FASTENERS
MAT044,MAT245,0.4737,FASTENERS
MAT044,MAT246,0.6207,FASTENERS
MAT044,MAT261,0.7879,FASTENERS
MAT044,MAT262,0.75,FASTENERS
MAT044,MAT263,0.9189,FASTENERS
MAT044,MAT264,1.0,FASTENERS
MAT044,MAT265,0.4737,FASTENERS
MAT044,MAT266,0.6207,FASTENERS
MAT044,MAT281,0.7879,FASTENERS
MAT044,MAT282,0.75,FASTENERS
MAT044,MAT283,0.9189,FASTENERS
MAT044,MAT284,1.0,FASTENERS
MAT044,MAT285,0.4737,FASTENERS
MAT044,MAT286,0.6207,FASTENERS
MAT045,MAT046,0.7143,FASTENERS
MAT045,MAT064,0.4737,FASTENERS
MAT045,MAT065,1.0,FASTENERS
MAT045,MAT066,0.7143,FASTENERS
MAT045,MAT084,0.4737,FASTENERS
MAT045,MAT085,1.0,FASTENERS
MAT045,MAT086,0.7143,FASTENERS
MAT045,MAT104,0.4737,FASTENERS
MAT045,MAT105,1.0,FASTENERS
MAT045,MAT106,0.7143,FASTENERS
MAT045,MAT124,0.4737,FASTENERS
MAT045,MAT125,1.0,FASTENERS
MAT045,MAT126,0.7143,FASTENERS
MAT045,MAT144,0.4737,FASTENERS
MAT045,MAT145,1.0,FASTENERS
MAT045,MAT146,0.7143,FASTENERS
MAT045,MAT164,0.4737,FASTENERS
MAT045,MAT165,1.0,FASTENERS
MAT045,MAT166,0.7143,FASTENERS
MAT045,MAT184,0.4737,FASTENERS
MAT045,MAT185,1.0,FASTENERS
MAT045,MAT186,0.7143,FASTENERS
MAT045,MAT204,0.4737,FASTENERS
MAT045,MAT205,1.0,FASTENERS
MAT045,MAT206,0.7143,FASTENERS
MAT045,MAT224,0.4737,FASTENERS
MAT045,MAT225,1.0,FASTENERS
MAT045,MAT226,0.7143,FASTENERS
MAT045,MAT244,0.4737,FASTENERS
MAT045,MAT245,1.0,FASTENERS
MAT045,MAT246,0.7143,FASTENERS
MAT045,MAT264,0.4737,FASTENERS
MAT045,MAT265,1.0,FASTENERS
MAT045,MAT266,0.7143,FASTENERS
MAT045,MAT284,0.4737,FASTENERS
MAT045,MAT285,1.0,FASTENERS
MAT045,MAT286,0.7143,FASTENERS
MAT046,MAT061,0.5,FASTENERS
MAT046,MAT062,0.5763,FASTENERS
MAT046,MAT063,0.5614,FASTENERS
MAT046,MAT064,0.6207,FASTENERS
MAT046,MAT065,0.7143,FASTENERS
MAT046,MAT066,1.0,FASTENERS
MAT046,MAT081,0.5,FASTENERS
MAT046,MAT082,0.5763,FASTENERS
MAT046,MAT083,0.5614,FASTENERS
MAT046,MAT084,0.6207,FASTENERS
MAT046,MAT085,0.7143,FASTENERS
MAT046,MAT086,1.0,FASTENERS
MAT046,MAT101,0.5,FASTENERS
MAT046,MAT102,0.5763,FASTENERS
MAT046,MAT103,0.5614,FASTENERS
MAT046,MAT104,0.6207,FASTENERS
MAT046,MAT105,0.7143,FASTENERS
MAT046,MAT106,1.0,FASTENERS
MAT046,MAT121,0.5,FASTENERS
MAT046,MAT122,0.5763,FASTENERS
MAT046,MAT123,0.5614,FASTENERS
MAT046,MAT124,0.6207,FASTENERS
MAT046,MAT125,0.7143,FASTENERS
MAT046,MAT126,1.0,FASTENERS
MAT046,MAT141,0.5,FASTENERS
MAT046,MAT142,0.5763,FASTENERS
MAT046,MAT143,0.5614,FASTENERS
MAT046,MAT144,0.6207,FASTENERS
MAT046,MAT145,0.7143,FASTENERS
MAT046,MAT146,1.0,FASTENERS
MAT046,MAT161,0.5,FASTENERS
MAT046,MAT162,0.5763,FASTENERS
MAT046,MAT163,0.5614,FASTENERS
MAT046,MAT164,0.6207,FASTENERS
MAT046,MAT165,0.7143,FASTENERS
MAT046,MAT166,1.0,FASTENERS
MAT046,MAT181,0.5,FASTENERS
MAT046,MAT182,0.5763,FASTENERS
MAT046,MAT183,0.5614,FASTENERS
MAT046,MAT184,0.6207,FASTENERS
MAT046,MAT185,0.7143,FASTENERS
MAT046,MAT186,1.0,FASTENERS
MAT046,MAT201,0.5,FASTENERS
MAT046,MAT202,0.5763,FASTENERS
MAT046,MAT203,0.5614,FASTENERS
MAT046,MAT204,0.6207,FASTENERS
MAT046,MAT205,0.7143,FASTENERS
MAT046,MAT206,1.0,FASTENERS
MAT046,MAT221,0.5,FASTENERS
MAT046,MAT222,0.5763,FASTENERS
MAT046,MAT223,0.5614,FASTENERS
MAT046,MAT224,0.6207,FASTENERS
MAT046,MAT225,0.7143,FASTENERS
MAT046,MAT226,1.0,FASTENERS
MAT046,MAT241,0.5,FASTENERS
MAT046,MAT242,0.5763,FASTENERS
MAT046,MAT243,0.5614,FASTENERS
MAT046,MAT244,0.6207,FASTENERS
MAT046,MAT245,0.7143,FASTENERS
MAT046,MAT246,1.0,FASTENERS
MAT046,MAT261,0.5,FASTENERS
MAT046,MAT262,0.5763,FASTENERS
MAT046,MAT263,0.5614,FASTENERS
MAT046,MAT264,0.6207,FASTENERS
MAT046,MAT265,0.7143,FASTENERS
MAT046,MAT266,1.0,FASTENERS
MAT046,MAT281,0.5,FASTENERS
MAT046,MAT282,0.5763,FASTENERS
MAT046,MAT283,0.5614,FASTENERS
MAT046,MAT284,0.6207,FASTENERS
MAT046,MAT285,0.7143,FASTENERS
MAT046,MAT286,1.0,FASTENERS
MAT047,MAT048,1.0,BEARINGS
MAT047,MAT049,0.75,BEARINGS
MAT047,MAT050,0.75,BEARINGS
MAT047,MAT067,1.0,BEARINGS
MAT047,MAT068,1.0,BEARINGS
MAT047,MAT069,0.75,BEARINGS
MAT047,MAT070,0.75,BEARINGS
MAT047,MAT087,1.0,BEARINGS
MAT047,MAT088,1.0,BEARINGS
MAT047,MAT089,0.75,BEARINGS
MAT047,MAT090,0.75,BEARINGS
MAT047,MAT107,1.0,BEARINGS
MAT047,MAT108,1.0,BEARINGS
MAT047,MAT109,0.75,BEARINGS
MAT047,MAT110,0.75,BEARINGS
MAT047,MAT127,1.0,BEARINGS
MAT047,MAT128,1.0,BEARINGS
MAT047,MAT129,0.75,BEARINGS
MAT047,MAT130,0.75,BEARINGS
MAT047,MAT147,1.0,BEARINGS
MAT047,MAT148,1.0,BEARINGS
MAT047,MAT149,0.75,BEARINGS
MAT047,MAT150,0.75,BEARINGS
MAT047,MAT167,1.0,BEARINGS
MAT047,MAT168,1.0,BEARINGS
MAT047,MAT169,0.75,BEARINGS
MAT047,MAT170,0.75,BEARINGS
MAT047,MAT187,1.0,BEARINGS
MAT047,MAT188,1.0,BEARINGS
MAT047,MAT189,0.75,BEARINGS
MAT047,MAT190,0.75,BEARINGS
MAT047,MAT207,1.0,BEARINGS
MAT047,MAT208,1.0,BEARINGS
MAT047,MAT209,0.75,BEARINGS
MAT047,MAT210,0.75,BEARINGS
MAT047,MAT227,1.0,BEARINGS
MAT047,MAT228,1.0,BEARINGS
MAT047,MAT229,0.75,BEARINGS
MAT047,MAT230,0.75,BEARINGS
MAT047,MAT247,1.0,BEARINGS
MAT047,MAT248,1.0,BEARINGS
MAT047,MAT249,0.75,BEARINGS
MAT047,MAT250,0.75,BEARINGS
MAT047,MAT267,1.0,BEARINGS
MAT047,MAT268,1.0,BEARINGS
MAT047,MAT269,0.75,BEARINGS
MAT047,MAT270,0.75,BEARINGS
MAT047,MAT287,1.0,BEARINGS
MAT047,MAT288,1.0,BEARINGS
MAT047,MAT289,0.75,BEARINGS
MAT047,MAT290,0.75,BEARINGS
MAT048,MAT049,0.6667,BEARINGS
MAT048,MAT050,0.6667,BEARINGS
MAT048,MAT067,1.0,BEARINGS
MAT048,MAT068,1.0,BEARINGS
MAT048,MAT069,0.6667,BEARINGS
MAT048,MAT070,0.6667,BEARINGS
MAT048,MAT087,1.0,BEARINGS
MAT048,MAT088,1.0,BEARINGS
MAT048,MAT089,0.6667,BEARINGS
MAT048,MAT090,0.6667,BEARINGS
MAT048,MAT107,1.0,BEARINGS
MAT048,MAT108,1.0,BEARINGS
MAT048,MAT109,0.6667,BEARINGS
MAT048,MAT110,0.6667,BEARINGS
MAT048,MAT127,1.0,BEARINGS
MAT048,MAT128,1.0,BEARINGS
MAT048,MAT129,0.6667,BEARINGS
MAT048,MAT130,0.6667,BEARINGS
MAT048,MAT147,1.0,BEARINGS
MAT048,MAT148,1.0,BEARINGS
MAT048,MAT149,0.6667,BEARINGS
MAT048,MAT150,0.6667,BEARINGS
MAT048,MAT167,1.0,BEARINGS
MAT048,MAT168,1.0,BEARINGS
MAT048,MAT169,0.6667,BEARINGS
MAT048,MAT170,0.6667,BEARINGS
MAT048,MAT187,1.0,BEARINGS
MAT048,MAT188,1.0,BEARINGS
MAT048,MAT189,0.6667,BEARINGS
MAT048,MAT190,0.6667,BEARINGS
MAT048,MAT207,1.0,BEARINGS
MAT048,MAT208,1.0,BEARINGS
MAT048,MAT209,0.6667,BEARINGS
MAT048,MAT210,0.6667,BEARINGS
MAT048,MAT227,1.0,BEARINGS
MAT048,MAT228,1.0,BEARINGS
MAT048,MAT229,0.6667,BEARINGS
MAT048,MAT230,0.6667,BEARINGS
MAT048,MAT247,1.0,BEARINGS
MAT048,MAT248,1.0,BEARINGS
MAT048,MAT249,0.6667,BEARINGS
MAT048,MAT250,0.6667,BEARINGS
MAT048,MAT267,1.0,BEARINGS
MAT048,MAT268,1.0,BEARINGS
MAT048,MAT269,0.6667,BEARINGS
MAT048,MAT270,0.6667,BEARINGS
MAT048,MAT287,1.0,BEARINGS
MAT048,MAT288,1.0,BEARINGS
MAT048,MAT289,0.6667,BEARINGS
MAT048,MAT290,0.6667,BEARINGS
MAT049,MAT050,0.68,BEARINGS
MAT049,MAT067,0.75,BEARINGS
MAT049,MAT068,0.6667,BEARINGS
MAT049,MAT069,1.0,BEARINGS
MAT049,MAT070,0.68,BEARINGS
MAT049,MAT087,0.75,BEARINGS
MAT049,MAT088,0.6667,BEARINGS
MAT049,MAT089,1.0,BEARINGS
MAT049,MAT090,0.68,BEARINGS
MAT049,MAT107,0.75,BEARINGS
MAT049,MAT108,0.6667,BEARINGS
MAT049,MAT109,1.0,BEARINGS
MAT049,MAT110,0.68,BEARINGS
MAT049,MAT127,0.75,BEARINGS
MAT049,MAT128,0.6667,BEARINGS
MAT049,MAT129,1.0,BEARINGS
MAT049,MAT130,0.68,BEARINGS
MAT049,MAT147,0.75,BEARINGS
MAT049,MAT148,0.6667,BEARINGS
MAT049,MAT149,1.0,BEARINGS
MAT049,MAT150,0.68,BEARINGS
MAT049,MAT167,0.75,BEARINGS
MAT049,MAT168,0.6667,BEARINGS
MAT049,MAT169,1.0,BEARINGS
MAT049,MAT170,0.68,BEARINGS
MAT049,MAT187,0.75,BEARINGS
MAT049,MAT188,0.6667,BEARINGS
MAT049,MAT189,1.0,BEARINGS
MAT049,MAT190,0.68,BEARINGS
MAT049,MAT207,0.75,BEARINGS
MAT049,MAT208,0.6667,BEARINGS
MAT049,MAT209,1.0,BEARINGS
MAT049,MAT210,0.68,BEARINGS
MAT049,MAT227,0.75,BEARINGS
MAT049,MAT228,0.6667,BEARINGS
MAT049,MAT229,1.0,BEARINGS
MAT049,MAT230,0.68,BEARINGS
MAT049,MAT247,0.75,BEARINGS
MAT049,MAT248,0.6667,BEARINGS
MAT049,MAT249,1.0,BEARINGS
MAT049,MAT250,0.68,BEARINGS
MAT049,MAT267,0.75,BEARINGS
MAT049,MAT268,0.6667,BEARINGS
MAT049,MAT269,1.0,BEARINGS
MAT049,MAT270,0.68,BEARINGS
MAT049,MAT287,0.75,BEARINGS
MAT049,MAT288,0.6667,BEARINGS
MAT049,MAT289,1.0,BEARINGS
MAT049,MAT290,0.68,BEARINGS
MAT050,MAT067,0.75,BEARINGS
MAT050,MAT068,0.6667,BEARINGS
MAT050,MAT069,0.68,BEARINGS
MAT050,MAT070,1.0,BEARINGS
MAT050,MAT087,0.75,BEARINGS
MAT050,MAT088,0.6667,BEARINGS
MAT050,MAT089,0.68,BEARINGS
MAT050,MAT090,1.0,BEARINGS
MAT050,MAT107,0.75,BEARINGS
MAT050,MAT108,0.6667,BEARINGS
MAT050,MAT109,0.68,BEARINGS
MAT050,MAT110,1.0,BEARINGS
MAT050,MAT127,0.75,BEARINGS
MAT050,MAT128,0.6667,BEARINGS
MAT050,MAT129,0.68,BEARINGS
MAT050,MAT130,1.0,BEARINGS
MAT050,MAT147,0.75,BEARINGS
MAT050,MAT148,0.6667,BEARINGS
MAT050,MAT149,0.68,BEARINGS
MAT050,MAT150,1.0,BEARINGS
MAT050,MAT167,0.75,BEARINGS
MAT050,MAT168,0.6667,BEARINGS
MAT050,MAT169,0.68,BEARINGS
MAT050,MAT170,1.0,BEARINGS
MAT050,MAT187,0.75,BEARINGS
MAT050,MAT188,0.6667,BEARINGS
MAT050,MAT189,0.68,BEARINGS
MAT050,MAT190,1.0,BEARINGS
MAT050,MAT207,0.75,BEARINGS
MAT050,MAT208,0.6667,BEARINGS
MAT050,MAT209,0.68,BEARINGS
MAT050,MAT210,1.0,BEARINGS
MAT050,MAT227,0.75,BEARINGS
MAT050,MAT228,0.6667,BEARINGS
MAT050,MAT229,0.68,BEARINGS
MAT050,MAT230,1.0,BEARINGS
MAT050,MAT247,0.75,BEARINGS
MAT050,MAT248,0.6667,BEARINGS
MAT050,MAT249,0.68,BEARINGS
MAT050,MAT250,1.0,BEARINGS
MAT050,MAT267,0.75,BEARINGS
MAT050,MAT268,0.6667,BEARINGS
MAT050,MAT269,0.68,BEARINGS
MAT050,MAT270,1.0,BEARINGS
MAT050,MAT287,0.75,BEARINGS
MAT050,MAT288,0.6667,BEARINGS
MAT050,MAT289,0.68,BEARINGS
MAT050,MAT290,1.0,BEARINGS
MAT051,MAT052,0.6038,LUBRICANTS
MAT051,MAT054,0.8,LUBRICANTS
MAT051,MAT071,1.0,LUBRICANTS
MAT051,MAT072,0.6038,LUBRICANTS
MAT051,MAT074,0.8,LUBRICANTS
MAT051,MAT091,1.0,LUBRICANTS
MAT051,MAT092,0.6038,LUBRICANTS
MAT051,MAT094,0.8,LUBRICANTS
MAT051,MAT111,1.0,LUBRICANTS
MAT051,MAT112,0.6038,LUBRICANTS
MAT051,MAT114,0.8,LUBRICANTS
MAT051,MAT131,1.0,LUBRICANTS
MAT051,MAT132,0.6038,LUBRICANTS
MAT051,MAT134,0.8,LUBRICANTS
MAT051,MAT151,1.0,LUBRICANTS
MAT051,MAT152,0.6038,LUBRICANTS
MAT051,MAT154,0.8,LUBRICANTS
MAT051,MAT171,1.0,LUBRICANTS
MAT051,MAT172,0.6038,LUBRICANTS
MAT051,MAT174,0.8,LUBRICANTS
MAT051,MAT191,1.0,LUBRICANTS
MAT051,MAT192,0.6038,LUBRICANTS
MAT051,MAT194,0.8,LUBRICANTS
MAT051,MAT211,1.0,LUBRICANTS
MAT051,MAT212,0.6038,LUBRICANTS
MAT051,MAT214,0.8,LUBRICANTS
MAT051,MAT231,1.0,LUBRICANTS
MAT051,MAT232,0.6038,LUBRICANTS
MAT051,MAT234,0.8,LUBRICANTS
MAT051,MAT251,1.0,LUBRICANTS
MAT051,MAT252,0.6038,LUBRICANTS
MAT051,MAT254,0.8,LUBRICANTS
MAT051,MAT271,1.0,LUBRICANTS
MAT051,MAT272,0.6038,LUBRICANTS
MAT051,MAT274,0.8,LUBRICANTS
MAT051,MAT291,1.0,LUBRICANTS
MAT051,MAT292,0.6038,LUBRICANTS
MAT051,MAT294,0.8,LUBRICANTS
MAT052,MAT071,0.6038,LUBRICANTS
MAT052,MAT072,1.0,LUBRICANTS
MAT052,MAT091,0.6038,LUBRICANTS
MAT052,MAT092,1.0,LUBRICANTS
MAT052,MAT111,0.6038,LUBRICANTS
MAT052,MAT112,1.0,LUBRICANTS
MAT052,MAT131,0.6038,LUBRICANTS
MAT052,MAT132,1.0,LUBRICANTS
MAT052,MAT151,0.6038,LUBRICANTS
MAT052,MAT152,1.0,LUBRICANTS
MAT052,MAT171,0.6038,LUBRICANTS
MAT052,MAT172,1.0,LUBRICANTS
MAT052,MAT191,0.6038,LUBRICANTS
MAT052,MAT192,1.0,LUBRICANTS
MAT052,MAT211,0.6038,LUBRICANTS
MAT052,MAT212,1.0,LUBRICANTS
MAT052,MAT231,0.6038,LUBRICANTS
MAT052,MAT232,1.0,LUBRICANTS
MAT052,MAT251,0.6038,LUBRICANTS
MAT052,MAT252,1.0,LUBRICANTS
MAT052,MAT271,0.6038,LUBRICANTS
MAT052,MAT272,1.0,LUBRICANTS
MAT052,MAT291,0.6038,LUBRICANTS
MAT052,MAT292,1.0,LUBRICANTS
MAT053,MAT054,0.8462,LUBRICANTS
MAT053,MAT073,1.0,LUBRICANTS
MAT053,MAT074,0.8462,LUBRICANTS
MAT053,MAT093,1.0,LUBRICANTS
MAT053,MAT094,0.8462,LUBRICANTS
MAT053,MAT113,1.0,LUBRICANTS
MAT053,MAT114,0.8462,LUBRICANTS
MAT053,MAT133,1.0,LUBRICANTS
MAT053,MAT134,0.8462,LUBRICANTS
MAT053,MAT153,1.0,LUBRICANTS
MAT053,MAT154,0.8462,LUBRICANTS
MAT053,MAT173,1.0,LUBRICANTS
MAT053,MAT174,0.8462,LUBRICANTS
MAT053,MAT193,1.0,LUBRICANTS
MAT053,MAT194,0.8462,LUBRICANTS
MAT053,MAT213,1.0,LUBRICANTS
MAT053,MAT214,0.8462,LUBRICANTS
MAT053,MAT233,1.0,LUBRICANTS
MAT053,MAT234,0.8462,LUBRICANTS
MAT053,MAT253,1.0,LUBRICANTS
MAT053,MAT254,0.8462,LUBRICANTS
MAT053,MAT273,1.0,LUBRICANTS
MAT053,MAT274,0.8462,LUBRICANTS
MAT053,MAT293,1.0,LUBRICANTS
MAT053,MAT294,0.8462,LUBRICANTS
MAT054,MAT071,0.8,LUBRICANTS
MAT054,MAT073,0.8462,LUBRICANTS
MAT054,MAT074,1.0,LUBRICANTS
MAT054,MAT091,0.8,LUBRICANTS
MAT054,MAT093,0.8462,LUBRICANTS
MAT054,MAT094,1.0,LUBRICANTS
MAT054,MAT111,0.8,LUBRICANTS
MAT054,MAT113,0.8462,LUBRICANTS
MAT054,MAT114,1.0,LUBRICANTS
MAT054,MAT131,0.8,LUBRICANTS
MAT054,MAT133,0.8462,LUBRICANTS
MAT054,MAT134,1.0,LUBRICANTS
MAT054,MAT151,0.8,LUBRICANTS
MAT054,MAT153,0.8462,LUBRICANTS
MAT054,MAT154,1.0,LUBRICANTS
MAT054,MAT171,0.8,LUBRICANTS
MAT054,MAT173,0.8462,LUBRICANTS
MAT054,MAT174,1.0,LUBRICANTS
MAT054,MAT191,0.8,LUBRICANTS
MAT054,MAT193,0.8462,LUBRICANTS
MAT054,MAT194,1.0,LUBRICANTS
MAT054,MAT211,0.8,LUBRICANTS
MAT054,MAT213,0.8462,LUBRICANTS
MAT054,MAT214,1.0,LUBRICANTS
MAT054,MAT231,0.8,LUBRICANTS
MAT054,MAT233,0.8462,LUBRICANTS
MAT054,MAT234,1.0,LUBRICANTS
MAT054,MAT251,0.8,LUBRICANTS
MAT054,MAT253,0.8462,LUBRICANTS
MAT054,MAT254,1.0,LUBRICANTS
MAT054,MAT271,0.8,LUBRICANTS
MAT054,MAT273,0.8462,LUBRICANTS
MAT054,MAT274,1.0,LUBRICANTS
MAT054,MAT291,0.8,LUBRICANTS
MAT054,MAT293,0.8462,LUBRICANTS
MAT054,MAT294,1.0,LUBRICANTS
MAT055,MAT056,0.902,CABLES
MAT055,MAT057,0.4923,CABLES
MAT055,MAT058,0.5283,CABLES
MAT055,MAT075,1.0,CABLES
MAT055,MAT076,0.902,CABLES
MAT055,MAT077,0.4923,CABLES
MAT055,MAT078,0.5283,CABLES
MAT055,MAT095,1.0,CABLES
MAT055,MAT096,0.902,CABLES
MAT055,MAT097,0.4923,CABLES
MAT055,MAT098,0.5283,CABLES
MAT055,MAT115,1.0,CABLES
MAT055,MAT116,0.902,CABLES
MAT055,MAT117,0.4923,CABLES
MAT055,MAT118,0.5283,CABLES
MAT055,MAT135,1.0,CABLES
MAT055,MAT136,0.902,CABLES
MAT055,MAT137,0.4923,CABLES
MAT055,MAT138,0.5283,CABLES
MAT055,MAT155,1.0,CABLES
MAT055,MAT156,0.902,CABLES
MAT055,MAT157,0.4923,CABLES
MAT055,MAT158,0.5283,CABLES
MAT055,MAT175,1.0,CABLES
MAT055,MAT176,0.902,CABLES
MAT055,MAT177,0.4923,CABLES
MAT055,MAT178,0.5283,CABLES
MAT055,MAT195,1.0,CABLES
MAT055,MAT196,0.902,CABLES
MAT055,MAT197,0.4923,CABLES
MAT055,MAT198,0.5283,CABLES
MAT055,MAT215,1.0,CABLES
MAT055,MAT216,0.902,CABLES
MAT055,MAT217,0.4923,CABLES
MAT055,MAT218,0.5283,CABLES
MAT055,MAT235,1.0,CABLES
MAT055,MAT236,0.902,CABLES
MAT055,MAT237,0.4923,CABLES
MAT055,MAT238,0.5283,CABLES
MAT055,MAT255,1.0,CABLES
MAT055,MAT256,0.902,CABLES
MAT055,MAT257,0.4923,CABLES
MAT055,MAT258,0.5283,CABLES
MAT055,MAT275,1.0,CABLES
MAT055,MAT276,0.902,CABLES
MAT055,MAT277,0.4923,CABLES
MAT055,MAT278,0.5283,CABLES
MAT055,MAT295,1.0,CABLES
MAT055,MAT296,0.902,CABLES
MAT055,MAT297,0.4923,CABLES
MAT055,MAT298,0.5283,CABLES
MAT056,MAT057,0.4857,CABLES
MAT056,MAT058,0.5172,CABLES
MAT056,MAT075,0.902,CABLES
MAT056,MAT076,1.0,CABLES
MAT056,MAT077,0.4857,CABLES
MAT056,MAT078,0.5172,CABLES
MAT056,MAT095,0.902,CABLES
MAT056,MAT096,1.0,CABLES
MAT056,MAT097,0.4857,CABLES
MAT056,MAT098,0.5172,CABLES
MAT056,MAT115,0.902,CABLES
MAT056,MAT116,1.0,CABLES
MAT056,MAT117,0.4857,CABLES
MAT056,MAT118,0.5172,CABLES
MAT056,MAT135,0.902,CABLES
MAT056,MAT136,1.0,CABLES
MAT056,MAT137,0.4857,CABLES
MAT056,MAT138,0.5172,CABLES
MAT056,MAT155,0.902,CABLES
MAT056,MAT156,1.0,CABLES
MAT056,MAT157,0.4857,CABLES
MAT056,MAT158,0.5172,CABLES
MAT056,MAT175,0.902,CABLES
MAT056,MAT176,1.0,CABLES
MAT056,MAT177,0.4857,CABLES
MAT056,MAT178,0.5172,CABLES
MAT056,MAT195,0.902,CABLES
MAT056,MAT196,1.0,CABLES
MAT056,MAT197,0.4857,CABLES
MAT056,MAT198,0.5172,CABLES
MAT056,MAT215,0.902,CABLES
MAT056,MAT216,1.0,CABLES
MAT056,MAT217,0.4857,CABLES
MAT056,MAT218,0.5172,CABLES
MAT056,MAT235,0.902,CABLES
MAT056,MAT236,1.0,CABLES
MAT056,MAT237,0.4857,CABLES
MAT056,MAT238,0.5172,CABLES
MAT056,MAT255,0.902,CABLES
MAT056,MAT256,1.0,CABLES
MAT056,MAT257,0.4857,CABLES
MAT056,MAT258,0.5172,CABLES
MAT056,MAT275,0.902,CABLES
MAT056,MAT276,1.0,CABLES
MAT056,MAT277,0.4857,CABLES
MAT056,MAT278,0.5172,CABLES
MAT056,MAT295,0.902,CABLES
MAT056,MAT296,1.0,CABLES
MAT056,MAT297,0.4857,CABLES
MAT056,MAT298,0.5172,CABLES
MAT057,MAT058,0.913,CABLES
MAT057,MAT075,0.4923,CABLES
MAT057,MAT076,0.4857,CABLES
MAT057,MAT077,1.0,CABLES
MAT057,MAT078,0.913,CABLES
MAT057,MAT095,0.4923,CABLES
MAT057,MAT096,0.4857,CABLES
MAT057,MAT097,1.0,CABLES
MAT057,MAT098,0.913,CABLES
MAT057,MAT115,0.4923,CABLES
MAT057,MAT116,0.4857,CABLES
MAT057,MAT117,1.0,CABLES
MAT057,MAT118,0.913,CABLES
MAT057,MAT135,0.4923,CABLES
MAT057,MAT136,0.4857,CABLES
MAT057,MAT137,1.0,CABLES
MAT057,MAT138,0.913,CABLES
MAT057,MAT155,0.4923,CABLES
MAT057,MAT156,0.4857,CABLES
MAT057,MAT157,1.0,CABLES
MAT057,MAT158,0.913,CABLES
MAT057,MAT175,0.4923,CABLES
MAT057,MAT176,0.4857,CABLES
MAT057,MAT177,1.0,CABLES
MAT057,MAT178,0.913,CABLES
MAT057,MAT195,0.4923,CABLES
MAT057,MAT196,0.4857,CABLES
MAT057,MAT197,1.0,CABLES
MAT057,MAT198,0.913,CABLES
MAT057,MAT215,0.4923,CABLES
MAT057,MAT216,0.4857,CABLES
MAT057,MAT217,1.0,CABLES
MAT057,MAT218,0.913,CABLES
MAT057,MAT235,0.4923,CABLES
MAT057,MAT236,0.4857,CABLES
MAT057,MAT237,1.0,CABLES
MAT057,MAT238,0.913,CABLES
MAT057,MAT255,0.4923,CABLES
MAT057,MAT256,0.4857,CABLES
MAT057,MAT257,1.0,CABLES
MAT057,MAT258,0.913,CABLES
MAT057,MAT275,0.4923,CABLES
MAT057,MAT276,0.4857,CABLES
MAT057,MAT277,1.0,CABLES
MAT057,MAT278,0.913,CABLES
MAT057,MAT295,0.4923,CABLES
MAT057,MAT296,0.4857,CABLES
MAT057,MAT297,1.0,CABLES
MAT057,MAT298,0.913,CABLES
MAT058,MAT075,0.5283,CABLES
MAT058,MAT076,0.5172,CABLES
MAT058,MAT077,0.913,CABLES
MAT058,MAT078,1.0,CABLES
MAT058,MAT095,0.5283,CABLES
MAT058,MAT096,0.5172,CABLES
MAT058,MAT097,0.913,CABLES
MAT058,MAT098,1.0,CABLES
MAT058,MAT115,0.5283,CABLES
MAT058,MAT116,0.5172,CABLES
MAT058,MAT117,0.913,CABLES
MAT058,MAT118,1.0,CABLES
MAT058,MAT135,0.5283,CABLES
MAT058,MAT136,0.5172,CABLES
MAT058,MAT137,0.913,CABLES
MAT058,MAT138,1.0,CABLES
MAT058,MAT155,0.5283,CABLES
MAT058,MAT156,0.5172,CABLES
MAT058,MAT157,0.913,CABLES
MAT058,MAT158,1.0,CABLES
MAT058,MAT175,0.5283,CABLES
MAT058,MAT176,0.5172,CABLES
MAT058,MAT177,0.913,CABLES
MAT058,MAT178,1.0,CABLES
MAT058,MAT195,0.5283,CABLES
MAT058,MAT196,0.5172,CABLES
MAT058,MAT197,0.913,CABLES
MAT058,MAT198,1.0,CABLES
MAT058,MAT215,0.5283,CABLES
MAT058,MAT216,0.5172,CABLES
MAT058,MAT217,0.913,CABLES
MAT058,MAT218,1.0,CABLES
MAT058,MAT235,0.5283,CABLES
MAT058,MAT236,0.5172,CABLES
MAT058,MAT237,0.913,CABLES
MAT058,MAT238,1.0,CABLES
MAT058,MAT255,0.5283,CABLES
MAT058,MAT256,0.5172,CABLES
MAT058,MAT257,0.913,CABLES
MAT058,MAT258,1.0,CABLES
MAT058,MAT275,0.5283,CABLES
MAT058,MAT276,0.5172,CABLES
MAT058,MAT277,0.913,CABLES
MAT058,MAT278,1.0,CABLES
MAT058,MAT295,0.5283,CABLES
MAT058,MAT296,0.5172,CABLES
MAT058,MAT297,0.913,CABLES
MAT058,MAT298,1.0,CABLES
MAT059,MAT060,0.8571,SAFETY
MAT059,MAT079,1.0,SAFETY
MAT059,MAT080,0.8571,SAFETY
MAT059,MAT099,1.0,SAFETY
MAT059,MAT100,0.8571,SAFETY
MAT059,MAT119,1.0,SAFETY
MAT059,MAT120,0.8571,SAFETY
MAT059,MAT139,1.0,SAFETY
MAT059,MAT140,0.8571,SAFETY
MAT059,MAT159,1.0,SAFETY
MAT059,MAT160,0.8571,SAFETY
MAT059,MAT179,1.0,SAFETY
MAT059,MAT180,0.8571,SAFETY
MAT059,MAT199,1.0,SAFETY
MAT059,MAT200,0.8571,SAFETY
MAT059,MAT219,1.0,SAFETY
MAT059,MAT220,0.8571,SAFETY
MAT059,MAT239,1.0,SAFETY
MAT059,MAT240,0.8571,SAFETY
MAT059,MAT259,1.0,SAFETY
MAT059,MAT260,0.8571,SAFETY
MAT059,MAT279,1.0,SAFETY
MAT059,MAT280,0.8571,SAFETY
MAT059,MAT299,1.0,SAFETY
MAT059,MAT300,0.8571,SAFETY
MAT060,MAT079,0.8571,SAFETY
MAT060,MAT080,1.0,SAFETY
MAT060,MAT099,0.8571,SAFETY
MAT060,MAT100,1.0,SAFETY
MAT060,MAT119,0.8571,SAFETY
MAT060,MAT120,1.0,SAFETY
MAT060,MAT139,0.8571,SAFETY
MAT060,MAT140,1.0,SAFETY
MAT060,MAT159,0.8571,SAFETY
MAT060,MAT160,1.0,SAFETY
MAT060,MAT179,0.8571,SAFETY
MAT060,MAT180,1.0,SAFETY
MAT060,MAT199,0.8571,SAFETY
MAT060,MAT200,1.0,SAFETY
MAT060,MAT219,0.8571,SAFETY
MAT060,MAT220,1.0,SAFETY
MAT060,MAT239,0.8571,SAFETY
MAT060,MAT240,1.0,SAFETY
MAT060,MAT259,0.8571,SAFETY
MAT060,MAT260,1.0,SAFETY
MAT060,MAT279,0.8571,SAFETY
MAT060,MAT280,1.0,SAFETY
MAT060,MAT299,0.8571,SAFETY
MAT060,MAT300,1.0,SAFETY
MAT061,MAT062,0.7042,FASTENERS
MAT061,MAT063,0.9286,FASTENERS
MAT061,MAT064,0.7879,FASTENERS
MAT061,MAT066,0.5,FASTENERS
MAT061,MAT081,1.0,FASTENERS
MAT061,MAT082,0.7042,FASTENERS
MAT061,MAT083,0.9286,FASTENERS
MAT061,MAT084,0.7879,FASTENERS
MAT061,MAT086,0.5,FASTENERS
MAT061,MAT101,1.0,FASTENERS
MAT061,MAT102,0.7042,FASTENERS
MAT061,MAT103,0.9286,FASTENERS
MAT061,MAT104,0.7879,FASTENERS
MAT061,MAT106,0.5,FASTENERS
MAT061,MAT121,1.0,FASTENERS
MAT061,MAT122,0.7042,FASTENERS
MAT061,MAT123,0.9286,FASTENERS
MAT061,MAT124,0.7879,FASTENERS
MAT061,MAT126,0.5,FASTENERS
MAT061,MAT141,1.0,FASTENERS
MAT061,MAT142,0.7042,FASTENERS
MAT061,MAT143,0.9286,FASTENERS
MAT061,MAT144,0.7879,FASTENERS
MAT061,MAT146,0.5,FASTENERS
MAT061,MAT161,1.0,FASTENERS
MAT061,MAT162,0.7042,FASTENERS
MAT061,MAT163,0.9286,FASTENERS
MAT061,MAT164,0.7879,FASTENERS
MAT061,MAT166,0.5,FASTENERS
MAT061,MAT181,1.0,FASTENERS
MAT061,MAT182,0.7042,FASTENERS
MAT061,MAT183,0.9286,FASTENERS
MAT061,MAT184,0.7879,FASTENERS
MAT061,MAT186,0.5,FASTENERS
MAT061,MAT201,1.0,FASTENERS
MAT061,MAT202,0.7042,FASTENERS
MAT061,MAT203,0.9286,FASTENERS
MAT061,MAT204,0.7879,FASTENERS
MAT061,MAT206,0.5,FASTENERS
MAT061,MAT221,1.0,FASTENERS
MAT061,MAT222,0.7042,FASTENERS
MAT061,MAT223,0.9286,FASTENERS
MAT061,MAT224,0.7879,FASTENERS
MAT061,MAT226,0.5,FASTENERS
MAT061,MAT241,1.0,FASTENERS
MAT061,MAT242,0.7042,FASTENERS
MAT061,MAT243,0.9286,FASTENERS
MAT061,MAT244,0.7879,FASTENERS
MAT061,MAT246,0.5,FASTENERS
MAT061,MAT261,1.0,FASTENERS
MAT061,MAT262,0.7042,FASTENERS
MAT061,MAT263,0.9286,FASTENERS
MAT061,MAT264,0.7879,FASTENERS
MAT061,MAT266,0.5,FASTENERS
MAT061,MAT281,1.0,FASTENERS
MAT061,MAT282,0.7042,FASTENERS
MAT061,MAT283,0.9286,FASTENERS
MAT061,MAT284,0.7879,FASTENERS
MAT061,MAT286,0.5,FASTENERS
MAT062,MAT063,0.5484,FASTENERS
MAT062,MAT064,0.75,FASTENERS
MAT062,MAT066,0.5763,FASTENERS
MAT062,MAT081,0.7042,FASTENERS
MAT062,MAT082,1.0,FASTENERS
MAT062,MAT083,0.5484,FASTENERS
MAT062,MAT084,0.75,FASTENERS
MAT062,MAT086,0.5763,FASTENERS
MAT062,MAT101,0.7042,FASTENERS
MAT062,MAT102,1.0,FASTENERS
MAT062,MAT103,0.5484,FASTENERS
MAT062,MAT104,0.75,FASTENERS
MAT062,MAT106,0.5763,FASTENERS
MAT062,MAT121,0.7042,FASTENERS
MAT062,MAT122,1.0,FASTENERS
MAT062,MAT123,0.5484,FASTENERS
MAT062,MAT124,0.75,FASTENERS
MAT062,MAT126,0.5763,FASTENERS
MAT062,MAT141,0.7042,FASTENERS
MAT062,MAT142,1.0,FASTENERS
MAT062,MAT143,0.5484,FASTENERS
MAT062,MAT144,0.75,FASTENERS
MAT062,MAT146,0.5763,FASTENERS
MAT062,MAT161,0.7042,FASTENERS
MAT062,MAT162,1.0,FASTENERS
MAT062,MAT163,0.5484,FASTENERS
MAT062,MAT164,0.75,FASTENERS
MAT062,MAT166,0.5763,FASTENERS
MAT062,MAT181,0.7042,FASTENERS
MAT062,MAT182,1.0,FASTENERS
MAT062,MAT183,0.5484,FASTENERS
MAT062,MAT184,0.75,FASTENERS
MAT062,MAT186,0.5763,FASTENERS
MAT062,MAT201,0.7042,FASTENERS
MAT062,MAT202,1.0,FASTENERS
MAT062,MAT203,0.5484,FASTENERS
MAT062,MAT204,0.75,FASTENERS
MAT062,MAT206,0.5763,FASTENERS
MAT062,MAT221,0.7042,FASTENERS
MAT062,MAT222,1.0,FASTENERS
MAT062,MAT223,0.5484,FASTENERS
MAT062,MAT224,0.75,FASTENERS
MAT062,MAT226,0.5763,FASTENERS
MAT062,MAT241,0.7042,FASTENERS
MAT062,MAT242,1.0,FASTENERS
MAT062,MAT243,0.5484,FASTENERS
MAT062,MAT244,0.75,FASTENERS
MAT062,MAT246,0.5763,FASTENERS
MAT062,MAT261,0.7042,FASTENERS
MAT062,MAT262,1.0,FASTENERS
MAT062,MAT263,0.5484,FASTENERS
MAT062,MAT264,0.75,FASTENERS
MAT062,MAT266,0.5763,FASTENERS
MAT062,MAT281,0.7042,FASTENERS
MAT062,MAT282,1.0,FASTENERS
MAT062,MAT283,0.5484,FASTENERS
MAT062,MAT284,0.75,FASTENERS
MAT062,MAT286,0.5763,FASTENERS
MAT063,MAT064,0.9189,FASTENERS
MAT063,MAT066,0.5614,FASTENERS
MAT063,MAT081,0.9286,FASTENERS
MAT063,MAT082,0.5484,FASTENERS
MAT063,MAT083,1.0,FASTENERS
MAT063,MAT084,0.9189,FASTENERS
MAT063,MAT086,0.5614,FASTENERS
MAT063,MAT101,0.9286,FASTENERS
MAT063,MAT102,0.5484,FASTENERS
MAT063,MAT103,1.0,FASTENERS
MAT063,MAT104,0.9189,FASTENERS
MAT063,MAT106,0.5614,FASTENERS
MAT063,MAT121,0.9286,FASTENERS
MAT063,MAT122,0.5484,FASTENERS
MAT063,MAT123,1.0,FASTENERS
MAT063,MAT124,0.9189,FASTENERS
MAT063,MAT126,0.5614,FASTENERS
MAT063,MAT141,0.9286,FASTENERS
MAT063,MAT142,0.5484,FASTENERS
MAT063,MAT143,1.0,FASTENERS
MAT063,MAT144,0.9189,FASTENERS
MAT063,MAT146,0.5614,FASTENERS
MAT063,MAT161,0.9286,FASTENERS
MAT063,MAT162,0.5484,FASTENERS
MAT063,MAT163,1.0,FASTENERS
MAT063,MAT164,0.9189,FASTENERS
MAT063,MAT166,0.5614,FASTENERS
MAT063,MAT181,0.9286,FASTENERS
MAT063,MAT182,0.5484,FASTENERS
MAT063,MAT183,1.0,FASTENERS
MAT063,MAT184,0.9189,FASTENERS
MAT063,MAT186,0.5614,FASTENERS
MAT063,MAT201,0.9286,FASTENERS
MAT063,MAT202,0.5484,FASTENERS
MAT063,MAT203,1.0,FASTENERS
MAT063,MAT204,0.9189,FASTENERS
MAT063,MAT206,0.5614,FASTENERS
MAT063,MAT221,0.9286,FASTENERS
MAT063,MAT222,0.5484,FASTENERS
MAT063,MAT223,1.0,FASTENERS
MAT063,MAT224,0.9189,FASTENERS
MAT063,MAT226,0.5614,FASTENERS
MAT063,MAT241,0.9286,FASTENERS
MAT063,MAT242,0.5484,FASTENERS
MAT063,MAT243,1.0,FASTENERS
MAT063,MAT244,0.9189,FASTENERS
MAT063,MAT246,0.5614,FASTENERS
MAT063,MAT261,0.9286,FASTENERS
MAT063,MAT262,0.5484,FASTENERS
MAT063,MAT263,1.0,FASTENERS
MAT063,MAT264,0.9189,FASTENERS
MAT063,MAT266,0.5614,FASTENERS
MAT063,MAT281,0.9286,FASTENERS
MAT063,MAT282,0.5484,FASTENERS
MAT063,MAT283,1.0,FASTENERS
MAT063,MAT284,0.9189,FASTENERS
MAT063,MAT286,0.5614,FASTENERS
MAT064,MAT065,0.4737,FASTENERS
MAT064,MAT066,0.6207,FASTENERS
MAT064,MAT081,0.7879,FASTENERS
MAT064,MAT082,0.75,FASTENERS
MAT064,MAT083,0.9189,FASTENERS
MAT064,MAT084,1.0,FASTENERS
MAT064,MAT085,0.4737,FASTENERS
MAT064,MAT086,0.6207,FASTENERS
MAT064,MAT101,0.7879,FASTENERS
MAT064,MAT102,0.75,FASTENERS
MAT064,MAT103,0.9189,FASTENERS
MAT064,MAT104,1.0,FASTENERS
MAT064,MAT105,0.4737,FASTENERS
MAT064,MAT106,0.6207,FASTENERS
MAT064,MAT121,0.7879,FASTENERS
MAT064,MAT122,0.75,FASTENERS
MAT064,MAT123,0.9189,FASTENERS
MAT064,MAT124,1.0,FASTENERS
MAT064,MAT125,0.4737,FASTENERS
MAT064,MAT126,0.6207,FASTENERS
MAT064,MAT141,0.7879,FASTENERS
MAT064,MAT142,0.75,FASTENERS
MAT064,MAT143,0.9189,FASTENERS
MAT064,MAT144,1.0,FASTENERS
MAT064,MAT145,0.4737,FASTENERS
MAT064,MAT146,0.6207,FASTENERS
MAT064,MAT161,0.7879,FASTENERS
MAT064,MAT162,0.75,FASTENERS
MAT064,MAT163,0.9189,FASTENERS
MAT064,MAT164,1.0,FASTENERS
MAT064,MAT165,0.4737,FASTENERS
MAT064,MAT166,0.6207,FASTENERS
MAT064,MAT181,0.7879,FASTENERS
MAT064,MAT182,0.75,FASTENERS
MAT064,MAT183,0.9189,FASTENERS
MAT064,MAT184,1.0,FASTENERS
MAT064,MAT185,0.4737,FASTENERS
MAT064,MAT186,0.6207,FASTENERS
MAT064,MAT201,0.7879,FASTENERS
MAT064,MAT202,0.75,FASTENERS
MAT064,MAT203,0.9189,FASTENERS
MAT064,MAT204,1.0,FASTENERS
MAT064,MAT205,0.4737,FASTENERS
MAT064,MAT206,0.6207,FASTENERS
MAT064,MAT221,0.7879,FASTENERS
MAT064,MAT222,0.75,FASTENERS
MAT064,MAT223,0.9189,FASTENERS
MAT064,MAT224,1.0,FASTENERS
MAT064,MAT225,0.4737,FASTENERS
MAT064,MAT226,0.6207,FASTENERS
MAT064,MAT241,0.7879,FASTENERS
MAT064,MAT242,0.75,FASTENERS
MAT064,MAT243,0.9189,FASTENERS
MAT064,MAT244,1.0,FASTENERS
MAT064,MAT245,0.4737,FASTENERS
MAT064,MAT246,0.6207,FASTENERS
MAT064,MAT261,0.7879,FASTENERS
MAT064,MAT262,0.75,FASTENERS
MAT064,MAT263,0.9189,FASTENERS
MAT064,MAT264,1.0,FASTENERS
MAT064,MAT265,0.4737,FASTENERS
MAT064,MAT266,0.6207,FASTENERS
MAT064,MAT281,0.7879,FASTENERS
MAT064,MAT282,0.75,FASTENERS
MAT064,MAT283,0.9189,FASTENERS
MAT064,MAT284,1.0,FASTENERS
MAT064,MAT285,0.4737,FASTENERS
MAT064,MAT286,0.6207,FASTENERS
MAT065,MAT066,0.7143,FASTENERS
MAT065,MAT084,0.4737,FASTENERS
MAT065,MAT085,1.0,FASTENERS
MAT065,MAT086,0.7143,FASTENERS
MAT065,MAT104,0.4737,FASTENERS
MAT065,MAT105,1.0,FASTENERS
MAT065,MAT106,0.7143,FASTENERS
MAT065,MAT124,0.4737,FASTENERS
MAT065,MAT125,1.0,FASTENERS
MAT065,MAT126,0.7143,FASTENERS
MAT065,MAT144,0.4737,FASTENERS
MAT065,MAT145,1.0,FASTENERS
MAT065,MAT146,0.7143,FASTENERS
MAT065,MAT164,0.4737,FASTENERS
MAT065,MAT165,1.0,FASTENERS
MAT065,MAT166,0.7143,FASTENERS
MAT065,MAT184,0.4737,FASTENERS
MAT065,MAT185,1.0,FASTENERS
MAT065,MAT186,0.7143,FASTENERS
MAT065,MAT204,0.4737,FASTENERS
MAT065,MAT205,1.0,FASTENERS
MAT065,MAT206,0.7143,FASTENERS
MAT065,MAT224,0.4737,FASTENERS
MAT065,MAT225,1.0,FASTENERS
MAT065,MAT226,0.7143,FASTENERS
MAT065,MAT244,0.4737,FASTENERS
MAT065,MAT245,1.0,FASTENERS
MAT065,MAT246,0.7143,FASTENERS
MAT065,MAT264,0.4737,FASTENERS
MAT065,MAT265,1.0,FASTENERS
MAT065,MAT266,0.7143,FASTENERS
MAT065,MAT284,0.4737,FASTENERS
MAT065,MAT285,1.0,FASTENERS
MAT065,MAT286,0.7143,FASTENERS
MAT066,MAT081,0.5,FASTENERS
MAT066,MAT082,0.5763,FASTENERS
MAT066,MAT083,0.5614,FASTENERS
MAT066,MAT084,0.6207,FASTENERS
MAT066,MAT085,0.7143,FASTENERS
MAT066,MAT086,1.0,FASTENERS
MAT066,MAT101,0.5,FASTENERS
MAT066,MAT102,0.5763,FASTENERS
MAT066,MAT103,0.5614,FASTENERS
MAT066,MAT104,0.6207,FASTENERS
MAT066,MAT105,0.7143,FASTENERS
MAT066,MAT106,1.0,FASTENERS
MAT066,MAT121,0.5,FASTENERS
MAT066,MAT122,0.5763,FASTENERS
MAT066,MAT123,0.5614,FASTENERS
MAT066,MAT124,0.6207,FASTENERS
MAT066,MAT125,0.7143,FASTENERS
MAT066,MAT126,1.0,FASTENERS
MAT066,MAT141,0.5,FASTENERS
MAT066,MAT142,0.5763,FASTENERS
MAT066,MAT143,0.5614,FASTENERS
MAT066,MAT144,0.6207,FASTENERS
MAT066,MAT145,0.7143,FASTENERS
MAT066,MAT146,1.0,FASTENERS
MAT066,MAT161,0.5,FASTENERS
MAT066,MAT162,0.5763,FASTENERS
MAT066,MAT163,0.5614,FASTENERS
MAT066,MAT164,0.6207,FASTENERS
MAT066,MAT165,0.7143,FASTENERS
MAT066,MAT166,1.0,FASTENERS
MAT066,MAT181,0.5,FASTENERS
MAT066,MAT182,0.5763,FASTENERS
MAT066,MAT183,0.5614,FASTENERS
MAT066,MAT184,0.6207,FASTENERS
MAT066,MAT185,0.7143,FASTENERS
MAT066,MAT186,1.0,FASTENERS
MAT066,MAT201,0.5,FASTENERS
MAT066,MAT202,0.5763,FASTENERS
MAT066,MAT203,0.5614,FASTENERS
MAT066,MAT204,0.6207,FASTENERS
MAT066,MAT205,0.7143,FASTENERS
MAT066,MAT206,1.0,FASTENERS
MAT066,MAT221,0.5,FASTENERS
MAT066,MAT222,0.5763,FASTENERS
MAT066,MAT223,0.5614,FASTENERS
MAT066,MAT224,0.6207,FASTENERS
MAT066,MAT225,0.7143,FASTENERS
MAT066,MAT226,1.0,FASTENERS
MAT066,MAT241,0.5,FASTENERS
MAT066,MAT242,0.5763,FASTENERS
MAT066,MAT243,0.5614,FASTENERS
MAT066,MAT244,0.6207,FASTENERS
MAT066,MAT245,0.7143,FASTENERS
MAT066,MAT246,1.0,FASTENERS
MAT066,MAT261,0.5,FASTENERS
MAT066,MAT262,0.5763,FASTENERS
MAT066,MAT263,0.5614,FASTENERS
MAT066,MAT264,0.6207,FASTENERS
MAT066,MAT265,0.7143,FASTENERS
MAT066,MAT266,1.0,FASTENERS
MAT066,MAT281,0.5,FASTENERS
MAT066,MAT282,0.5763,FASTENERS
MAT066,MAT283,0.5614,FASTENERS
MAT066,MAT284,0.6207,FASTENERS
MAT066,MAT285,0.7143,FASTENERS
MAT066,MAT286,1.0,FASTENERS
MAT067,MAT068,1.0,BEARINGS
MAT067,MAT069,0.75,BEARINGS
MAT067,MAT070,0.75,BEARINGS
MAT067,MAT087,1.0,BEARINGS
MAT067,MAT088,1.0,BEARINGS
MAT067,MAT089,0.75,BEARINGS
MAT067,MAT090,0.75,BEARINGS
MAT067,MAT107,1.0,BEARINGS
MAT067,MAT108,1.0,BEARINGS
MAT067,MAT109,0.75,BEARINGS
MAT067,MAT110,0.75,BEARINGS
MAT067,MAT127,1.0,BEARINGS
MAT067,MAT128,1.0,BEARINGS
MAT067,MAT129,0.75,BEARINGS
MAT067,MAT130,0.75,BEARINGS
MAT067,MAT147,1.0,BEARINGS
MAT067,MAT148,1.0,BEARINGS
MAT067,MAT149,0.75,BEARINGS
MAT067,MAT150,0.75,BEARINGS
MAT067,MAT167,1.0,BEARINGS
MAT067,MAT168,1.0,BEARINGS
MAT067,MAT169,0.75,BEARINGS
MAT067,MAT170,0.75,BEARINGS
MAT067,MAT187,1.0,BEARINGS
MAT067,MAT188,1.0,BEARINGS
MAT067,MAT189,0.75,BEARINGS
MAT067,MAT190,0.75,BEARINGS
MAT067,MAT207,1.0,BEARINGS
MAT067,MAT208,1.0,BEARINGS
MAT067,MAT209,0.75,BEARINGS
MAT067,MAT210,0.75,BEARINGS
MAT067,MAT227,1.0,BEARINGS
MAT067,MAT228,1.0,BEARINGS
MAT067,MAT229,0.75,BEARINGS
MAT067,MAT230,0.75,BEARINGS
MAT067,MAT247,1.0,BEARINGS
MAT067,MAT248,1.0,BEARINGS
MAT067,MAT249,0.75,BEARINGS
MAT067,MAT250,0.75,BEARINGS
MAT067,MAT267,1.0,BEARINGS
MAT067,MAT268,1.0,BEARINGS
MAT067,MAT269,0.75,BEARINGS
MAT067,MAT270,0.75,BEARINGS
MAT067,MAT287,1.0,BEARINGS
MAT067,MAT288,1.0,BEARINGS
MAT067,MAT289,0.75,BEARINGS
MAT067,MAT290,0.75,BEARINGS
MAT068,MAT069,0.6667,BEARINGS
MAT068,MAT070,0.6667,BEARINGS
MAT068,MAT087,1.0,BEARINGS
MAT068,MAT088,1.0,BEARINGS
MAT068,MAT089,0.6667,BEARINGS
MAT068,MAT090,0.6667,BEARINGS
MAT068,MAT107,1.0,BEARINGS
MAT068,MAT108,1.0,BEARINGS
MAT068,MAT109,0.6667,BEARINGS
MAT068,MAT110,0.6667,BEARINGS
MAT068,MAT127,1.0,BEARINGS
MAT068,MAT128,1.0,BEARINGS
MAT068,MAT129,0.6667,BEARINGS
MAT068,MAT130,0.6667,BEARINGS
MAT068,MAT147,1.0,BEARINGS
MAT068,MAT148,1.0,BEARINGS
MAT068,MAT149,0.6667,BEARINGS
MAT068,MAT150,0.6667,BEARINGS
MAT068,MAT167,1.0,BEARINGS
MAT068,MAT168,1.0,BEARINGS
MAT068,MAT169,0.6667,BEARINGS
MAT068,MAT170,0.6667,BEARINGS
MAT068,MAT187,1.0,BEARINGS
MAT068,MAT188,1.0,BEARINGS
MAT068,MAT189,0.6667,BEARINGS
MAT068,MAT190,0.6667,BEARINGS
MAT068,MAT207,1.0,BEARINGS
MAT068,MAT208,1.0,BEARINGS
MAT068,MAT209,0.6667,BEARINGS
MAT068,MAT210,0.6667,BEARINGS
MAT068,MAT227,1.0,BEARINGS
MAT068,MAT228,1.0,BEARINGS
MAT068,MAT229,0.6667,BEARINGS
MAT068,MAT230,0.6667,BEARINGS
MAT068,MAT247,1.0,BEARINGS
MAT068,MAT248,1.0,BEARINGS
MAT068,MAT249,0.6667,BEARINGS
MAT068,MAT250,0.6667,BEARINGS
MAT068,MAT267,1.0,BEARINGS
MAT068,MAT268,1.0,BEARINGS
MAT068,MAT269,0.6667,BEARINGS
MAT068,MAT270,0.6667,BEARINGS
MAT068,MAT287,1.0,BEARINGS
MAT068,MAT288,1.0,BEARINGS
MAT068,MAT289,0.6667,BEARINGS
MAT068,MAT290,0.6667,BEARINGS
MAT069,MAT070,0.68,BEARINGS
MAT069,MAT087,0.75,BEARINGS
MAT069,MAT088,0.6667,BEARINGS
MAT069,MAT089,1.0,BEARINGS
MAT069,MAT090,0.68,BEARINGS
MAT069,MAT107,0.75,BEARINGS
MAT069,MAT108,0.6667,BEARINGS
MAT069,MAT109,1.0,BEARINGS
MAT069,MAT110,0.68,BEARINGS
MAT069,MAT127,0.75,BEARINGS
MAT069,MAT128,0.6667,BEARINGS
MAT069,MAT129,1.0,BEARINGS
MAT069,MAT130,0.68,BEARINGS
MAT069,MAT147,0.75,BEARINGS
MAT069,MAT148,0.6667,BEARINGS
MAT069,MAT149,1.0,BEARINGS
MAT069,MAT150,0.68,BEARINGS
MAT069,MAT167,0.75,BEARINGS
MAT069,MAT168,0.6667,BEARINGS
MAT069,MAT169,1.0,BEARINGS
MAT069,MAT170,0.68,BEARINGS
MAT069,MAT187,0.75,BEARINGS
MAT069,MAT188,0.6667,BEARINGS
MAT069,MAT189,1.0,BEARINGS
MAT069,MAT190,0.68,BEARINGS
MAT069,MAT207,0.75,BEARINGS
MAT069,MAT208,0.6667,BEARINGS
MAT069,MAT209,1.0,BEARINGS
MAT069,MAT210,0.68,BEARINGS
MAT069,MAT227,0.75,BEARINGS
MAT069,MAT228,0.6667,BEARINGS
MAT069,MAT229,1.0,BEARINGS
MAT069,MAT230,0.68,BEARINGS
MAT069,MAT247,0.75,BEARINGS
MAT069,MAT248,0.6667,BEARINGS
MAT069,MAT249,1.0,BEARINGS
MAT069,MAT250,0.68,BEARINGS
MAT069,MAT267,0.75,BEARINGS
MAT069,MAT268,0.6667,BEARINGS
MAT069,MAT269,1.0,BEARINGS
MAT069,MAT270,0.68,BEARINGS
MAT069,MAT287,0.75,BEARINGS
MAT069,MAT288,0.6667,BEARINGS
MAT069,MAT289,1.0,BEARINGS
MAT069,MAT290,0.68,BEARINGS
MAT070,MAT087,0.75,BEARINGS
MAT070,MAT088,0.6667,BEARINGS
MAT070,MAT089,0.68,BEARINGS
MAT070,MAT090,1.0,BEARINGS
MAT070,MAT107,0.75,BEARINGS
MAT070,MAT108,0.6667,BEARINGS
MAT070,MAT109,0.68,BEARINGS
MAT070,MAT110,1.0,BEARINGS
MAT070,MAT127,0.75,BEARINGS
MAT070,MAT128,0.6667,BEARINGS
MAT070,MAT129,0.68,BEARINGS
MAT070,MAT130,1.0,BEARINGS
MAT070,MAT147,0.75,BEARINGS
MAT070,MAT148,0.6667,BEARINGS
MAT070,MAT149,0.68,BEARINGS
MAT070,MAT150,1.0,BEARINGS
MAT070,MAT167,0.75,BEARINGS
MAT070,MAT168,0.6667,BEARINGS
MAT070,MAT169,0.68,BEARINGS
MAT070,MAT170,1.0,BEARINGS
MAT070,MAT187,0.75,BEARINGS
MAT070,MAT188,0.6667,BEARINGS
MAT070,MAT189,0.68,BEARINGS
MAT070,MAT190,1.0,BEARINGS
MAT070,MAT207,0.75,BEARINGS
MAT070,MAT208,0.6667,BEARINGS
MAT070,MAT209,0.68,BEARINGS
MAT070,MAT210,1.0,BEARINGS
MAT070,MAT227,0.75,BEARINGS
MAT070,MAT228,0.6667,BEARINGS
MAT070,MAT229,0.68,BEARINGS
MAT070,MAT230,1.0,BEARINGS
MAT070,MAT247,0.75,BEARINGS
MAT070,MAT248,0.6667,BEARINGS
MAT070,MAT249,0.68,BEARINGS
MAT070,MAT250,1.0,BEARINGS
MAT070,MAT267,0.75,BEARINGS
MAT070,MAT268,0.6667,BEARINGS
MAT070,MAT269,0.68,BEARINGS
MAT070,MAT270,1.0,BEARINGS
MAT070,MAT287,0.75,BEARINGS
MAT070,MAT288,0.6667,BEARINGS
MAT070,MAT289,0.68,BEARINGS
MAT070,MAT290,1.0,BEARINGS
MAT071,MAT072,0.6038,LUBRICANTS
MAT071,MAT074,0.8,LUBRICANTS
MAT071,MAT091,1.0,LUBRICANTS
MAT071,MAT092,0.6038,LUBRICANTS
MAT071,MAT094,0.8,LUBRICANTS
MAT071,MAT111,1.0,LUBRICANTS
MAT071,MAT112,0.6038,LUBRICANTS
MAT071,MAT114,0.8,LUBRICANTS
MAT071,MAT131,1.0,LUBRICANTS
MAT071,MAT132,0.6038,LUBRICANTS
MAT071,MAT134,0.8,LUBRICANTS
MAT071,MAT151,1.0,LUBRICANTS
MAT071,MAT152,0.6038,LUBRICANTS
MAT071,MAT154,0.8,LUBRICANTS
MAT071,MAT171,1.0,LUBRICANTS
MAT071,MAT172,0.6038,LUBRICANTS
MAT071,MAT174,0.8,LUBRICANTS
MAT071,MAT191,1.0,LUBRICANTS
MAT071,MAT192,0.6038,LUBRICANTS
MAT071,MAT194,0.8,LUBRICANTS
MAT071,MAT211,1.0,LUBRICANTS
MAT071,MAT212,0.6038,LUBRICANTS
MAT071,MAT214,0.8,LUBRICANTS
MAT071,MAT231,1.0,LUBRICANTS
MAT071,MAT232,0.6038,LUBRICANTS
MAT071,MAT234,0.8,LUBRICANTS
MAT071,MAT251,1.0,LUBRICANTS
MAT071,MAT252,0.6038,LUBRICANTS
MAT071,MAT254,0.8,LUBRICANTS
MAT071,MAT271,1.0,LUBRICANTS
MAT071,MAT272,0.6038,LUBRICANTS
MAT071,MAT274,0.8,LUBRICANTS
MAT071,MAT291,1.0,LUBRICANTS
MAT071,MAT292,0.6038,LUBRICANTS
MAT071,MAT294,0.8,LUBRICANTS
MAT072,MAT091,0.6038,LUBRICANTS
MAT072,MAT092,1.0,LUBRICANTS
MAT072,MAT111,0.6038,LUBRICANTS
MAT072,MAT112,1.0,LUBRICANTS
MAT072,MAT131,0.6038,LUBRICANTS
MAT072,MAT132,1.0,LUBRICANTS
MAT072,MAT151,0.6038,LUBRICANTS
MAT072,MAT152,1.0,LUBRICANTS
MAT072,MAT171,0.6038,LUBRICANTS
MAT072,MAT172,1.0,LUBRICANTS
MAT072,MAT191,0.6038,LUBRICANTS
MAT072,MAT192,1.0,LUBRICANTS
MAT072,MAT211,0.6038,LUBRICANTS
MAT072,MAT212,1.0,LUBRICANTS
MAT072,MAT231,0.6038,LUBRICANTS
MAT072,MAT232,1.0,LUBRICANTS
MAT072,MAT251,0.6038,LUBRICANTS
MAT072,MAT252,1.0,LUBRICANTS
MAT072,MAT271,0.6038,LUBRICANTS
MAT072,MAT272,1.0,LUBRICANTS
MAT072,MAT291,0.6038,LUBRICANTS
MAT072,MAT292,1.0,LUBRICANTS
MAT073,MAT074,0.8462,LUBRICANTS
MAT073,MAT093,1.0,LUBRICANTS
MAT073,MAT094,0.8462,LUBRICANTS
MAT073,MAT113,1.0,LUBRICANTS
MAT073,MAT114,0.8462,LUBRICANTS
MAT073,MAT133,1.0,LUBRICANTS
MAT073,MAT134,0.8462,LUBRICANTS
MAT073,MAT153,1.0,LUBRICANTS
MAT073,MAT154,0.8462,LUBRICANTS
MAT073,MAT173,1.0,LUBRICANTS
MAT073,MAT174,0.8462,LUBRICANTS
MAT073,MAT193,1.0,LUBRICANTS
MAT073,MAT194,0.8462,LUBRICANTS
MAT073,MAT213,1.0,LUBRICANTS
MAT073,MAT214,0.8462,LUBRICANTS
MAT073,MAT233,1.0,LUBRICANTS
MAT073,MAT234,0.8462,LUBRICANTS
MAT073,MAT253,1.0,LUBRICANTS
MAT073,MAT254,0.8462,LUBRICANTS
MAT073,MAT273,1.0,LUBRICANTS
MAT073,MAT274,0.8462,LUBRICANTS
MAT073,MAT293,1.0,LUBRICANTS
MAT073,MAT294,0.8462,LUBRICANTS
MAT074,MAT091,0.8,LUBRICANTS
MAT074,MAT093,0.8462,LUBRICANTS
MAT074,MAT094,1.0,LUBRICANTS
MAT074,MAT111,0.8,LUBRICANTS
MAT074,MAT113,0.8462,LUBRICANTS
MAT074,MAT114,1.0,LUBRICANTS
MAT074,MAT131,0.8,LUBRICANTS
MAT074,MAT133,0.8462,LUBRICANTS
MAT074,MAT134,1.0,LUBRICANTS
MAT074,MAT151,0.8,LUBRICANTS
MAT074,MAT153,0.8462,LUBRICANTS
MAT074,MAT154,1.0,LUBRICANTS
MAT074,MAT171,0.8,LUBRICANTS
MAT074,MAT173,0.8462,LUBRICANTS
MAT074,MAT174,1.0,LUBRICANTS
MAT074,MAT191,0.8,LUBRICANTS
MAT074,MAT193,0.8462,LUBRICANTS
MAT074,MAT194,1.0,LUBRICANTS
MAT074,MAT211,0.8,LUBRICANTS
MAT074,MAT213,0.8462,LUBRICANTS
MAT074,MAT214,1.0,LUBRICANTS
MAT074,MAT231,0.8,LUBRICANTS
MAT074,MAT233,0.8462,LUBRICANTS
MAT074,MAT234,1.0,LUBRICANTS
MAT074,MAT251,0.8,LUBRICANTS
MAT074,MAT253,0.8462,LUBRICANTS
MAT074,MAT254,1.0,LUBRICANTS
MAT074,MAT271,0.8,LUBRICANTS
MAT074,MAT273,0.8462,LUBRICANTS
MAT074,MAT274,1.0,LUBRICANTS
MAT074,MAT291,0.8,LUBRICANTS
MAT074,MAT293,0.8462,LUBRICANTS
MAT074,MAT294,1.0,LUBRICANTS
MAT075,MAT076,0.902,CABLES
MAT075,MAT077,0.4923,CABLES
MAT075,MAT078,0.5283,CABLES
MAT075,MAT095,1.0,CABLES
MAT075,MAT096,0.902,CABLES
MAT075,MAT097,0.4923,CABLES
MAT075,MAT098,0.5283,CABLES
MAT075,MAT115,1.0,CABLES
MAT075,MAT116,0.902,CABLES
MAT075,MAT117,0.4923,CABLES
MAT075,MAT118,0.5283,CABLES
MAT075,MAT135,1.0,CABLES
MAT075,MAT136,0.902,CABLES
MAT075,MAT137,0.4923,CABLES
MAT075,MAT138,0.5283,CABLES
MAT075,MAT155,1.0,CABLES
MAT075,MAT156,0.902,CABLES
MAT075,MAT157,0.4923,CABLES
MAT075,MAT158,0.5283,CABLES
MAT075,MAT175,1.0,CABLES
MAT075,MAT176,0.902,CABLES
MAT075,MAT177,0.4923,CABLES
MAT075,MAT178,0.5283,CABLES
MAT075,MAT195,1.0,CABLES
MAT075,MAT196,0.902,CABLES
MAT075,MAT197,0.4923,CABLES
MAT075,MAT198,0.5283,CABLES
MAT075,MAT215,1.0,CABLES
MAT075,MAT216,0.902,CABLES
MAT075,MAT217,0.4923,CABLES
MAT075,MAT218,0.5283,CABLES
MAT075,MAT235,1.0,CABLES
MAT075,MAT236,0.902,CABLES
MAT075,MAT237,0.4923,CABLES
MAT075,MAT238,0.5283,CABLES
MAT075,MAT255,1.0,CABLES
MAT075,MAT256,0.902,CABLES
MAT075,MAT257,0.4923,CABLES
MAT075,MAT258,0.5283,CABLES
MAT075,MAT275,1.0,CABLES
MAT075,MAT276,0.902,CABLES
MAT075,MAT277,0.4923,CABLES
MAT075,MAT278,0.5283,CABLES
MAT075,MAT295,1.0,CABLES
MAT075,MAT296,0.902,CABLES
MAT075,MAT297,0.4923,CABLES
MAT075,MAT298,0.5283,CABLES
MAT076,MAT077,0.4857,CABLES
MAT076,MAT078,0.5172,CABLES
MAT076,MAT095,0.902,CABLES
MAT076,MAT096,1.0,CABLES
MAT076,MAT097,0.4857,CABLES
MAT076,MAT098,0.5172,CABLES
MAT076,MAT115,0.902,CABLES
MAT076,MAT116,1.0,CABLES
MAT076,MAT117,0.4857,CABLES
MAT076,MAT118,0.5172,CABLES
MAT076,MAT135,0.902,CABLES
MAT076,MAT136,1.0,CABLES
MAT076,MAT137,0.4857,CABLES
MAT076,MAT138,0.5172,CABLES
MAT076,MAT155,0.902,CABLES
MAT076,MAT156,1.0,CABLES
MAT076,MAT157,0.4857,CABLES
MAT076,MAT158,0.5172,CABLES
MAT076,MAT175,0.902,CABLES
MAT076,MAT176,1.0,CABLES
MAT076,MAT177,0.4857,CABLES
MAT076,MAT178,0.5172,CABLES
MAT076,MAT195,0.902,CABLES
MAT076,MAT196,1.0,CABLES
MAT076,MAT197,0.4857,CABLES
MAT076,MAT198,0.5172,CABLES
MAT076,MAT215,0.902,CABLES
MAT076,MAT216,1.0,CABLES
MAT076,MAT217,0.4857,CABLES
MAT076,MAT218,0.5172,CABLES
MAT076,MAT235,0.902,CABLES
MAT076,MAT236,1.0,CABLES
MAT076,MAT237,0.4857,CABLES
MAT076,MAT238,0.5172,CABLES
MAT076,MAT255,0.902,CABLES
MAT076,MAT256,1.0,CABLES
MAT076,MAT257,0.4857,CABLES
MAT076,MAT258,0.5172,CABLES
MAT076,MAT275,0.902,CABLES
MAT076,MAT276,1.0,CABLES
MAT076,MAT277,0.4857,CABLES
MAT076,MAT278,0.5172,CABLES
MAT076,MAT295,0.902,CABLES
MAT076,MAT296,1.0,CABLES
MAT076,MAT297,0.4857,CABLES
MAT076,MAT298,0.5172,CABLES
MAT077,MAT078,0.913,CABLES
MAT077,MAT095,0.4923,CABLES
MAT077,MAT096,0.4857,CABLES
MAT077,MAT097,1.0,CABLES
MAT077,MAT098,0.913,CABLES
MAT077,MAT115,0.4923,CABLES
MAT077,MAT116,0.4857,CABLES
MAT077,MAT117,1.0,CABLES
MAT077,MAT118,0.913,CABLES
MAT077,MAT135,0.4923,CABLES
MAT077,MAT136,0.4857,CABLES
MAT077,MAT137,1.0,CABLES
MAT077,MAT138,0.913,CABLES
MAT077,MAT155,0.4923,CABLES
MAT077,MAT156,0.4857,CABLES
MAT077,MAT157,1.0,CABLES
MAT077,MAT158,0.913,CABLES
MAT077,MAT175,0.4923,CABLES
MAT077,MAT176,0.4857,CABLES
MAT077,MAT177,1.0,CABLES
MAT077,MAT178,0.913,CABLES
MAT077,MAT195,0.4923,CABLES
MAT077,MAT196,0.4857,CABLES
MAT077,MAT197,1.0,CABLES
MAT077,MAT198,0.913,CABLES
MAT077,MAT215,0.4923,CABLES
MAT077,MAT216,0.4857,CABLES
MAT077,MAT217,1.0,CABLES
MAT077,MAT218,0.913,CABLES
MAT077,MAT235,0.4923,CABLES
MAT077,MAT236,0.4857,CABLES
MAT077,MAT237,1.0,CABLES
MAT077,MAT238,0.913,CABLES
MAT077,MAT255,0.4923,CABLES
MAT077,MAT256,0.4857,CABLES
MAT077,MAT257,1.0,CABLES
MAT077,MAT258,0.913,CABLES
MAT077,MAT275,0.4923,CABLES
MAT077,MAT276,0.4857,CABLES
MAT077,MAT277,1.0,CABLES
MAT077,MAT278,0.913,CABLES
MAT077,MAT295,0.4923,CABLES
MAT077,MAT296,0.4857,CABLES
MAT077,MAT297,1.0,CABLES
MAT077,MAT298,0.913,CABLES
MAT078,MAT095,0.5283,CABLES
MAT078,MAT096,0.5172,CABLES
MAT078,MAT097,0.913,CABLES
MAT078,MAT098,1.0,CABLES
MAT078,MAT115,0.5283,CABLES
MAT078,MAT116,0.5172,CABLES
MAT078,MAT117,0.913,CABLES
MAT078,MAT118,1.0,CABLES
MAT078,MAT135,0.5283,CABLES
MAT078,MAT136,0.5172,CABLES
MAT078,MAT137,0.913,CABLES
MAT078,MAT138,1.0,CABLES
MAT078,MAT155,0.5283,CABLES
MAT078,MAT156,0.5172,CABLES
MAT078,MAT157,0.913,CABLES
MAT078,MAT158,1.0,CABLES
MAT078,MAT175,0.5283,CABLES
MAT078,MAT176,0.5172,CABLES
MAT078,MAT177,0.913,CABLES
MAT078,MAT178,1.0,CABLES
MAT078,MAT195,0.5283,CABLES
MAT078,MAT196,0.5172,CABLES
MAT078,MAT197,0.913,CABLES
MAT078,MAT198,1.0,CABLES
MAT078,MAT215,0.5283,CABLES
MAT078,MAT216,0.5172,CABLES
MAT078,MAT217,0.913,CABLES
MAT078,MAT218,1.0,CABLES
MAT078,MAT235,0.5283,CABLES
MAT078,MAT236,0.5172,CABLES
MAT078,MAT237,0.913,CABLES
MAT078,MAT238,1.0,CABLES
MAT078,MAT255,0.5283,CABLES
MAT078,MAT256,0.5172,CABLES
MAT078,MAT257,0.913,CABLES
MAT078,MAT258,1.0,CABLES
MAT078,MAT275,0.5283,CABLES
MAT078,MAT276,0.5172,CABLES
MAT078,MAT277,0.913,CABLES
MAT078,MAT278,1.0,CABLES
MAT078,MAT295,0.5283,CABLES
MAT078,MAT296,0.5172,CABLES
MAT078,MAT297,0.913,CABLES
MAT078,MAT298,1.0,CABLES
MAT079,MAT080,0.8571,SAFETY
MAT079,MAT099,1.0,SAFETY
MAT079,MAT100,0.8571,SAFETY
MAT079,MAT119,1.0,SAFETY
MAT079,MAT120,0.8571,SAFETY
MAT079,MAT139,1.0,SAFETY
MAT079,MAT140,0.8571,SAFETY
MAT079,MAT159,1.0,SAFETY
MAT079,MAT160,0.8571,SAFETY
MAT079,MAT179,1.0,SAFETY
MAT079,MAT180,0.8571,SAFETY
MAT079,MAT199,1.0,SAFETY
MAT079,MAT200,0.8571,SAFETY
MAT079,MAT219,1.0,SAFETY
MAT079,MAT220,0.8571,SAFETY
MAT079,MAT239,1.0,SAFETY
MAT079,MAT240,0.8571,SAFETY
MAT079,MAT259,1.0,SAFETY
MAT079,MAT260,0.8571,SAFETY
MAT079,MAT279,1.0,SAFETY
MAT079,MAT280,0.8571,SAFETY
MAT079,MAT299,1.0,SAFETY
MAT079,MAT300,0.8571,SAFETY
MAT080,MAT099,0.8571,SAFETY
MAT080,MAT100,1.0,SAFETY
MAT080,MAT119,0.8571,SAFETY
MAT080,MAT120,1.0,SAFETY
MAT080,MAT139,0.8571,SAFETY
MAT080,MAT140,1.0,SAFETY
MAT080,MAT159,0.8571,SAFETY
MAT080,MAT160,1.0,SAFETY
MAT080,MAT179,0.8571,SAFETY
MAT080,MAT180,1.0,SAFETY
MAT080,MAT199,0.8571,SAFETY
MAT080,MAT200,1.0,SAFETY
MAT080,MAT219,0.8571,SAFETY
MAT080,MAT220,1.0,SAFETY
MAT080,MAT239,0.8571,SAFETY
MAT080,MAT240,1.0,SAFETY
MAT080,MAT259,0.8571,SAFETY
MAT080,MAT260,1.0,SAFETY
MAT080,MAT279,0.8571,SAFETY
MAT080,MAT280,1.0,SAFETY
MAT080,MAT299,0.8571,SAFETY
MAT080,MAT300,1.0,SAFETY
MAT081,MAT082,0.7042,FASTENERS
MAT081,MAT083,0.9286,FASTENERS
MAT081,MAT084,0.7879,FASTENERS
MAT081,MAT086,0.5,FASTENERS
MAT081,MAT101,1.0,FASTENERS
MAT081,MAT102,0.7042,FASTENERS
MAT081,MAT103,0.9286,FASTENERS
MAT081,MAT104,0.7879,FASTENERS
MAT081,MAT106,0.5,FASTENERS
MAT081,MAT121,1.0,FASTENERS
MAT081,MAT122,0.7042,FASTENERS
MAT081,MAT123,0.9286,FASTENERS
MAT081,MAT124,0.7879,FASTENERS
MAT081,MAT126,0.5,FASTENERS
MAT081,MAT141,1.0,FASTENERS
MAT081,MAT142,0.7042,FASTENERS
MAT081,MAT143,0.9286,FASTENERS
MAT081,MAT144,0.7879,FASTENERS
MAT081,MAT146,0.5,FASTENERS
MAT081,MAT161,1.0,FASTENERS
MAT081,MAT162,0.7042,FASTENERS
MAT081,MAT163,0.9286,FASTENERS
MAT081,MAT164,0.7879,FASTENERS
MAT081,MAT166,0.5,FASTENERS
MAT081,MAT181,1.0,FASTENERS
MAT081,MAT182,0.7042,FASTENERS
MAT081,MAT183,0.9286,FASTENERS
MAT081,MAT184,0.7879,FASTENERS
MAT081,MAT186,0.5,FASTENERS
MAT081,MAT201,1.0,FASTENERS
MAT081,MAT202,0.7042,FASTENERS
MAT081,MAT203,0.9286,FASTENERS
MAT081,MAT204,0.7879,FASTENERS
MAT081,MAT206,0.5,FASTENERS
MAT081,MAT221,1.0,FASTENERS
MAT081,MAT222,0.7042,FASTENERS
MAT081,MAT223,0.9286,FASTENERS
MAT081,MAT224,0.7879,FASTENERS
MAT081,MAT226,0.5,FASTENERS
MAT081,MAT241,1.0,FASTENERS
MAT081,MAT242,0.7042,FASTENERS
MAT081,MAT243,0.9286,FASTENERS
MAT081,MAT244,0.7879,FASTENERS
MAT081,MAT246,0.5,FASTENERS
MAT081,MAT261,1.0,FASTENERS
MAT081,MAT262,0.7042,FASTENERS
MAT081,MAT263,0.9286,FASTENERS
MAT081,MAT264,0.7879,FASTENERS
MAT081,MAT266,0.5,FASTENERS
MAT081,MAT281,1.0,FASTENERS
MAT081,MAT282,0.7042,FASTENERS
MAT081,MAT283,0.9286,FASTENERS
MAT081,MAT284,0.7879,FASTENERS
MAT081,MAT286,0.5,FASTENERS
MAT082,MAT083,0.5484,FASTENERS
MAT082,MAT084,0.75,FASTENERS
MAT082,MAT086,0.5763,FASTENERS
MAT082,MAT101,0.7042,FASTENERS
MAT082,MAT102,1.0,FASTENERS
MAT082,MAT103,0.5484,FASTENERS
MAT082,MAT104,0.75,FASTENERS
MAT082,MAT106,0.5763,FASTENERS
MAT082,MAT121,0.7042,FASTENERS
MAT082,MAT122,1.0,FASTENERS
MAT082,MAT123,0.5484,FASTENERS
MAT082,MAT124,0.75,FASTENERS
MAT082,MAT126,0.5763,FASTENERS
MAT082,MAT141,0.7042,FASTENERS
MAT082,MAT142,1.0,FASTENERS
MAT082,MAT143,0.5484,FASTENERS
MAT082,MAT144,0.75,FASTENERS
MAT082,MAT146,0.5763,FASTENERS
MAT082,MAT161,0.7042,FASTENERS
MAT082,MAT162,1.0,FASTENERS
MAT082,MAT163,0.5484,FASTENERS
MAT082,MAT164,0.75,FASTENERS
MAT082,MAT166,0.5763,FASTENERS
MAT082,MAT181,0.7042,FASTENERS
MAT082,MAT182,1.0,FASTENERS
MAT082,MAT183,0.5484,FASTENERS
MAT082,MAT184,0.75,FASTENERS
MAT082,MAT186,0.5763,FASTENERS
MAT082,MAT201,0.7042,FASTENERS
MAT082,MAT202,1.0,FASTENERS
MAT082,MAT203,0.5484,FASTENERS
MAT082,MAT204,0.75,FASTENERS
MAT082,MAT206,0.5763,FASTENERS
MAT082,MAT221,0.7042,FASTENERS
MAT082,MAT222,1.0,FASTENERS
MAT082,MAT223,0.5484,FASTENERS
MAT082,MAT224,0.75,FASTENERS
MAT082,MAT226,0.5763,FASTENERS
MAT082,MAT241,0.7042,FASTENERS
MAT082,MAT242,1.0,FASTENERS
MAT082,MAT243,0.5484,FASTENERS
MAT082,MAT244,0.75,FASTENERS
MAT082,MAT246,0.5763,FASTENERS
MAT082,MAT261,0.7042,FASTENERS
MAT082,MAT262,1.0,FASTENERS
MAT082,MAT263,0.5484,FASTENERS
MAT082,MAT264,0.75,FASTENERS
MAT082,MAT266,0.5763,FASTENERS
MAT082,MAT281,0.7042,FASTENERS
MAT082,MAT282,1.0,FASTENERS
MAT082,MAT283,0.5484,FASTENERS
MAT082,MAT284,0.75,FASTENERS
MAT082,MAT286,0.5763,FASTENERS
MAT083,MAT084,0.9189,FASTENERS
MAT083,MAT086,0.5614,FASTENERS
MAT083,MAT101,0.9286,FASTENERS
MAT083,MAT102,0.5484,FASTENERS
MAT083,MAT103,1.0,FASTENERS
MAT083,MAT104,0.9189,FASTENERS
MAT083,MAT106,0.5614,FASTENERS
MAT083,MAT121,0.9286,FASTENERS
MAT083,MAT122,0.5484,FASTENERS
MAT083,MAT123,1.0,FASTENERS
MAT083,MAT124,0.9189,FASTENERS
MAT083,MAT126,0.5614,FASTENERS
MAT083,MAT141,0.9286,FASTENERS
MAT083,MAT142,0.5484,FASTENERS
MAT083,MAT143,1.0,FASTENERS
MAT083,MAT144,0.9189,FASTENERS
MAT083,MAT146,0.5614,FASTENERS
MAT083,MAT161,0.9286,FASTENERS
MAT083,MAT162,0.5484,FASTENERS
MAT083,MAT163,1.0,FASTENERS
MAT083,MAT164,0.9189,FASTENERS
MAT083,MAT166,0.5614,FASTENERS
MAT083,MAT181,0.9286,FASTENERS
MAT083,MAT182,0.5484,FASTENERS
MAT083,MAT183,1.0,FASTENERS
MAT083,MAT184,0.9189,FASTENERS
MAT083,MAT186,0.5614,FASTENERS
MAT083,MAT201,0.9286,FASTENERS
MAT083,MAT202,0.5484,FASTENERS
MAT083,MAT203,1.0,FASTENERS
MAT083,MAT204,0.9189,FASTENERS
MAT083,MAT206,0.5614,FASTENERS
MAT083,MAT221,0.9286,FASTENERS
MAT083,MAT222,0.5484,FASTENERS
MAT083,MAT223,1.0,FASTENERS
MAT083,MAT224,0.9189,FASTENERS
MAT083,MAT226,0.5614,FASTENERS
MAT083,MAT241,0.9286,FASTENERS
MAT083,MAT242,0.5484,FASTENERS
MAT083,MAT243,1.0,FASTENERS
MAT083,MAT244,0.9189,FASTENERS
MAT083,MAT246,0.5614,FASTENERS
MAT083,MAT261,0.9286,FASTENERS
MAT083,MAT262,0.5484,FASTENERS
MAT083,MAT263,1.0,FASTENERS
MAT083,MAT264,0.9189,FASTENERS
MAT083,MAT266,0.5614,FASTENERS
MAT083,MAT281,0.9286,FASTENERS
MAT083,MAT282,0.5484,FASTENERS
MAT083,MAT283,1.0,FASTENERS
MAT083,MAT284,0.9189,FASTENERS
MAT083,MAT286,0.5614,FASTENERS
MAT084,MAT085,0.4737,FASTENERS
MAT084,MAT086,0.6207,FASTENERS
MAT084,MAT101,0.7879,FASTENERS
MAT084,MAT102,0.75,FASTENERS
MAT084,MAT103,0.9189,FASTENERS
MAT084,MAT104,1.0,FASTENERS
MAT084,MAT105,0.4737,FASTENERS
MAT084,MAT106,0.6207,FASTENERS
MAT084,MAT121,0.7879,FASTENERS
MAT084,MAT122,0.75,FASTENERS
MAT084,MAT123,0.9189,FASTENERS
MAT084,MAT124,1.0,FASTENERS
MAT084,MAT125,0.4737,FASTENERS
MAT084,MAT126,0.6207,FASTENERS
MAT084,MAT141,0.7879,FASTENERS
MAT084,MAT142,0.75,FASTENERS
MAT084,MAT143,0.9189,FASTENERS
MAT084,MAT144,1.0,FASTENERS
MAT084,MAT145,0.4737,FASTENERS
MAT084,MAT146,0.6207,FASTENERS
MAT084,MAT161,0.7879,FASTENERS
MAT084,MAT162,0.75,FASTENERS
MAT084,MAT163,0.9189,FASTENERS
MAT084,MAT164,1.0,FASTENERS
MAT084,MAT165,0.4737,FASTENERS
MAT084,MAT166,0.6207,FASTENERS
MAT084,MAT181,0.7879,FASTENERS
MAT084,MAT182,0.75,FASTENERS
MAT084,MAT183,0.9189,FASTENERS
MAT084,MAT184,1.0,FASTENERS
MAT084,MAT185,0.4737,FASTENERS
MAT084,MAT186,0.6207,FASTENERS
MAT084,MAT201,0.7879,FASTENERS
MAT084,MAT202,0.75,FASTENERS
MAT084,MAT203,0.9189,FASTENERS
MAT084,MAT204,1.0,FASTENERS
MAT084,MAT205,0.4737,FASTENERS
MAT084,MAT206,0.6207,FASTENERS
MAT084,MAT221,0.7879,FASTENERS
MAT084,MAT222,0.75,FASTENERS
MAT084,MAT223,0.9189,FASTENERS
MAT084,MAT224,1.0,FASTENERS
MAT084,MAT225,0.4737,FASTENERS
MAT084,MAT226,0.6207,FASTENERS
MAT084,MAT241,0.7879,FASTENERS
MAT084,MAT242,0.75,FASTENERS
MAT084,MAT243,0.9189,FASTENERS
MAT084,MAT244,1.0,FASTENERS
MAT084,MAT245,0.4737,FASTENERS
MAT084,MAT246,0.6207,FASTENERS
MAT084,MAT261,0.7879,FASTENERS
MAT084,MAT262,0.75,FASTENERS
MAT084,MAT263,0.9189,FASTENERS
MAT084,MAT264,1.0,FASTENERS
MAT084,MAT265,0.4737,FASTENERS
MAT084,MAT266,0.6207,FASTENERS
MAT084,MAT281,0.7879,FASTENERS
MAT084,MAT282,0.75,FASTENERS
MAT084,MAT283,0.9189,FASTENERS
MAT084,MAT284,1.0,FASTENERS
MAT084,MAT285,0.4737,FASTENERS
MAT084,MAT286,0.6207,FASTENERS
MAT085,MAT086,0.7143,FASTENERS
MAT085,MAT104,0.4737,FASTENERS
MAT085,MAT105,1.0,FASTENERS
MAT085,MAT106,0.7143,FASTENERS
MAT085,MAT124,0.4737,FASTENERS
MAT085,MAT125,1.0,FASTENERS
MAT085,MAT126,0.7143,FASTENERS
MAT085,MAT144,0.4737,FASTENERS
MAT085,MAT145,1.0,FASTENERS
MAT085,MAT146,0.7143,FASTENERS
MAT085,MAT164,0.4737,FASTENERS
MAT085,MAT165,1.0,FASTENERS
MAT085,MAT166,0.7143,FASTENERS
MAT085,MAT184,0.4737,FASTENERS
MAT085,MAT185,1.0,FASTENERS
MAT085,MAT186,0.7143,FASTENERS
MAT085,MAT204,0.4737,FASTENERS
MAT085,MAT205,1.0,FASTENERS
MAT085,MAT206,0.7143,FASTENERS
MAT085,MAT224,0.4737,FASTENERS
MAT085,MAT225,1.0,FASTENERS
MAT085,MAT226,0.7143,FASTENERS
MAT085,MAT244,0.4737,FASTENERS
MAT085,MAT245,1.0,FASTENERS
MAT085,MAT246,0.7143,FASTENERS
MAT085,MAT264,0.4737,FASTENERS
MAT085,MAT265,1.0,FASTENERS
MAT085,MAT266,0.7143,FASTENERS
MAT085,MAT284,0.4737,FASTENERS
MAT085,MAT285,1.0,FASTENERS
MAT085,MAT286,0.7143,FASTENERS
MAT086,MAT101,0.5,FASTENERS
MAT086,MAT102,0.5763,FASTENERS
MAT086,MAT103,0.5614,FASTENERS
MAT086,MAT104,0.6207,FASTENERS
MAT086,MAT105,0.7143,FASTENERS
MAT086,MAT106,1.0,FASTENERS
MAT086,MAT121,0.5,FASTENERS
MAT086,MAT122,0.5763,FASTENERS
MAT086,MAT123,0.5614,FASTENERS
MAT086,MAT124,0.6207,FASTENERS
MAT086,MAT125,0.7143,FASTENERS
MAT086,MAT126,1.0,FASTENERS
MAT086,MAT141,0.5,FASTENERS
MAT086,MAT142,0.5763,FASTENERS
MAT086,MAT143,0.5614,FASTENERS
MAT086,MAT144,0.6207,FASTENERS
MAT086,MAT145,0.7143,FASTENERS
MAT086,MAT146,1.0,FASTENERS
MAT086,MAT161,0.5,FASTENERS
MAT086,MAT162,0.5763,FASTENERS
MAT086,MAT163,0.5614,FASTENERS
MAT086,MAT164,0.6207,FASTENERS
MAT086,MAT165,0.7143,FASTENERS
MAT086,MAT166,1.0,FASTENERS
MAT086,MAT181,0.5,FASTENERS
MAT086,MAT182,0.5763,FASTENERS
MAT086,MAT183,0.5614,FASTENERS
MAT086,MAT184,0.6207,FASTENERS
MAT086,MAT185,0.7143,FASTENERS
MAT086,MAT186,1.0,FASTENERS
MAT086,MAT201,0.5,FASTENERS
MAT086,MAT202,0.5763,FASTENERS
MAT086,MAT203,0.5614,FASTENERS
MAT086,MAT204,0.6207,FASTENERS
MAT086,MAT205,0.7143,FASTENERS
MAT086,MAT206,1.0,FASTENERS
MAT086,MAT221,0.5,FASTENERS
MAT086,MAT222,0.5763,FASTENERS
MAT086,MAT223,0.5614,FASTENERS
MAT086,MAT224,0.6207,FASTENERS
MAT086,MAT225,0.7143,FASTENERS
MAT086,MAT226,1.0,FASTENERS
MAT086,MAT241,0.5,FASTENERS
MAT086,MAT242,0.5763,FASTENERS
MAT086,MAT243,0.5614,FASTENERS
MAT086,MAT244,0.6207,FASTENERS
MAT086,MAT245,0.7143,FASTENERS
MAT086,MAT246,1.0,FASTENERS
MAT086,MAT261,0.5,FASTENERS
MAT086,MAT262,0.5763,FASTENERS
MAT086,MAT263,0.5614,FASTENERS
MAT086,MAT264,0.6207,FASTENERS
MAT086,MAT265,0.7143,FASTENERS
MAT086,MAT266,1.0,FASTENERS
MAT086,MAT281,0.5,FASTENERS
MAT086,MAT282,0.5763,FASTENERS
MAT086,MAT283,0.5614,FASTENERS
MAT086,MAT284,0.6207,FASTENERS
MAT086,MAT285,0.7143,FASTENERS
MAT086,MAT286,1.0,FASTENERS
MAT087,MAT088,1.0,BEARINGS
MAT087,MAT089,0.75,BEARINGS
MAT087,MAT090,0.75,BEARINGS
MAT087,MAT107,1.0,BEARINGS
MAT087,MAT108,1.0,BEARINGS
MAT087,MAT109,0.75,BEARINGS
MAT087,MAT110,0.75,BEARINGS
MAT087,MAT127,1.0,BEARINGS
MAT087,MAT128,1.0,BEARINGS
MAT087,MAT129,0.75,BEARINGS
MAT087,MAT130,0.75,BEARINGS
MAT087,MAT147,1.0,BEARINGS
MAT087,MAT148,1.0,BEARINGS
MAT087,MAT149,0.75,BEARINGS
MAT087,MAT150,0.75,BEARINGS
MAT087,MAT167,1.0,BEARINGS
MAT087,MAT168,1.0,BEARINGS
MAT087,MAT169,0.75,BEARINGS
MAT087,MAT170,0.75,BEARINGS
MAT087,MAT187,1.0,BEARINGS
MAT087,MAT188,1.0,BEARINGS
MAT087,MAT189,0.75,BEARINGS
MAT087,MAT190,0.75,BEARINGS
MAT087,MAT207,1.0,BEARINGS
MAT087,MAT208,1.0,BEARINGS
MAT087,MAT209,0.75,BEARINGS
MAT087,MAT210,0.75,BEARINGS
MAT087,MAT227,1.0,BEARINGS
MAT087,MAT228,1.0,BEARINGS
MAT087,MAT229,0.75,BEARINGS
MAT087,MAT230,0.75,BEARINGS
MAT087,MAT247,1.0,BEARINGS
MAT087,MAT248,1.0,BEARINGS
MAT087,MAT249,0.75,BEARINGS
MAT087,MAT250,0.75,BEARINGS
MAT087,MAT267,1.0,BEARINGS
MAT087,MAT268,1.0,BEARINGS
MAT087,MAT269,0.75,BEARINGS
MAT087,MAT270,0.75,BEARINGS
MAT087,MAT287,1.0,BEARINGS
MAT087,MAT288,1.0,BEARINGS
MAT087,MAT289,0.75,BEARINGS
MAT087,MAT290,0.75,BEARINGS
MAT088,MAT089,0.6667,BEARINGS
MAT088,MAT090,0.6667,BEARINGS
MAT088,MAT107,1.0,BEARINGS
MAT088,MAT108,1.0,BEARINGS
MAT088,MAT109,0.6667,BEARINGS
MAT088,MAT110,0.6667,BEARINGS
MAT088,MAT127,1.0,BEARINGS
MAT088,MAT128,1.0,BEARINGS
MAT088,MAT129,0.6667,BEARINGS
MAT088,MAT130,0.6667,BEARINGS
MAT088,MAT147,1.0,BEARINGS
MAT088,MAT148,1.0,BEARINGS
MAT088,MAT149,0.6667,BEARINGS
MAT088,MAT150,0.6667,BEARINGS
MAT088,MAT167,1.0,BEARINGS
MAT088,MAT168,1.0,BEARINGS
MAT088,MAT169,0.6667,BEARINGS
MAT088,MAT170,0.6667,BEARINGS
MAT088,MAT187,1.0,BEARINGS
MAT088,MAT188,1.0,BEARINGS
MAT088,MAT189,0.6667,BEARINGS
MAT088,MAT190,0.6667,BEARINGS
MAT088,MAT207,1.0,BEARINGS
MAT088,MAT208,1.0,BEARINGS
MAT088,MAT209,0.6667,BEARINGS
MAT088,MAT210,0.6667,BEARINGS
MAT088,MAT227,1.0,BEARINGS
MAT088,MAT228,1.0,BEARINGS
MAT088,MAT229,0.6667,BEARINGS
MAT088,MAT230,0.6667,BEARINGS
MAT088,MAT247,1.0,BEARINGS
MAT088,MAT248,1.0,BEARINGS
MAT088,MAT249,0.6667,BEARINGS
MAT088,MAT250,0.6667,BEARINGS
MAT088,MAT267,1.0,BEARINGS
MAT088,MAT268,1.0,BEARINGS
MAT088,MAT269,0.6667,BEARINGS
MAT088,MAT270,0.6667,BEARINGS
MAT088,MAT287,1.0,BEARINGS
MAT088,MAT288,1.0,BEARINGS
MAT088,MAT289,0.6667,BEARINGS
MAT088,MAT290,0.6667,BEARINGS
MAT089,MAT090,0.68,BEARINGS
MAT089,MAT107,0.75,BEARINGS
MAT089,MAT108,0.6667,BEARINGS
MAT089,MAT109,1.0,BEARINGS
MAT089,MAT110,0.68,BEARINGS
MAT089,MAT127,0.75,BEARINGS
MAT089,MAT128,0.6667,BEARINGS
MAT089,MAT129,1.0,BEARINGS
MAT089,MAT130,0.68,BEARINGS
MAT089,MAT147,0.75,BEARINGS
MAT089,MAT148,0.6667,BEARINGS
MAT089,MAT149,1.0,BEARINGS
MAT089,MAT150,0.68,BEARINGS
MAT089,MAT167,0.75,BEARINGS
MAT089,MAT168,0.6667,BEARINGS
MAT089,MAT169,1.0,BEARINGS
MAT089,MAT170,0.68,BEARINGS
MAT089,MAT187,0.75,BEARINGS
MAT089,MAT188,0.6667,BEARINGS
MAT089,MAT189,1.0,BEARINGS
MAT089,MAT190,0.68,BEARINGS
MAT089,MAT207,0.75,BEARINGS
MAT089,MAT208,0.6667,BEARINGS
MAT089,MAT209,1.0,BEARINGS
MAT089,MAT210,0.68,BEARINGS
MAT089,MAT227,0.75,BEARINGS
MAT089,MAT228,0.6667,BEARINGS
MAT089,MAT229,1.0,BEARINGS
MAT089,MAT230,0.68,BEARINGS
MAT089,MAT247,0.75,BEARINGS
MAT089,MAT248,0.6667,BEARINGS
MAT089,MAT249,1.0,BEARINGS
MAT089,MAT250,0.68,BEARINGS
MAT089,MAT267,0.75,BEARINGS
MAT089,MAT268,0.6667,BEARINGS
MAT089,MAT269,1.0,BEARINGS
MAT089,MAT270,0.68,BEARINGS
MAT089,MAT287,0.75,BEARINGS
MAT089,MAT288,0.6667,BEARINGS
MAT089,MAT289,1.0,BEARINGS
MAT089,MAT290,0.68,BEARINGS
MAT090,MAT107,0.75,BEARINGS
MAT090,MAT108,0.6667,BEARINGS
MAT090,MAT109,0.68,BEARINGS
MAT090,MAT110,1.0,BEARINGS
MAT090,MAT127,0.75,BEARINGS
MAT090,MAT128,0.6667,BEARINGS
MAT090,MAT129,0.68,BEARINGS
MAT090,MAT130,1.0,BEARINGS
MAT090,MAT147,0.75,BEARINGS
MAT090,MAT148,0.6667,BEARINGS
MAT090,MAT149,0.68,BEARINGS
MAT090,MAT150,1.0,BEARINGS
MAT090,MAT167,0.75,BEARINGS
MAT090,MAT168,0.6667,BEARINGS
MAT090,MAT169,0.68,BEARINGS
MAT090,MAT170,1.0,BEARINGS
MAT090,MAT187,0.75,BEARINGS
MAT090,MAT188,0.6667,BEARINGS
MAT090,MAT189,0.68,BEARINGS
MAT090,MAT190,1.0,BEARINGS
MAT090,MAT207,0.75,BEARINGS
MAT090,MAT208,0.6667,BEARINGS
MAT090,MAT209,0.68,BEARINGS
MAT090,MAT210,1.0,BEARINGS
MAT090,MAT227,0.75,BEARINGS
MAT090,MAT228,0.6667,BEARINGS
MAT090,MAT229,0.68,BEARINGS
MAT090,MAT230,1.0,BEARINGS
MAT090,MAT247,0.75,BEARINGS
MAT090,MAT248,0.6667,BEARINGS
MAT090,MAT249,0.68,BEARINGS
MAT090,MAT250,1.0,BEARINGS
MAT090,MAT267,0.75,BEARINGS
MAT090,MAT268,0.6667,BEARINGS
MAT090,MAT269,0.68,BEARINGS
MAT090,MAT270,1.0,BEARINGS
MAT090,MAT287,0.75,BEARINGS
MAT090,MAT288,0.6667,BEARINGS
MAT090,MAT289,0.68,BEARINGS
MAT090,MAT290,1.0,BEARINGS
MAT091,MAT092,0.6038,LUBRICANTS
MAT091,MAT094,0.8,LUBRICANTS
MAT091,MAT111,1.0,LUBRICANTS
MAT091,MAT112,0.6038,LUBRICANTS
MAT091,MAT114,0.8,LUBRICANTS
MAT091,MAT131,1.0,LUBRICANTS
MAT091,MAT132,0.6038,LUBRICANTS
MAT091,MAT134,0.8,LUBRICANTS
MAT091,MAT151,1.0,LUBRICANTS
MAT091,MAT152,0.6038,LUBRICANTS
MAT091,MAT154,0.8,LUBRICANTS
MAT091,MAT171,1.0,LUBRICANTS
MAT091,MAT172,0.6038,LUBRICANTS
MAT091,MAT174,0.8,LUBRICANTS
MAT091,MAT191,1.0,LUBRICANTS
MAT091,MAT192,0.6038,LUBRICANTS
MAT091,MAT194,0.8,LUBRICANTS
MAT091,MAT211,1.0,LUBRICANTS
MAT091,MAT212,0.6038,LUBRICANTS
MAT091,MAT214,0.8,LUBRICANTS
MAT091,MAT231,1.0,LUBRICANTS
MAT091,MAT232,0.6038,LUBRICANTS
MAT091,MAT234,0.8,LUBRICANTS
MAT091,MAT251,1.0,LUBRICANTS
MAT091,MAT252,0.6038,LUBRICANTS
MAT091,MAT254,0.8,LUBRICANTS
MAT091,MAT271,1.0,LUBRICANTS
MAT091,MAT272,0.6038,LUBRICANTS
MAT091,MAT274,0.8,LUBRICANTS
MAT091,MAT291,1.0,LUBRICANTS
MAT091,MAT292,0.6038,LUBRICANTS
MAT091,MAT294,0.8,LUBRICANTS
MAT092,MAT111,0.6038,LUBRICANTS
MAT092,MAT112,1.0,LUBRICANTS
MAT092,MAT131,0.6038,LUBRICANTS
MAT092,MAT132,1.0,LUBRICANTS
MAT092,MAT151,0.6038,LUBRICANTS
MAT092,MAT152,1.0,LUBRICANTS
MAT092,MAT171,0.6038,LUBRICANTS
MAT092,MAT172,1.0,LUBRICANTS
MAT092,MAT191,0.6038,LUBRICANTS
MAT092,MAT192,1.0,LUBRICANTS
MAT092,MAT211,0.6038,LUBRICANTS
MAT092,MAT212,1.0,LUBRICANTS
MAT092,MAT231,0.6038,LUBRICANTS
MAT092,MAT232,1.0,LUBRICANTS
MAT092,MAT251,0.6038,LUBRICANTS
MAT092,MAT252,1.0,LUBRICANTS
MAT092,MAT271,0.6038,LUBRICANTS
MAT092,MAT272,1.0,LUBRICANTS
MAT092,MAT291,0.6038,LUBRICANTS
MAT092,MAT292,1.0,LUBRICANTS
MAT093,MAT094,0.8462,LUBRICANTS
MAT093,MAT113,1.0,LUBRICANTS
MAT093,MAT114,0.8462,LUBRICANTS
MAT093,MAT133,1.0,LUBRICANTS
MAT093,MAT134,0.8462,LUBRICANTS
MAT093,MAT153,1.0,LUBRICANTS
MAT093,MAT154,0.8462,LUBRICANTS
MAT093,MAT173,1.0,LUBRICANTS
MAT093,MAT174,0.8462,LUBRICANTS
MAT093,MAT193,1.0,LUBRICANTS
MAT093,MAT194,0.8462,LUBRICANTS
MAT093,MAT213,1.0,LUBRICANTS
MAT093,MAT214,0.8462,LUBRICANTS
MAT093,MAT233,1.0,LUBRICANTS
MAT093,MAT234,0.8462,LUBRICANTS
MAT093,MAT253,1.0,LUBRICANTS
MAT093,MAT254,0.8462,LUBRICANTS
MAT093,MAT273,1.0,LUBRICANTS
MAT093,MAT274,0.8462,LUBRICANTS
MAT093,MAT293,1.0,LUBRICANTS
MAT093,MAT294,0.8462,LUBRICANTS
MAT094,MAT111,0.8,LUBRICANTS
MAT094,MAT113,0.8462,LUBRICANTS
MAT094,MAT114,1.0,LUBRICANTS
MAT094,MAT131,0.8,LUBRICANTS
MAT094,MAT133,0.8462,LUBRICANTS
MAT094,MAT134,1.0,LUBRICANTS
MAT094,MAT151,0.8,LUBRICANTS
MAT094,MAT153,0.8462,LUBRICANTS
MAT094,MAT154,1.0,LUBRICANTS
MAT094,MAT171,0.8,LUBRICANTS
MAT094,MAT173,0.8462,LUBRICANTS
MAT094,MAT174,1.0,LUBRICANTS
MAT094,MAT191,0.8,LUBRICANTS
MAT094,MAT193,0.8462,LUBRICANTS
MAT094,MAT194,1.0,LUBRICANTS
MAT094,MAT211,0.8,LUBRICANTS
MAT094,MAT213,0.8462,LUBRICANTS
MAT094,MAT214,1.0,LUBRICANTS
MAT094,MAT231,0.8,LUBRICANTS
MAT094,MAT233,0.8462,LUBRICANTS
MAT094,MAT234,1.0,LUBRICANTS
MAT094,MAT251,0.8,LUBRICANTS
MAT094,MAT253,0.8462,LUBRICANTS
MAT094,MAT254,1.0,LUBRICANTS
MAT094,MAT271,0.8,LUBRICANTS
MAT094,MAT273,0.8462,LUBRICANTS
MAT094,MAT274,1.0,LUBRICANTS
MAT094,MAT291,0.8,LUBRICANTS
MAT094,MAT293,0.8462,LUBRICANTS
MAT094,MAT294,1.0,LUBRICANTS
MAT095,MAT096,0.902,CABLES
MAT095,MAT097,0.4923,CABLES
MAT095,MAT098,0.5283,CABLES
MAT095,MAT115,1.0,CABLES
MAT095,MAT116,0.902,CABLES
MAT095,MAT117,0.4923,CABLES
MAT095,MAT118,0.5283,CABLES
MAT095,MAT135,1.0,CABLES
MAT095,MAT136,0.902,CABLES
MAT095,MAT137,0.4923,CABLES
MAT095,MAT138,0.5283,CABLES
MAT095,MAT155,1.0,CABLES
MAT095,MAT156,0.902,CABLES
MAT095,MAT157,0.4923,CABLES
MAT095,MAT158,0.5283,CABLES
MAT095,MAT175,1.0,CABLES
MAT095,MAT176,0.902,CABLES
MAT095,MAT177,0.4923,CABLES
MAT095,MAT178,0.5283,CABLES
MAT095,MAT195,1.0,CABLES
MAT095,MAT196,0.902,CABLES
MAT095,MAT197,0.4923,CABLES
MAT095,MAT198,0.5283,CABLES
MAT095,MAT215,1.0,CABLES
MAT095,MAT216,0.902,CABLES
MAT095,MAT217,0.4923,CABLES
MAT095,MAT218,0.5283,CABLES
MAT095,MAT235,1.0,CABLES
MAT095,MAT236,0.902,CABLES
MAT095,MAT237,0.4923,CABLES
MAT095,MAT238,0.5283,CABLES
MAT095,MAT255,1.0,CABLES
MAT095,MAT256,0.902,CABLES
MAT095,MAT257,0.4923,CABLES
MAT095,MAT258,0.5283,CABLES
MAT095,MAT275,1.0,CABLES
MAT095,MAT276,0.902,CABLES
MAT095,MAT277,0.4923,CABLES
MAT095,MAT278,0.5283,CABLES
MAT095,MAT295,1.0,CABLES
MAT095,MAT296,0.902,CABLES
MAT095,MAT297,0.4923,CABLES
MAT095,MAT298,0.5283,CABLES
MAT096,MAT097,0.4857,CABLES
MAT096,MAT098,0.5172,CABLES
MAT096,MAT115,0.902,CABLES
MAT096,MAT116,1.0,CABLES
MAT096,MAT117,0.4857,CABLES
MAT096,MAT118,0.5172,CABLES
MAT096,MAT135,0.902,CABLES
MAT096,MAT136,1.0,CABLES
MAT096,MAT137,0.4857,CABLES
MAT096,MAT138,0.5172,CABLES
MAT096,MAT155,0.902,CABLES
MAT096,MAT156,1.0,CABLES
MAT096,MAT157,0.4857,CABLES
MAT096,MAT158,0.5172,CABLES
MAT096,MAT175,0.902,CABLES
MAT096,MAT176,1.0,CABLES
MAT096,MAT177,0.4857,CABLES
MAT096,MAT178,0.5172,CABLES
MAT096,MAT195,0.902,CABLES
MAT096,MAT196,1.0,CABLES
MAT096,MAT197,0.4857,CABLES
MAT096,MAT198,0.5172,CABLES
MAT096,MAT215,0.902,CABLES
MAT096,MAT216,1.0,CABLES
MAT096,MAT217,0.4857,CABLES
MAT096,MAT218,0.5172,CABLES
MAT096,MAT235,0.902,CABLES
MAT096,MAT236,1.0,CABLES
MAT096,MAT237,0.4857,CABLES
MAT096,MAT238,0.5172,CABLES
MAT096,MAT255,0.902,CABLES
MAT096,MAT256,1.0,CABLES
MAT096,MAT257,0.4857,CABLES
MAT096,MAT258,0.5172,CABLES
MAT096,MAT275,0.902,CABLES
MAT096,MAT276,1.0,CABLES
MAT096,MAT277,0.4857,CABLES
MAT096,MAT278,0.5172,CABLES
MAT096,MAT295,0.902,CABLES
MAT096,MAT296,1.0,CABLES
MAT096,MAT297,0.4857,CABLES
MAT096,MAT298,0.5172,CABLES
MAT097,MAT098,0.913,CABLES
MAT097,MAT115,0.4923,CABLES
MAT097,MAT116,0.4857,CABLES
MAT097,MAT117,1.0,CABLES
MAT097,MAT118,0.913,CABLES
MAT097,MAT135,0.4923,CABLES
MAT097,MAT136,0.4857,CABLES
MAT097,MAT137,1.0,CABLES
MAT097,MAT138,0.913,CABLES
MAT097,MAT155,0.4923,CABLES
MAT097,MAT156,0.4857,CABLES
MAT097,MAT157,1.0,CABLES
MAT097,MAT158,0.913,CABLES
MAT097,MAT175,0.4923,CABLES
MAT097,MAT176,0.4857,CABLES
MAT097,MAT177,1.0,CABLES
MAT097,MAT178,0.913,CABLES
MAT097,MAT195,0.4923,CABLES
MAT097,MAT196,0.4857,CABLES
MAT097,MAT197,1.0,CABLES
MAT097,MAT198,0.913,CABLES
MAT097,MAT215,0.4923,CABLES
MAT097,MAT216,0.4857,CABLES
MAT097,MAT217,1.0,CABLES
MAT097,MAT218,0.913,CABLES
MAT097,MAT235,0.4923,CABLES
MAT097,MAT236,0.4857,CABLES
MAT097,MAT237,1.0,CABLES
MAT097,MAT238,0.913,CABLES
MAT097,MAT255,0.4923,CABLES
MAT097,MAT256,0.4857,CABLES
MAT097,MAT257,1.0,CABLES
MAT097,MAT258,0.913,CABLES
MAT097,MAT275,0.4923,CABLES
MAT097,MAT276,0.4857,CABLES
MAT097,MAT277,1.0,CABLES
MAT097,MAT278,0.913,CABLES
MAT097,MAT295,0.4923,CABLES
MAT097,MAT296,0.4857,CABLES
MAT097,MAT297,1.0,CABLES
MAT097,MAT298,0.913,CABLES
MAT098,MAT115,0.5283,CABLES
MAT098,MAT116,0.5172,CABLES
MAT098,MAT117,0.913,CABLES
MAT098,MAT118,1.0,CABLES
MAT098,MAT135,0.5283,CABLES
MAT098,MAT136,0.5172,CABLES
MAT098,MAT137,0.913,CABLES
MAT098,MAT138,1.0,CABLES
MAT098,MAT155,0.5283,CABLES
MAT098,MAT156,0.5172,CABLES
MAT098,MAT157,0.913,CABLES
MAT098,MAT158,1.0,CABLES
MAT098,MAT175,0.5283,CABLES
MAT098,MAT176,0.5172,CABLES
MAT098,MAT177,0.913,CABLES
MAT098,MAT178,1.0,CABLES
MAT098,MAT195,0.5283,CABLES
MAT098,MAT196,0.5172,CABLES
MAT098,MAT197,0.913,CABLES
MAT098,MAT198,1.0,CABLES
MAT098,MAT215,0.5283,CABLES
MAT098,MAT216,0.5172,CABLES
MAT098,MAT217,0.913,CABLES
MAT098,MAT218,1.0,CABLES
MAT098,MAT235,0.5283,CABLES
MAT098,MAT236,0.5172,CABLES
MAT098,MAT237,0.913,CABLES
MAT098,MAT238,1.0,CABLES
MAT098,MAT255,0.5283,CABLES
MAT098,MAT256,0.5172,CABLES
MAT098,MAT257,0.913,CABLES
MAT098,MAT258,1.0,CABLES
MAT098,MAT275,0.5283,CABLES
MAT098,MAT276,0.5172,CABLES
MAT098,MAT277,0.913,CABLES
MAT098,MAT278,1.0,CABLES
MAT098,MAT295,0.5283,CABLES
MAT098,MAT296,0.5172,CABLES
MAT098,MAT297,0.913,CABLES
MAT098,MAT298,1.0,CABLES
MAT099,MAT100,0.8571,SAFETY
MAT099,MAT119,1.0,SAFETY
MAT099,MAT120,0.8571,SAFETY
MAT099,MAT139,1.0,SAFETY
MAT099,MAT140,0.8571,SAFETY
MAT099,MAT159,1.0,SAFETY
MAT099,MAT160,0.8571,SAFETY
MAT099,MAT179,1.0,SAFETY
MAT099,MAT180,0.8571,SAFETY
MAT099,MAT199,1.0,SAFETY
MAT099,MAT200,0.8571,SAFETY
MAT099,MAT219,1.0,SAFETY
MAT099,MAT220,0.8571,SAFETY
MAT099,MAT239,1.0,SAFETY
MAT099,MAT240,0.8571,SAFETY
MAT099,MAT259,1.0,SAFETY
MAT099,MAT260,0.8571,SAFETY
MAT099,MAT279,1.0,SAFETY
MAT099,MAT280,0.8571,SAFETY
MAT099,MAT299,1.0,SAFETY
MAT099,MAT300,0.8571,SAFETY
MAT100,MAT119,0.8571,SAFETY
MAT100,MAT120,1.0,SAFETY
MAT100,MAT139,0.8571,SAFETY
MAT100,MAT140,1.0,SAFETY
MAT100,MAT159,0.8571,SAFETY
MAT100,MAT160,1.0,SAFETY
MAT100,MAT179,0.8571,SAFETY
MAT100,MAT180,1.0,SAFETY
MAT100,MAT199,0.8571,SAFETY
MAT100,MAT200,1.0,SAFETY
MAT100,MAT219,0.8571,SAFETY
MAT100,MAT220,1.0,SAFETY
MAT100,MAT239,0.8571,SAFETY
MAT100,MAT240,1.0,SAFETY
MAT100,MAT259,0.8571,SAFETY
MAT100,MAT260,1.0,SAFETY
MAT100,MAT279,0.8571,SAFETY
MAT100,MAT280,1.0,SAFETY
MAT100,MAT299,0.8571,SAFETY
MAT100,MAT300,1.0,SAFETY
MAT101,MAT102,0.7042,FASTENERS
MAT101,MAT103,0.9286,FASTENERS
MAT101,MAT104,0.7879,FASTENERS
MAT101,MAT106,0.5,FASTENERS
MAT101,MAT121,1.0,FASTENERS
MAT101,MAT122,0.7042,FASTENERS
MAT101,MAT123,0.9286,FASTENERS
MAT101,MAT124,0.7879,FASTENERS
MAT101,MAT126,0.5,FASTENERS
MAT101,MAT141,1.0,FASTENERS
MAT101,MAT142,0.7042,FASTENERS
MAT101,MAT143,0.9286,FASTENERS
MAT101,MAT144,0.7879,FASTENERS
MAT101,MAT146,0.5,FASTENERS
MAT101,MAT161,1.0,FASTENERS
MAT101,MAT162,0.7042,FASTENERS
MAT101,MAT163,0.9286,FASTENERS
MAT101,MAT164,0.7879,FASTENERS
MAT101,MAT166,0.5,FASTENERS
MAT101,MAT181,1.0,FASTENERS
MAT101,MAT182,0.7042,FASTENERS
MAT101,MAT183,0.9286,FASTENERS
MAT101,MAT184,0.7879,FASTENERS
MAT101,MAT186,0.5,FASTENERS
MAT101,MAT201,1.0,FASTENERS
MAT101,MAT202,0.7042,FASTENERS
MAT101,MAT203,0.9286,FASTENERS
MAT101,MAT204,0.7879,FASTENERS
MAT101,MAT206,0.5,FASTENERS
MAT101,MAT221,1.0,FASTENERS
MAT101,MAT222,0.7042,FASTENERS
MAT101,MAT223,0.9286,FASTENERS
MAT101,MAT224,0.7879,FASTENERS
MAT101,MAT226,0.5,FASTENERS
MAT101,MAT241,1.0,FASTENERS
MAT101,MAT242,0.7042,FASTENERS
MAT101,MAT243,0.9286,FASTENERS
MAT101,MAT244,0.7879,FASTENERS
MAT101,MAT246,0.5,FASTENERS
MAT101,MAT261,1.0,FASTENERS
MAT101,MAT262,0.7042,FASTENERS
MAT101,MAT263,0.9286,FASTENERS
MAT101,MAT264,0.7879,FASTENERS
MAT101,MAT266,0.5,FASTENERS
MAT101,MAT281,1.0,FASTENERS
MAT101,MAT282,0.7042,FASTENERS
MAT101,MAT283,0.9286,FASTENERS
MAT101,MAT284,0.7879,FASTENERS
MAT101,MAT286,0.5,FASTENERS
MAT102,MAT103,0.5484,FASTENERS
MAT102,MAT104,0.75,FASTENERS
MAT102,MAT106,0.5763,FASTENERS
MAT102,MAT121,0.7042,FASTENERS
MAT102,MAT122,1.0,FASTENERS
MAT102,MAT123,0.5484,FASTENERS
MAT102,MAT124,0.75,FASTENERS
MAT102,MAT126,0.5763,FASTENERS
MAT102,MAT141,0.7042,FASTENERS
MAT102,MAT142,1.0,FASTENERS
MAT102,MAT143,0.5484,FASTENERS
MAT102,MAT144,0.75,FASTENERS
MAT102,MAT146,0.5763,FASTENERS
MAT102,MAT161,0.7042,FASTENERS
MAT102,MAT162,1.0,FASTENERS
MAT102,MAT163,0.5484,FASTENERS
MAT102,MAT164,0.75,FASTENERS
MAT102,MAT166,0.5763,FASTENERS
MAT102,MAT181,0.7042,FASTENERS
MAT102,MAT182,1.0,FASTENERS
MAT102,MAT183,0.5484,FASTENERS
MAT102,MAT184,0.75,FASTENERS
MAT102,MAT186,0.5763,FASTENERS
MAT102,MAT201,0.7042,FASTENERS
MAT102,MAT202,1.0,FASTENERS
MAT102,MAT203,0.5484,FASTENERS
MAT102,MAT204,0.75,FASTENERS
MAT102,MAT206,0.5763,FASTENERS
MAT102,MAT221,0.7042,FASTENERS
MAT102,MAT222,1.0,FASTENERS
MAT102,MAT223,0.5484,FASTENERS
MAT102,MAT224,0.75,FASTENERS
MAT102,MAT226,0.5763,FASTENERS
MAT102,MAT241,0.7042,FASTENERS
MAT102,MAT242,1.0,FASTENERS
MAT102,MAT243,0.5484,FASTENERS
MAT102,MAT244,0.75,FASTENERS
MAT102,MAT246,0.5763,FASTENERS
MAT102,MAT261,0.7042,FASTENERS
MAT102,MAT262,1.0,FASTENERS
MAT102,MAT263,0.5484,FASTENERS
MAT102,MAT264,0.75,FASTENERS
MAT102,MAT266,0.5763,FASTENERS
MAT102,MAT281,0.7042,FASTENERS
MAT102,MAT282,1.0,FASTENERS
MAT102,MAT283,0.5484,FASTENERS
MAT102,MAT284,0.75,FASTENERS
MAT102,MAT286,0.5763,FASTENERS
MAT103,MAT104,0.9189,FASTENERS
MAT103,MAT106,0.5614,FASTENERS
MAT103,MAT121,0.9286,FASTENERS
MAT103,MAT122,0.5484,FASTENERS
MAT103,MAT123,1.0,FASTENERS
MAT103,MAT124,0.9189,FASTENERS
MAT103,MAT126,0.5614,FASTENERS
MAT103,MAT141,0.9286,FASTENERS
MAT103,MAT142,0.5484,FASTENERS
MAT103,MAT143,1.0,FASTENERS
MAT103,MAT144,0.9189,FASTENERS
MAT103,MAT146,0.5614,FASTENERS
MAT103,MAT161,0.9286,FASTENERS
MAT103,MAT162,0.5484,FASTENERS
MAT103,MAT163,1.0,FASTENERS
MAT103,MAT164,0.9189,FASTENERS
MAT103,MAT166,0.5614,FASTENERS
MAT103,MAT181,0.9286,FASTENERS
MAT103,MAT182,0.5484,FASTENERS
MAT103,MAT183,1.0,FASTENERS
MAT103,MAT184,0.9189,FASTENERS
MAT103,MAT186,0.5614,FASTENERS
MAT103,MAT201,0.9286,FASTENERS
MAT103,MAT202,0.5484,FASTENERS
MAT103,MAT203,1.0,FASTENERS
MAT103,MAT204,0.9189,FASTENERS
MAT103,MAT206,0.5614,FASTENERS
MAT103,MAT221,0.9286,FASTENERS
MAT103,MAT222,0.5484,FASTENERS
MAT103,MAT223,1.0,FASTENERS
MAT103,MAT224,0.9189,FASTENERS
MAT103,MAT226,0.5614,FASTENERS
MAT103,MAT241,0.9286,FASTENERS
MAT103,MAT242,0.5484,FASTENERS
MAT103,MAT243,1.0,FASTENERS
MAT103,MAT244,0.9189,FASTENERS
MAT103,MAT246,0.5614,FASTENERS
MAT103,MAT261,0.9286,FASTENERS
MAT103,MAT262,0.5484,FASTENERS
MAT103,MAT263,1.0,FASTENERS
MAT103,MAT264,0.9189,FASTENERS
MAT103,MAT266,0.5614,FASTENERS
MAT103,MAT281,0.9286,FASTENERS
MAT103,MAT282,0.5484,FASTENERS
MAT103,MAT283,1.0,FASTENERS
MAT103,MAT284,0.9189,FASTENERS
MAT103,MAT286,0.5614,FASTENERS
MAT104,MAT105,0.4737,FASTENERS
MAT104,MAT106,0.6207,FASTENERS
MAT104,MAT121,0.7879,FASTENERS
MAT104,MAT122,0.75,FASTENERS
MAT104,MAT123,0.9189,FASTENERS
MAT104,MAT124,1.0,FASTENERS
MAT104,MAT125,0.4737,FASTENERS
MAT104,MAT126,0.6207,FASTENERS
MAT104,MAT141,0.7879,FASTENERS
MAT104,MAT142,0.75,FASTENERS
MAT104,MAT143,0.9189,FASTENERS
MAT104,MAT144,1.0,FASTENERS
MAT104,MAT145,0.4737,FASTENERS
MAT104,MAT146,0.6207,FASTENERS
MAT104,MAT161,0.7879,FASTENERS
MAT104,MAT162,0.75,FASTENERS
MAT104,MAT163,0.9189,FASTENERS
MAT104,MAT164,1.0,FASTENERS
MAT104,MAT165,0.4737,FASTENERS
MAT104,MAT166,0.6207,FASTENERS
MAT104,MAT181,0.7879,FASTENERS
MAT104,MAT182,0.75,FASTENERS
MAT104,MAT183,0.9189,FASTENERS
MAT104,MAT184,1.0,FASTENERS
MAT104,MAT185,0.4737,FASTENERS
MAT104,MAT186,0.6207,FASTENERS
MAT104,MAT201,0.7879,FASTENERS
MAT104,MAT202,0.75,FASTENERS
MAT104,MAT203,0.9189,FASTENERS
MAT104,MAT204,1.0,FASTENERS
MAT104,MAT205,0.4737,FASTENERS
MAT104,MAT206,0.6207,FASTENERS
MAT104,MAT221,0.7879,FASTENERS
MAT104,MAT222,0.75,FASTENERS
MAT104,MAT223,0.9189,FASTENERS
MAT104,MAT224,1.0,FASTENERS
MAT104,MAT225,0.4737,FASTENERS
MAT104,MAT226,0.6207,FASTENERS
MAT104,MAT241,0.7879,FASTENERS
MAT104,MAT242,0.75,FASTENERS
MAT104,MAT243,0.9189,FASTENERS
MAT104,MAT244,1.0,FASTENERS
MAT104,MAT245,0.4737,FASTENERS
MAT104,MAT246,0.6207,FASTENERS
MAT104,MAT261,0.7879,FASTENERS
MAT104,MAT262,0.75,FASTENERS
MAT104,MAT263,0.9189,FASTENERS
MAT104,MAT264,1.0,FASTENERS
MAT104,MAT265,0.4737,FASTENERS
MAT104,MAT266,0.6207,FASTENERS
MAT104,MAT281,0.7879,FASTENERS
MAT104,MAT282,0.75,FASTENERS
MAT104,MAT283,0.9189,FASTENERS
MAT104,MAT284,1.0,FASTENERS
MAT104,MAT285,0.4737,FASTENERS
MAT104,MAT286,0.6207,FASTENERS
MAT105,MAT106,0.7143,FASTENERS
MAT105,MAT124,0.4737,FASTENERS
MAT105,MAT125,1.0,FASTENERS
MAT105,MAT126,0.7143,FASTENERS
MAT105,MAT144,0.4737,FASTENERS
MAT105,MAT145,1.0,FASTENERS
MAT105,MAT146,0.7143,FASTENERS
MAT105,MAT164,0.4737,FASTENERS
MAT105,MAT165,1.0,FASTENERS
MAT105,MAT166,0.7143,FASTENERS
MAT105,MAT184,0.4737,FASTENERS
MAT105,MAT185,1.0,FASTENERS
MAT105,MAT186,0.7143,FASTENERS
MAT105,MAT204,0.4737,FASTENERS
MAT105,MAT205,1.0,FASTENERS
MAT105,MAT206,0.7143,FASTENERS
MAT105,MAT224,0.4737,FASTENERS
MAT105,MAT225,1.0,FASTENERS
MAT105,MAT226,0.7143,FASTENERS
MAT105,MAT244,0.4737,FASTENERS
MAT105,MAT245,1.0,FASTENERS
MAT105,MAT246,0.7143,FASTENERS
MAT105,MAT264,0.4737,FASTENERS
MAT105,MAT265,1.0,FASTENERS
MAT105,MAT266,0.7143,FASTENERS
MAT105,MAT284,0.4737,FASTENERS
MAT105,MAT285,1.0,FASTENERS
MAT105,MAT286,0.7143,FASTENERS
MAT106,MAT121,0.5,FASTENERS
MAT106,MAT122,0.5763,FASTENERS
MAT106,MAT123,0.5614,FASTENERS
MAT106,MAT124,0.6207,FASTENERS
MAT106,MAT125,0.7143,FASTENERS
MAT106,MAT126,1.0,FASTENERS
MAT106,MAT141,0.5,FASTENERS
MAT106,MAT142,0.5763,FASTENERS
MAT106,MAT143,0.5614,FASTENERS
MAT106,MAT144,0.6207,FASTENERS
MAT106,MAT145,0.7143,FASTENERS
MAT106,MAT146,1.0,FASTENERS
MAT106,MAT161,0.5,FASTENERS
MAT106,MAT162,0.5763,FASTENERS
MAT106,MAT163,0.5614,FASTENERS
MAT106,MAT164,0.6207,FASTENERS
MAT106,MAT165,0.7143,FASTENERS
MAT106,MAT166,1.0,FASTENERS
MAT106,MAT181,0.5,FASTENERS
MAT106,MAT182,0.5763,FASTENERS
MAT106,MAT183,0.5614,FASTENERS
MAT106,MAT184,0.6207,FASTENERS
MAT106,MAT185,0.7143,FASTENERS
MAT106,MAT186,1.0,FASTENERS
MAT106,MAT201,0.5,FASTENERS
MAT106,MAT202,0.5763,FASTENERS
MAT106,MAT203,0.5614,FASTENERS
MAT106,MAT204,0.6207,FASTENERS
MAT106,MAT205,0.7143,FASTENERS
MAT106,MAT206,1.0,FASTENERS
MAT106,MAT221,0.5,FASTENERS
MAT106,MAT222,0.5763,FASTENERS
MAT106,MAT223,0.5614,FASTENERS
MAT106,MAT224,0.6207,FASTENERS
MAT106,MAT225,0.7143,FASTENERS
MAT106,MAT226,1.0,FASTENERS
MAT106,MAT241,0.5,FASTENERS
MAT106,MAT242,0.5763,FASTENERS
MAT106,MAT243,0.5614,FASTENERS
MAT106,MAT244,0.6207,FASTENERS
MAT106,MAT245,0.7143,FASTENERS
MAT106,MAT246,1.0,FASTENERS
MAT106,MAT261,0.5,FASTENERS
MAT106,MAT262,0.5763,FASTENERS
MAT106,MAT263,0.5614,FASTENERS
MAT106,MAT264,0.6207,FASTENERS
MAT106,MAT265,0.7143,FASTENERS
MAT106,MAT266,1.0,FASTENERS
MAT106,MAT281,0.5,FASTENERS
MAT106,MAT282,0.5763,FASTENERS
MAT106,MAT283,0.5614,FASTENERS
MAT106,MAT284,0.6207,FASTENERS
MAT106,MAT285,0.7143,FASTENERS
MAT106,MAT286,1.0,FASTENERS
MAT107,MAT108,1.0,BEARINGS
MAT107,MAT109,0.75,BEARINGS
MAT107,MAT110,0.75,BEARINGS
MAT107,MAT127,1.0,BEARINGS
MAT107,MAT128,1.0,BEARINGS
MAT107,MAT129,0.75,BEARINGS
MAT107,MAT130,0.75,BEARINGS
MAT107,MAT147,1.0,BEARINGS
MAT107,MAT148,1.0,BEARINGS
MAT107,MAT149,0.75,BEARINGS
MAT107,MAT150,0.75,BEARINGS
MAT107,MAT167,1.0,BEARINGS
MAT107,MAT168,1.0,BEARINGS
MAT107,MAT169,0.75,BEARINGS
MAT107,MAT170,0.75,BEARINGS
MAT107,MAT187,1.0,BEARINGS
MAT107,MAT188,1.0,BEARINGS
MAT107,MAT189,0.75,BEARINGS
MAT107,MAT190,0.75,BEARINGS
MAT107,MAT207,1.0,BEARINGS
MAT107,MAT208,1.0,BEARINGS
MAT107,MAT209,0.75,BEARINGS
MAT107,MAT210,0.75,BEARINGS
MAT107,MAT227,1.0,BEARINGS
MAT107,MAT228,1.0,BEARINGS
MAT107,MAT229,0.75,BEARINGS
MAT107,MAT230,0.75,BEARINGS
MAT107,MAT247,1.0,BEARINGS
MAT107,MAT248,1.0,BEARINGS
MAT107,MAT249,0.75,BEARINGS
MAT107,MAT250,0.75,BEARINGS
MAT107,MAT267,1.0,BEARINGS
MAT107,MAT268,1.0,BEARINGS
MAT107,MAT269,0.75,BEARINGS
MAT107,MAT270,0.75,BEARINGS
MAT107,MAT287,1.0,BEARINGS
MAT107,MAT288,1.0,BEARINGS
MAT107,MAT289,0.75,BEARINGS
MAT107,MAT290,0.75,BEARINGS
MAT108,MAT109,0.6667,BEARINGS
MAT108,MAT110,0.6667,BEARINGS
MAT108,MAT127,1.0,BEARINGS
MAT108,MAT128,1.0,BEARINGS
MAT108,MAT129,0.6667,BEARINGS
MAT108,MAT130,0.6667,BEARINGS
MAT108,MAT147,1.0,BEARINGS
MAT108,MAT148,1.0,BEARINGS
MAT108,MAT149,0.6667,BEARINGS
MAT108,MAT150,0.6667,BEARINGS
MAT108,MAT167,1.0,BEARINGS
MAT108,MAT168,1.0,BEARINGS
MAT108,MAT169,0.6667,BEARINGS
MAT108,MAT170,0.6667,BEARINGS
MAT108,MAT187,1.0,BEARINGS
MAT108,MAT188,1.0,BEARINGS
MAT108,MAT189,0.6667,BEARINGS
MAT108,MAT190,0.6667,BEARINGS
MAT108,MAT207,1.0,BEARINGS
MAT108,MAT208,1.0,BEARINGS
MAT108,MAT209,0.6667,BEARINGS
MAT108,MAT210,0.6667,BEARINGS
MAT108,MAT227,1.0,BEARINGS
MAT108,MAT228,1.0,BEARINGS
MAT108,MAT229,0.6667,BEARINGS
MAT108,MAT230,0.6667,BEARINGS
MAT108,MAT247,1.0,BEARINGS
MAT108,MAT248,1.0,BEARINGS
MAT108,MAT249,0.6667,BEARINGS
MAT108,MAT250,0.6667,BEARINGS
MAT108,MAT267,1.0,BEARINGS
MAT108,MAT268,1.0,BEARINGS
MAT108,MAT269,0.6667,BEARINGS
MAT108,MAT270,0.6667,BEARINGS
MAT108,MAT287,1.0,BEARINGS
MAT108,MAT288,1.0,BEARINGS
MAT108,MAT289,0.6667,BEARINGS
MAT108,MAT290,0.6667,BEARINGS
MAT109,MAT110,0.68,BEARINGS
MAT109,MAT127,0.75,BEARINGS
MAT109,MAT128,0.6667,BEARINGS
MAT109,MAT129,1.0,BEARINGS
MAT109,MAT130,0.68,BEARINGS
MAT109,MAT147,0.75,BEARINGS
MAT109,MAT148,0.6667,BEARINGS
MAT109,MAT149,1.0,BEARINGS
MAT109,MAT150,0.68,BEARINGS
MAT109,MAT167,0.75,BEARINGS
MAT109,MAT168,0.6667,BEARINGS
MAT109,MAT169,1.0,BEARINGS
MAT109,MAT170,0.68,BEARINGS
MAT109,MAT187,0.75,BEARINGS
MAT109,MAT188,0.6667,BEARINGS
MAT109,MAT189,1.0,BEARINGS
MAT109,MAT190,0.68,BEARINGS
MAT109,MAT207,0.75,BEARINGS
MAT109,MAT208,0.6667,BEARINGS
MAT109,MAT209,1.0,BEARINGS
MAT109,MAT210,0.68,BEARINGS
MAT109,MAT227,0.75,BEARINGS
MAT109,MAT228,0.6667,BEARINGS
MAT109,MAT229,1.0,BEARINGS
MAT109,MAT230,0.68,BEARINGS
MAT109,MAT247,0.75,BEARINGS
MAT109,MAT248,0.6667,BEARINGS
MAT109,MAT249,1.0,BEARINGS
MAT109,MAT250,0.68,BEARINGS
MAT109,MAT267,0.75,BEARINGS
MAT109,MAT268,0.6667,BEARINGS
MAT109,MAT269,1.0,BEARINGS
MAT109,MAT270,0.68,BEARINGS
MAT109,MAT287,0.75,BEARINGS
MAT109,MAT288,0.6667,BEARINGS
MAT109,MAT289,1.0,BEARINGS
MAT109,MAT290,0.68,BEARINGS
MAT110,MAT127,0.75,BEARINGS
MAT110,MAT128,0.6667,BEARINGS
MAT110,MAT129,0.68,BEARINGS
MAT110,MAT130,1.0,BEARINGS
MAT110,MAT147,0.75,BEARINGS
MAT110,MAT148,0.6667,BEARINGS
MAT110,MAT149,0.68,BEARINGS
MAT110,MAT150,1.0,BEARINGS
MAT110,MAT167,0.75,BEARINGS
MAT110,MAT168,0.6667,BEARINGS
MAT110,MAT169,0.68,BEARINGS
MAT110,MAT170,1.0,BEARINGS
MAT110,MAT187,0.75,BEARINGS
MAT110,MAT188,0.6667,BEARINGS
MAT110,MAT189,0.68,BEARINGS
MAT110,MAT190,1.0,BEARINGS
MAT110,MAT207,0.75,BEARINGS
MAT110,MAT208,0.6667,BEARINGS
MAT110,MAT209,0.68,BEARINGS
MAT110,MAT210,1.0,BEARINGS
MAT110,MAT227,0.75,BEARINGS
MAT110,MAT228,0.6667,BEARINGS
MAT110,MAT229,0.68,BEARINGS
MAT110,MAT230,1.0,BEARINGS
MAT110,MAT247,0.75,BEARINGS
MAT110,MAT248,0.6667,BEARINGS
MAT110,MAT249,0.68,BEARINGS
MAT110,MAT250,1.0,BEARINGS
MAT110,MAT267,0.75,BEARINGS
MAT110,MAT268,0.6667,BEARINGS
MAT110,MAT269,0.68,BEARINGS
MAT110,MAT270,1.0,BEARINGS
MAT110,MAT287,0.75,BEARINGS
MAT110,MAT288,0.6667,BEARINGS
MAT110,MAT289,0.68,BEARINGS
MAT110,MAT290,1.0,BEARINGS
MAT111,MAT112,0.6038,LUBRICANTS
MAT111,MAT114,0.8,LUBRICANTS
MAT111,MAT131,1.0,LUBRICANTS
MAT111,MAT132,0.6038,LUBRICANTS
MAT111,MAT134,0.8,LUBRICANTS
MAT111,MAT151,1.0,LUBRICANTS
MAT111,MAT152,0.6038,LUBRICANTS
MAT111,MAT154,0.8,LUBRICANTS
MAT111,MAT171,1.0,LUBRICANTS
MAT111,MAT172,0.6038,LUBRICANTS
MAT111,MAT174,0.8,LUBRICANTS
MAT111,MAT191,1.0,LUBRICANTS
MAT111,MAT192,0.6038,LUBRICANTS
MAT111,MAT194,0.8,LUBRICANTS
MAT111,MAT211,1.0,LUBRICANTS
MAT111,MAT212,0.6038,LUBRICANTS
MAT111,MAT214,0.8,LUBRICANTS
MAT111,MAT231,1.0,LUBRICANTS
MAT111,MAT232,0.6038,LUBRICANTS
MAT111,MAT234,0.8,LUBRICANTS
MAT111,MAT251,1.0,LUBRICANTS
MAT111,MAT252,0.6038,LUBRICANTS
MAT111,MAT254,0.8,LUBRICANTS
MAT111,MAT271,1.0,LUBRICANTS
MAT111,MAT272,0.6038,LUBRICANTS
MAT111,MAT274,0.8,LUBRICANTS
MAT111,MAT291,1.0,LUBRICANTS
MAT111,MAT292,0.6038,LUBRICANTS
MAT111,MAT294,0.8,LUBRICANTS
MAT112,MAT131,0.6038,LUBRICANTS
MAT112,MAT132,1.0,LUBRICANTS
MAT112,MAT151,0.6038,LUBRICANTS
MAT112,MAT152,1.0,LUBRICANTS
MAT112,MAT171,0.6038,LUBRICANTS
MAT112,MAT172,1.0,LUBRICANTS
MAT112,MAT191,0.6038,LUBRICANTS
MAT112,MAT192,1.0,LUBRICANTS
MAT112,MAT211,0.6038,LUBRICANTS
MAT112,MAT212,1.0,LUBRICANTS
MAT112,MAT231,0.6038,LUBRICANTS
MAT112,MAT232,1.0,LUBRICANTS
MAT112,MAT251,0.6038,LUBRICANTS
MAT112,MAT252,1.0,LUBRICANTS
MAT112,MAT271,0.6038,LUBRICANTS
MAT112,MAT272,1.0,LUBRICANTS
MAT112,MAT291,0.6038,LUBRICANTS
MAT112,MAT292,1.0,LUBRICANTS
MAT113,MAT114,0.8462,LUBRICANTS
MAT113,MAT133,1.0,LUBRICANTS
MAT113,MAT134,0.8462,LUBRICANTS
MAT113,MAT153,1.0,LUBRICANTS
MAT113,MAT154,0.8462,LUBRICANTS
MAT113,MAT173,1.0,LUBRICANTS
MAT113,MAT174,0.8462,LUBRICANTS
MAT113,MAT193,1.0,LUBRICANTS
MAT113,MAT194,0.8462,LUBRICANTS
MAT113,MAT213,1.0,LUBRICANTS
MAT113,MAT214,0.8462,LUBRICANTS
MAT113,MAT233,1.0,LUBRICANTS
MAT113,MAT234,0.8462,LUBRICANTS
MAT113,MAT253,1.0,LUBRICANTS
MAT113,MAT254,0.8462,LUBRICANTS
MAT113,MAT273,1.0,LUBRICANTS
MAT113,MAT274,0.8462,LUBRICANTS
MAT113,MAT293,1.0,LUBRICANTS
MAT113,MAT294,0.8462,LUBRICANTS
MAT114,MAT131,0.8,LUBRICANTS
MAT114,MAT133,0.8462,LUBRICANTS
MAT114,MAT134,1.0,LUBRICANTS
MAT114,MAT151,0.8,LUBRICANTS
MAT114,MAT153,0.8462,LUBRICANTS
MAT114,MAT154,1.0,LUBRICANTS
MAT114,MAT171,0.8,LUBRICANTS
MAT114,MAT173,0.8462,LUBRICANTS
MAT114,MAT174,1.0,LUBRICANTS
MAT114,MAT191,0.8,LUBRICANTS
MAT114,MAT193,0.8462,LUBRICANTS
MAT114,MAT194,1.0,LUBRICANTS
MAT114,MAT211,0.8,LUBRICANTS
MAT114,MAT213,0.8462,LUBRICANTS
MAT114,MAT214,1.0,LUBRICANTS
MAT114,MAT231,0.8,LUBRICANTS
MAT114,MAT233,0.8462,LUBRICANTS
MAT114,MAT234,1.0,LUBRICANTS
MAT114,MAT251,0.8,LUBRICANTS
MAT114,MAT253,0.8462,LUBRICANTS
MAT114,MAT254,1.0,LUBRICANTS
MAT114,MAT271,0.8,LUBRICANTS
MAT114,MAT273,0.8462,LUBRICANTS
MAT114,MAT274,1.0,LUBRICANTS
MAT114,MAT291,0.8,LUBRICANTS
MAT114,MAT293,0.8462,LUBRICANTS
MAT114,MAT294,1.0,LUBRICANTS
MAT115,MAT116,0.902,CABLES
MAT115,MAT117,0.4923,CABLES
MAT115,MAT118,0.5283,CABLES
MAT115,MAT135,1.0,CABLES
MAT115,MAT136,0.902,CABLES
MAT115,MAT137,0.4923,CABLES
MAT115,MAT138,0.5283,CABLES
MAT115,MAT155,1.0,CABLES
MAT115,MAT156,0.902,CABLES
MAT115,MAT157,0.4923,CABLES
MAT115,MAT158,0.5283,CABLES
MAT115,MAT175,1.0,CABLES
MAT115,MAT176,0.902,CABLES
MAT115,MAT177,0.4923,CABLES
MAT115,MAT178,0.5283,CABLES
MAT115,MAT195,1.0,CABLES
MAT115,MAT196,0.902,CABLES
MAT115,MAT197,0.4923,CABLES
MAT115,MAT198,0.5283,CABLES
MAT115,MAT215,1.0,CABLES
MAT115,MAT216,0.902,CABLES
MAT115,MAT217,0.4923,CABLES
MAT115,MAT218,0.5283,CABLES
MAT115,MAT235,1.0,CABLES
MAT115,MAT236,0.902,CABLES
MAT115,MAT237,0.4923,CABLES
MAT115,MAT238,0.5283,CABLES
MAT115,MAT255,1.0,CABLES
MAT115,MAT256,0.902,CABLES
MAT115,MAT257,0.4923,CABLES
MAT115,MAT258,0.5283,CABLES
MAT115,MAT275,1.0,CABLES
MAT115,MAT276,0.902,CABLES
MAT115,MAT277,0.4923,CABLES
MAT115,MAT278,0.5283,CABLES
MAT115,MAT295,1.0,CABLES
MAT115,MAT296,0.902,CABLES
MAT115,MAT297,0.4923,CABLES
MAT115,MAT298,0.5283,CABLES
MAT116,MAT117,0.4857,CABLES
MAT116,MAT118,0.5172,CABLES
MAT116,MAT135,0.902,CABLES
MAT116,MAT136,1.0,CABLES
MAT116,MAT137,0.4857,CABLES
MAT116,MAT138,0.5172,CABLES
MAT116,MAT155,0.902,CABLES
MAT116,MAT156,1.0,CABLES
MAT116,MAT157,0.4857,CABLES
MAT116,MAT158,0.5172,CABLES
MAT116,MAT175,0.902,CABLES
MAT116,MAT176,1.0,CABLES
MAT116,MAT177,0.4857,CABLES
MAT116,MAT178,0.5172,CABLES
MAT116,MAT195,0.902,CABLES
MAT116,MAT196,1.0,CABLES
MAT116,MAT197,0.4857,CABLES
MAT116,MAT198,0.5172,CABLES
MAT116,MAT215,0.902,CABLES
MAT116,MAT216,1.0,CABLES
MAT116,MAT217,0.4857,CABLES
MAT116,MAT218,0.5172,CABLES
MAT116,MAT235,0.902,CABLES
MAT116,MAT236,1.0,CABLES
MAT116,MAT237,0.4857,CABLES
MAT116,MAT238,0.5172,CABLES
MAT116,MAT255,0.902,CABLES
MAT116,MAT256,1.0,CABLES
MAT116,MAT257,0.4857,CABLES
MAT116,MAT258,0.5172,CABLES
MAT116,MAT275,0.902,CABLES
MAT116,MAT276,1.0,CABLES
MAT116,MAT277,0.4857,CABLES
MAT116,MAT278,0.5172,CABLES
MAT116,MAT295,0.902,CABLES
MAT116,MAT296,1.0,CABLES
MAT116,MAT297,0.4857,CABLES
MAT116,MAT298,0.5172,CABLES
MAT117,MAT118,0.913,CABLES
MAT117,MAT135,0.4923,CABLES
MAT117,MAT136,0.4857,CABLES
MAT117,MAT137,1.0,CABLES
MAT117,MAT138,0.913,CABLES
MAT117,MAT155,0.4923,CABLES
MAT117,MAT156,0.4857,CABLES
MAT117,MAT157,1.0,CABLES
MAT117,MAT158,0.913,CABLES
MAT117,MAT175,0.4923,CABLES
MAT117,MAT176,0.4857,CABLES
MAT117,MAT177,1.0,CABLES
MAT117,MAT178,0.913,CABLES
MAT117,MAT195,0.4923,CABLES
MAT117,MAT196,0.4857,CABLES
MAT117,MAT197,1.0,CABLES
MAT117,MAT198,0.913,CABLES
MAT117,MAT215,0.4923,CABLES
MAT117,MAT216,0.4857,CABLES
MAT117,MAT217,1.0,CABLES
MAT117,MAT218,0.913,CABLES
MAT117,MAT235,0.4923,CABLES
MAT117,MAT236,0.4857,CABLES
MAT117,MAT237,1.0,CABLES
MAT117,MAT238,0.913,CABLES
MAT117,MAT255,0.4923,CABLES
MAT117,MAT256,0.4857,CABLES
MAT117,MAT257,1.0,CABLES
MAT117,MAT258,0.913,CABLES
MAT117,MAT275,0.4923,CABLES
MAT117,MAT276,0.4857,CABLES
MAT117,MAT277,1.0,CABLES
MAT117,MAT278,0.913,CABLES
MAT117,MAT295,0.4923,CABLES
MAT117,MAT296,0.4857,CABLES
MAT117,MAT297,1.0,CABLES
MAT117,MAT298,0.913,CABLES
MAT118,MAT135,0.5283,CABLES
MAT118,MAT136,0.5172,CABLES
MAT118,MAT137,0.913,CABLES
MAT118,MAT138,1.0,CABLES
MAT118,MAT155,0.5283,CABLES
MAT118,MAT156,0.5172,CABLES
MAT118,MAT157,0.913,CABLES
MAT118,MAT158,1.0,CABLES
MAT118,MAT175,0.5283,CABLES
MAT118,MAT176,0.5172,CABLES
MAT118,MAT177,0.913,CABLES
MAT118,MAT178,1.0,CABLES
MAT118,MAT195,0.5283,CABLES
MAT118,MAT196,0.5172,CABLES
MAT118,MAT197,0.913,CABLES
MAT118,MAT198,1.0,CABLES
MAT118,MAT215,0.5283,CABLES
MAT118,MAT216,0.5172,CABLES
MAT118,MAT217,0.913,CABLES
MAT118,MAT218,1.0,CABLES
MAT118,MAT235,0.5283,CABLES
MAT118,MAT236,0.5172,CABLES
MAT118,MAT237,0.913,CABLES
MAT118,MAT238,1.0,CABLES
MAT118,MAT255,0.5283,CABLES
MAT118,MAT256,0.5172,CABLES
MAT118,MAT257,0.913,CABLES
MAT118,MAT258,1.0,CABLES
MAT118,MAT275,0.5283,CABLES
MAT118,MAT276,0.5172,CABLES
MAT118,MAT277,0.913,CABLES
MAT118,MAT278,1.0,CABLES
MAT118,MAT295,0.5283,CABLES
MAT118,MAT296,0.5172,CABLES
MAT118,MAT297,0.913,CABLES
MAT118,MAT298,1.0,CABLES
MAT119,MAT120,0.8571,SAFETY
MAT119,MAT139,1.0,SAFETY
MAT119,MAT140,0.8571,SAFETY
MAT119,MAT159,1.0,SAFETY
MAT119,MAT160,0.8571,SAFETY
MAT119,MAT179,1.0,SAFETY
MAT119,MAT180,0.8571,SAFETY
MAT119,MAT199,1.0,SAFETY
MAT119,MAT200,0.8571,SAFETY
MAT119,MAT219,1.0,SAFETY
MAT119,MAT220,0.8571,SAFETY
MAT119,MAT239,1.0,SAFETY
MAT119,MAT240,0.8571,SAFETY
MAT119,MAT259,1.0,SAFETY
MAT119,MAT260,0.8571,SAFETY
MAT119,MAT279,1.0,SAFETY
MAT119,MAT280,0.8571,SAFETY
MAT119,MAT299,1.0,SAFETY
MAT119,MAT300,0.8571,SAFETY
MAT120,MAT139,0.8571,SAFETY
MAT120,MAT140,1.0,SAFETY
MAT120,MAT159,0.8571,SAFETY
MAT120,MAT160,1.0,SAFETY
MAT120,MAT179,0.8571,SAFETY
MAT120,MAT180,1.0,SAFETY
MAT120,MAT199,0.8571,SAFETY
MAT120,MAT200,1.0,SAFETY
MAT120,MAT219,0.8571,SAFETY
MAT120,MAT220,1.0,SAFETY
MAT120,MAT239,0.8571,SAFETY
MAT120,MAT240,1.0,SAFETY
MAT120,MAT259,0.8571,SAFETY
MAT120,MAT260,1.0,SAFETY
MAT120,MAT279,0.8571,SAFETY
MAT120,MAT280,1.0,SAFETY
MAT120,MAT299,0.8571,SAFETY
MAT120,MAT300,1.0,SAFETY
MAT121,MAT122,0.7042,FASTENERS
MAT121,MAT123,0.9286,FASTENERS
MAT121,MAT124,0.7879,FASTENERS
MAT121,MAT126,0.5,FASTENERS
MAT121,MAT141,1.0,FASTENERS
MAT121,MAT142,0.7042,FASTENERS
MAT121,MAT143,0.9286,FASTENERS
MAT121,MAT144,0.7879,FASTENERS
MAT121,MAT146,0.5,FASTENERS
MAT121,MAT161,1.0,FASTENERS
MAT121,MAT162,0.7042,FASTENERS
MAT121,MAT163,0.9286,FASTENERS
MAT121,MAT164,0.7879,FASTENERS
MAT121,MAT166,0.5,FASTENERS
MAT121,MAT181,1.0,FASTENERS
MAT121,MAT182,0.7042,FASTENERS
MAT121,MAT183,0.9286,FASTENERS
MAT121,MAT184,0.7879,FASTENERS
MAT121,MAT186,0.5,FASTENERS
MAT121,MAT201,1.0,FASTENERS
MAT121,MAT202,0.7042,FASTENERS
MAT121,MAT203,0.9286,FASTENERS
MAT121,MAT204,0.7879,FASTENERS
MAT121,MAT206,0.5,FASTENERS
MAT121,MAT221,1.0,FASTENERS
MAT121,MAT222,0.7042,FASTENERS
MAT121,MAT223,0.9286,FASTENERS
MAT121,MAT224,0.7879,FASTENERS
MAT121,MAT226,0.5,FASTENERS
MAT121,MAT241,1.0,FASTENERS
MAT121,MAT242,0.7042,FASTENERS
MAT121,MAT243,0.9286,FASTENERS
MAT121,MAT244,0.7879,FASTENERS
MAT121,MAT246,0.5,FASTENERS
MAT121,MAT261,1.0,FASTENERS
MAT121,MAT262,0.7042,FASTENERS
MAT121,MAT263,0.9286,FASTENERS
MAT121,MAT264,0.7879,FASTENERS
MAT121,MAT266,0.5,FASTENERS
MAT121,MAT281,1.0,FASTENERS
MAT121,MAT282,0.7042,FASTENERS
MAT121,MAT283,0.9286,FASTENERS
MAT121,MAT284,0.7879,FASTENERS
MAT121,MAT286,0.5,FASTENERS
MAT122,MAT123,0.5484,FASTENERS
MAT122,MAT124,0.75,FASTENERS
MAT122,MAT126,0.5763,FASTENERS
MAT122,MAT141,0.7042,FASTENERS
MAT122,MAT142,1.0,FASTENERS
MAT122,MAT143,0.5484,FASTENERS
MAT122,MAT144,0.75,FASTENERS
MAT122,MAT146,0.5763,FASTENERS
MAT122,MAT161,0.7042,FASTENERS
MAT122,MAT162,1.0,FASTENERS
MAT122,MAT163,0.5484,FASTENERS
MAT122,MAT164,0.75,FASTENERS
MAT122,MAT166,0.5763,FASTENERS
MAT122,MAT181,0.7042,FASTENERS
MAT122,MAT182,1.0,FASTENERS
MAT122,MAT183,0.5484,FASTENERS
MAT122,MAT184,0.75,FASTENERS
MAT122,MAT186,0.5763,FASTENERS
MAT122,MAT201,0.7042,FASTENERS
MAT122,MAT202,1.0,FASTENERS
MAT122,MAT203,0.5484,FASTENERS
MAT122,MAT204,0.75,FASTENERS
MAT122,MAT206,0.5763,FASTENERS
MAT122,MAT221,0.7042,FASTENERS
MAT122,MAT222,1.0,FASTENERS
MAT122,MAT223,0.5484,FASTENERS
MAT122,MAT224,0.75,FASTENERS
MAT122,MAT226,0.5763,FASTENERS
MAT122,MAT241,0.7042,FASTENERS
MAT122,MAT242,1.0,FASTENERS
MAT122,MAT243,0.5484,FASTENERS
MAT122,MAT244,0.75,FASTENERS
MAT122,MAT246,0.5763,FASTENERS
MAT122,MAT261,0.7042,FASTENERS
MAT122,MAT262,1.0,FASTENERS
MAT122,MAT263,0.5484,FASTENERS
MAT122,MAT264,0.75,FASTENERS
MAT122,MAT266,0.5763,FASTENERS
MAT122,MAT281,0.7042,FASTENERS
MAT122,MAT282,1.0,FASTENERS
MAT122,MAT283,0.5484,FASTENERS
MAT122,MAT284,0.75,FASTENERS
MAT122,MAT286,0.5763,FASTENERS
MAT123,MAT124,0.9189,FASTENERS
MAT123,MAT126,0.5614,FASTENERS
MAT123,MAT141,0.9286,FASTENERS
MAT123,MAT142,0.5484,FASTENERS
MAT123,MAT143,1.0,FASTENERS
MAT123,MAT144,0.9189,FASTENERS
MAT123,MAT146,0.5614,FASTENERS
MAT123,MAT161,0.9286,FASTENERS
MAT123,MAT162,0.5484,FASTENERS
MAT123,MAT163,1.0,FASTENERS
MAT123,MAT164,0.9189,FASTENERS
MAT123,MAT166,0.5614,FASTENERS
MAT123,MAT181,0.9286,FASTENERS
MAT123,MAT182,0.5484,FASTENERS
MAT123,MAT183,1.0,FASTENERS
MAT123,MAT184,0.9189,FASTENERS
MAT123,MAT186,0.5614,FASTENERS
MAT123,MAT201,0.9286,FASTENERS
MAT123,MAT202,0.5484,FASTENERS
MAT123,MAT203,1.0,FASTENERS
MAT123,MAT204,0.9189,FASTENERS
MAT123,MAT206,0.5614,FASTENERS
MAT123,MAT221,0.9286,FASTENERS
MAT123,MAT222,0.5484,FASTENERS
MAT123,MAT223,1.0,FASTENERS
MAT123,MAT224,0.9189,FASTENERS
MAT123,MAT226,0.5614,FASTENERS
MAT123,MAT241,0.9286,FASTENERS
MAT123,MAT242,0.5484,FASTENERS
MAT123,MAT243,1.0,FASTENERS
MAT123,MAT244,0.9189,FASTENERS
MAT123,MAT246,0.5614,FASTENERS
MAT123,MAT261,0.9286,FASTENERS
MAT123,MAT262,0.5484,FASTENERS
MAT123,MAT263,1.0,FASTENERS
MAT123,MAT264,0.9189,FASTENERS
MAT123,MAT266,0.5614,FASTENERS
MAT123,MAT281,0.9286,FASTENERS
MAT123,MAT282,0.5484,FASTENERS
MAT123,MAT283,1.0,FASTENERS
MAT123,MAT284,0.9189,FASTENERS
MAT123,MAT286,0.5614,FASTENERS
MAT124,MAT125,0.4737,FASTENERS
MAT124,MAT126,0.6207,FASTENERS
MAT124,MAT141,0.7879,FASTENERS
MAT124,MAT142,0.75,FASTENERS
MAT124,MAT143,0.9189,FASTENERS
MAT124,MAT144,1.0,FASTENERS
MAT124,MAT145,0.4737,FASTENERS
MAT124,MAT146,0.6207,FASTENERS
MAT124,MAT161,0.7879,FASTENERS
MAT124,MAT162,0.75,FASTENERS
MAT124,MAT163,0.9189,FASTENERS
MAT124,MAT164,1.0,FASTENERS
MAT124,MAT165,0.4737,FASTENERS
MAT124,MAT166,0.6207,FASTENERS
MAT124,MAT181,0.7879,FASTENERS
MAT124,MAT182,0.75,FASTENERS
MAT124,MAT183,0.9189,FASTENERS
MAT124,MAT184,1.0,FASTENERS
MAT124,MAT185,0.4737,FASTENERS
MAT124,MAT186,0.6207,FASTENERS
MAT124,MAT201,0.7879,FASTENERS
MAT124,MAT202,0.75,FASTENERS
MAT124,MAT203,0.9189,FASTENERS
MAT124,MAT204,1.0,FASTENERS
MAT124,MAT205,0.4737,FASTENERS
MAT124,MAT206,0.6207,FASTENERS
MAT124,MAT221,0.7879,FASTENERS
MAT124,MAT222,0.75,FASTENERS
MAT124,MAT223,0.9189,FASTENERS
MAT124,MAT224,1.0,FASTENERS
MAT124,MAT225,0.4737,FASTENERS
MAT124,MAT226,0.6207,FASTENERS
MAT124,MAT241,0.7879,FASTENERS
MAT124,MAT242,0.75,FASTENERS
MAT124,MAT243,0.9189,FASTENERS
MAT124,MAT244,1.0,FASTENERS
MAT124,MAT245,0.4737,FASTENERS
MAT124,MAT246,0.6207,FASTENERS
MAT124,MAT261,0.7879,FASTENERS
MAT124,MAT262,0.75,FASTENERS
MAT124,MAT263,0.9189,FASTENERS
MAT124,MAT264,1.0,FASTENERS
MAT124,MAT265,0.4737,FASTENERS
MAT124,MAT266,0.6207,FASTENERS
MAT124,MAT281,0.7879,FASTENERS
MAT124,MAT282,0.75,FASTENERS
MAT124,MAT283,0.9189,FASTENERS
MAT124,MAT284,1.0,FASTENERS
MAT124,MAT285,0.4737,FASTENERS
MAT124,MAT286,0.6207,FASTENERS
MAT125,MAT126,0.7143,FASTENERS
MAT125,MAT144,0.4737,FASTENERS
MAT125,MAT145,1.0,FASTENERS
MAT125,MAT146,0.7143,FASTENERS
MAT125,MAT164,0.4737,FASTENERS
MAT125,MAT165,1.0,FASTENERS
MAT125,MAT166,0.7143,FASTENERS
MAT125,MAT184,0.4737,FASTENERS
MAT125,MAT185,1.0,FASTENERS
MAT125,MAT186,0.7143,FASTENERS
MAT125,MAT204,0.4737,FASTENERS
MAT125,MAT205,1.0,FASTENERS
MAT125,MAT206,0.7143,FASTENERS
MAT125,MAT224,0.4737,FASTENERS
MAT125,MAT225,1.0,FASTENERS
MAT125,MAT226,0.7143,FASTENERS
MAT125,MAT244,0.4737,FASTENERS
MAT125,MAT245,1.0,FASTENERS
MAT125,MAT246,0.7143,FASTENERS
MAT125,MAT264,0.4737,FASTENERS
MAT125,MAT265,1.0,FASTENERS
MAT125,MAT266,0.7143,FASTENERS
MAT125,MAT284,0.4737,FASTENERS
MAT125,MAT285,1.0,FASTENERS
MAT125,MAT286,0.7143,FASTENERS
MAT126,MAT141,0.5,FASTENERS
MAT126,MAT142,0.5763,FASTENERS
MAT126,MAT143,0.5614,FASTENERS
MAT126,MAT144,0.6207,FASTENERS
MAT126,MAT145,0.7143,FASTENERS
MAT126,MAT146,1.0,FASTENERS
MAT126,MAT161,0.5,FASTENERS
MAT126,MAT162,0.5763,FASTENERS
MAT126,MAT163,0.5614,FASTENERS
MAT126,MAT164,0.6207,FASTENERS
MAT126,MAT165,0.7143,FASTENERS
MAT126,MAT166,1.0,FASTENERS
MAT126,MAT181,0.5,FASTENERS
MAT126,MAT182,0.5763,FASTENERS
MAT126,MAT183,0.5614,FASTENERS
MAT126,MAT184,0.6207,FASTENERS
MAT126,MAT185,0.7143,FASTENERS
MAT126,MAT186,1.0,FASTENERS
MAT126,MAT201,0.5,FASTENERS
MAT126,MAT202,0.5763,FASTENERS
MAT126,MAT203,0.5614,FASTENERS
MAT126,MAT204,0.6207,FASTENERS
MAT126,MAT205,0.7143,FASTENERS
MAT126,MAT206,1.0,FASTENERS
MAT126,MAT221,0.5,FASTENERS
MAT126,MAT222,0.5763,FASTENERS
MAT126,MAT223,0.5614,FASTENERS
MAT126,MAT224,0.6207,FASTENERS
MAT126,MAT225,0.7143,FASTENERS
MAT126,MAT226,1.0,FASTENERS
MAT126,MAT241,0.5,FASTENERS
MAT126,MAT242,0.5763,FASTENERS
MAT126,MAT243,0.5614,FASTENERS
MAT126,MAT244,0.6207,FASTENERS
MAT126,MAT245,0.7143,FASTENERS
MAT126,MAT246,1.0,FASTENERS
MAT126,MAT261,0.5,FASTENERS
MAT126,MAT262,0.5763,FASTENERS
MAT126,MAT263,0.5614,FASTENERS
MAT126,MAT264,0.6207,FASTENERS
MAT126,MAT265,0.7143,FASTENERS
MAT126,MAT266,1.0,FASTENERS
MAT126,MAT281,0.5,FASTENERS
MAT126,MAT282,0.5763,FASTENERS
MAT126,MAT283,0.5614,FASTENERS
MAT126,MAT284,0.6207,FASTENERS
MAT126,MAT285,0.7143,FASTENERS
MAT126,MAT286,1.0,FASTENERS
MAT127,MAT128,1.0,BEARINGS
MAT127,MAT129,0.75,BEARINGS
MAT127,MAT130,0.75,BEARINGS
MAT127,MAT147,1.0,BEARINGS
MAT127,MAT148,1.0,BEARINGS
MAT127,MAT149,0.75,BEARINGS
MAT127,MAT150,0.75,BEARINGS
MAT127,MAT167,1.0,BEARINGS
MAT127,MAT168,1.0,BEARINGS
MAT127,MAT169,0.75,BEARINGS
MAT127,MAT170,0.75,BEARINGS
MAT127,MAT187,1.0,BEARINGS
MAT127,MAT188,1.0,BEARINGS
MAT127,MAT189,0.75,BEARINGS
MAT127,MAT190,0.75,BEARINGS
MAT127,MAT207,1.0,BEARINGS
MAT127,MAT208,1.0,BEARINGS
MAT127,MAT209,0.75,BEARINGS
MAT127,MAT210,0.75,BEARINGS
MAT127,MAT227,1.0,BEARINGS
MAT127,MAT228,1.0,BEARINGS
MAT127,MAT229,0.75,BEARINGS
MAT127,MAT230,0.75,BEARINGS
MAT127,MAT247,1.0,BEARINGS
MAT127,MAT248,1.0,BEARINGS
MAT127,MAT249,0.75,BEARINGS
MAT127,MAT250,0.75,BEARINGS
MAT127,MAT267,1.0,BEARINGS
MAT127,MAT268,1.0,BEARINGS
MAT127,MAT269,0.75,BEARINGS
MAT127,MAT270,0.75,BEARINGS
MAT127,MAT287,1.0,BEARINGS
MAT127,MAT288,1.0,BEARINGS
MAT127,MAT289,0.75,BEARINGS
MAT127,MAT290,0.75,BEARINGS
MAT128,MAT129,0.6667,BEARINGS
MAT128,MAT130,0.6667,BEARINGS
MAT128,MAT147,1.0,BEARINGS
MAT128,MAT148,1.0,BEARINGS
MAT128,MAT149,0.6667,BEARINGS
MAT128,MAT150,0.6667,BEARINGS
MAT128,MAT167,1.0,BEARINGS
MAT128,MAT168,1.0,BEARINGS
MAT128,MAT169,0.6667,BEARINGS
MAT128,MAT170,0.6667,BEARINGS
MAT128,MAT187,1.0,BEARINGS
MAT128,MAT188,1.0,BEARINGS
MAT128,MAT189,0.6667,BEARINGS
MAT128,MAT190,0.6667,BEARINGS
MAT128,MAT207,1.0,BEARINGS
MAT128,MAT208,1.0,BEARINGS
MAT128,MAT209,0.6667,BEARINGS
MAT128,MAT210,0.6667,BEARINGS
MAT128,MAT227,1.0,BEARINGS
MAT128,MAT228,1.0,BEARINGS
MAT128,MAT229,0.6667,BEARINGS
MAT128,MAT230,0.6667,BEARINGS
MAT128,MAT247,1.0,BEARINGS
MAT128,MAT248,1.0,BEARINGS
MAT128,MAT249,0.6667,BEARINGS
MAT128,MAT250,0.6667,BEARINGS
MAT128,MAT267,1.0,BEARINGS
MAT128,MAT268,1.0,BEARINGS
MAT128,MAT269,0.6667,BEARINGS
MAT128,MAT270,0.6667,BEARINGS
MAT128,MAT287,1.0,BEARINGS
MAT128,MAT288,1.0,BEARINGS
MAT128,MAT289,0.6667,BEARINGS
MAT128,MAT290,0.6667,BEARINGS
MAT129,MAT130,0.68,BEARINGS
MAT129,MAT147,0.75,BEARINGS
MAT129,MAT148,0.6667,BEARINGS
MAT129,MAT149,1.0,BEARINGS
MAT129,MAT150,0.68,BEARINGS
MAT129,MAT167,0.75,BEARINGS
MAT129,MAT168,0.6667,BEARINGS
MAT129,MAT169,1.0,BEARINGS
MAT129,MAT170,0.68,BEARINGS
MAT129,MAT187,0.75,BEARINGS
MAT129,MAT188,0.6667,BEARINGS
MAT129,MAT189,1.0,BEARINGS
MAT129,MAT190,0.68,BEARINGS
MAT129,MAT207,0.75,BEARINGS
MAT129,MAT208,0.6667,BEARINGS
MAT129,MAT209,1.0,BEARINGS
MAT129,MAT210,0.68,BEARINGS
MAT129,MAT227,0.75,BEARINGS
MAT129,MAT228,0.6667,BEARINGS
MAT129,MAT229,1.0,BEARINGS
MAT129,MAT230,0.68,BEARINGS
MAT129,MAT247,0.75,BEARINGS
MAT129,MAT248,0.6667,BEARINGS
MAT129,MAT249,1.0,BEARINGS
MAT129,MAT250,0.68,BEARINGS
MAT129,MAT267,0.75,BEARINGS
MAT129,MAT268,0.6667,BEARINGS
MAT129,MAT269,1.0,BEARINGS
MAT129,MAT270,0.68,BEARINGS
MAT129,MAT287,0.75,BEARINGS
MAT129,MAT288,0.6667,BEARINGS
MAT129,MAT289,1.0,BEARINGS
MAT129,MAT290,0.68,BEARINGS
MAT130,MAT147,0.75,BEARINGS
MAT130,MAT148,0.6667,BEARINGS
MAT130,MAT149,0.68,BEARINGS
MAT130,MAT150,1.0,BEARINGS
MAT130,MAT167,0.75,BEARINGS
MAT130,MAT168,0.6667,BEARINGS
MAT130,MAT169,0.68,BEARINGS
MAT130,MAT170,1.0,BEARINGS
MAT130,MAT187,0.75,BEARINGS
MAT130,MAT188,0.6667,BEARINGS
MAT130,MAT189,0.68,BEARINGS
MAT130,MAT190,1.0,BEARINGS
MAT130,MAT207,0.75,BEARINGS
MAT130,MAT208,0.6667,BEARINGS
MAT130,MAT209,0.68,BEARINGS
MAT130,MAT210,1.0,BEARINGS
MAT130,MAT227,0.75,BEARINGS
MAT130,MAT228,0.6667,BEARINGS
MAT130,MAT229,0.68,BEARINGS
MAT130,MAT230,1.0,BEARINGS
MAT130,MAT247,0.75,BEARINGS
MAT130,MAT248,0.6667,BEARINGS
MAT130,MAT249,0.68,BEARINGS
MAT130,MAT250,1.0,BEARINGS
MAT130,MAT267,0.75,BEARINGS
MAT130,MAT268,0.6667,BEARINGS
MAT130,MAT269,0.68,BEARINGS
MAT130,MAT270,1.0,BEARINGS
MAT130,MAT287,0.75,BEARINGS
MAT130,MAT288,0.6667,BEARINGS
MAT130,MAT289,0.68,BEARINGS
MAT130,MAT290,1.0,BEARINGS
MAT131,MAT132,0.6038,LUBRICANTS
MAT131,MAT134,0.8,LUBRICANTS
MAT131,MAT151,1.0,LUBRICANTS
MAT131,MAT152,0.6038,LUBRICANTS
MAT131,MAT154,0.8,LUBRICANTS
MAT131,MAT171,1.0,LUBRICANTS
MAT131,MAT172,0.6038,LUBRICANTS
MAT131,MAT174,0.8,LUBRICANTS
MAT131,MAT191,1.0,LUBRICANTS
MAT131,MAT192,0.6038,LUBRICANTS
MAT131,MAT194,0.8,LUBRICANTS
MAT131,MAT211,1.0,LUBRICANTS
MAT131,MAT212,0.6038,LUBRICANTS
MAT131,MAT214,0.8,LUBRICANTS
MAT131,MAT231,1.0,LUBRICANTS
MAT131,MAT232,0.6038,LUBRICANTS
MAT131,MAT234,0.8,LUBRICANTS
MAT131,MAT251,1.0,LUBRICANTS
MAT131,MAT252,0.6038,LUBRICANTS
MAT131,MAT254,0.8,LUBRICANTS
MAT131,MAT271,1.0,LUBRICANTS
MAT131,MAT272,0.6038,LUBRICANTS
MAT131,MAT274,0.8,LUBRICANTS
MAT131,MAT291,1.0,LUBRICANTS
MAT131,MAT292,0.6038,LUBRICANTS
MAT131,MAT294,0.8,LUBRICANTS
MAT132,MAT151,0.6038,LUBRICANTS
MAT132,MAT152,1.0,LUBRICANTS
MAT132,MAT171,0.6038,LUBRICANTS
MAT132,MAT172,1.0,LUBRICANTS
MAT132,MAT191,0.6038,LUBRICANTS
MAT132,MAT192,1.0,LUBRICANTS
MAT132,MAT211,0.6038,LUBRICANTS
MAT132,MAT212,1.0,LUBRICANTS
MAT132,MAT231,0.6038,LUBRICANTS
MAT132,MAT232,1.0,LUBRICANTS
MAT132,MAT251,0.6038,LUBRICANTS
MAT132,MAT252,1.0,LUBRICANTS
MAT132,MAT271,0.6038,LUBRICANTS
MAT132,MAT272,1.0,LUBRICANTS
MAT132,MAT291,0.6038,LUBRICANTS
MAT132,MAT292,1.0,LUBRICANTS
MAT133,MAT134,0.8462,LUBRICANTS
MAT133,MAT153,1.0,LUBRICANTS
MAT133,MAT154,0.8462,LUBRICANTS
MAT133,MAT173,1.0,LUBRICANTS
MAT133,MAT174,0.8462,LUBRICANTS
MAT133,MAT193,1.0,LUBRICANTS
MAT133,MAT194,0.8462,LUBRICANTS
MAT133,MAT213,1.0,LUBRICANTS
MAT133,MAT214,0.8462,LUBRICANTS
MAT133,MAT233,1.0,LUBRICANTS
MAT133,MAT234,0.8462,LUBRICANTS
MAT133,MAT253,1.0,LUBRICANTS
MAT133,MAT254,0.8462,LUBRICANTS
MAT133,MAT273,1.0,LUBRICANTS
MAT133,MAT274,0.8462,LUBRICANTS
MAT133,MAT293,1.0,LUBRICANTS
MAT133,MAT294,0.8462,LUBRICANTS
MAT134,MAT151,0.8,LUBRICANTS
MAT134,MAT153,0.8462,LUBRICANTS
MAT134,MAT154,1.0,LUBRICANTS
MAT134,MAT171,0.8,LUBRICANTS
MAT134,MAT173,0.8462,LUBRICANTS
MAT134,MAT174,1.0,LUBRICANTS
MAT134,MAT191,0.8,LUBRICANTS
MAT134,MAT193,0.8462,LUBRICANTS
MAT134,MAT194,1.0,LUBRICANTS
MAT134,MAT211,0.8,LUBRICANTS
MAT134,MAT213,0.8462,LUBRICANTS
MAT134,MAT214,1.0,LUBRICANTS
MAT134,MAT231,0.8,LUBRICANTS
MAT134,MAT233,0.8462,LUBRICANTS
MAT134,MAT234,1.0,LUBRICANTS
MAT134,MAT251,0.8,LUBRICANTS
MAT134,MAT253,0.8462,LUBRICANTS
MAT134,MAT254,1.0,LUBRICANTS
MAT134,MAT271,0.8,LUBRICANTS
MAT134,MAT273,0.8462,LUBRICANTS
MAT134,MAT274,1.0,LUBRICANTS
MAT134,MAT291,0.8,LUBRICANTS
MAT134,MAT293,0.8462,LUBRICANTS
MAT134,MAT294,1.0,LUBRICANTS
MAT135,MAT136,0.902,CABLES
MAT135,MAT137,0.4923,CABLES
MAT135,MAT138,0.5283,CABLES
MAT135,MAT155,1.0,CABLES
MAT135,MAT156,0.902,CABLES
MAT135,MAT157,0.4923,CABLES
MAT135,MAT158,0.5283,CABLES
MAT135,MAT175,1.0,CABLES
MAT135,MAT176,0.902,CABLES
MAT135,MAT177,0.4923,CABLES
MAT135,MAT178,0.5283,CABLES
MAT135,MAT195,1.0,CABLES
MAT135,MAT196,0.902,CABLES
MAT135,MAT197,0.4923,CABLES
MAT135,MAT198,0.5283,CABLES
MAT135,MAT215,1.0,CABLES
MAT135,MAT216,0.902,CABLES
MAT135,MAT217,0.4923,CABLES
MAT135,MAT218,0.5283,CABLES
MAT135,MAT235,1.0,CABLES
MAT135,MAT236,0.902,CABLES
MAT135,MAT237,0.4923,CABLES
MAT135,MAT238,0.5283,CABLES
MAT135,MAT255,1.0,CABLES
MAT135,MAT256,0.902,CABLES
MAT135,MAT257,0.4923,CABLES
MAT135,MAT258,0.5283,CABLES
MAT135,MAT275,1.0,CABLES
MAT135,MAT276,0.902,CABLES
MAT135,MAT277,0.4923,CABLES
MAT135,MAT278,0.5283,CABLES
MAT135,MAT295,1.0,CABLES
MAT135,MAT296,0.902,CABLES
MAT135,MAT297,0.4923,CABLES
MAT135,MAT298,0.5283,CABLES
MAT136,MAT137,0.4857,CABLES
MAT136,MAT138,0.5172,CABLES
MAT136,MAT155,0.902,CABLES
MAT136,MAT156,1.0,CABLES
MAT136,MAT157,0.4857,CABLES
MAT136,MAT158,0.5172,CABLES
MAT136,MAT175,0.902,CABLES
MAT136,MAT176,1.0,CABLES
MAT136,MAT177,0.4857,CABLES
MAT136,MAT178,0.5172,CABLES
MAT136,MAT195,0.902,CABLES
MAT136,MAT196,1.0,CABLES
MAT136,MAT197,0.4857,CABLES
MAT136,MAT198,0.5172,CABLES
MAT136,MAT215,0.902,CABLES
MAT136,MAT216,1.0,CABLES
MAT136,MAT217,0.4857,CABLES
MAT136,MAT218,0.5172,CABLES
MAT136,MAT235,0.902,CABLES
MAT136,MAT236,1.0,CABLES
MAT136,MAT237,0.4857,CABLES
MAT136,MAT238,0.5172,CABLES
MAT136,MAT255,0.902,CABLES
MAT136,MAT256,1.0,CABLES
MAT136,MAT257,0.4857,CABLES
MAT136,MAT258,0.5172,CABLES
MAT136,MAT275,0.902,CABLES
MAT136,MAT276,1.0,CABLES
MAT136,MAT277,0.4857,CABLES
MAT136,MAT278,0.5172,CABLES
MAT136,MAT295,0.902,CABLES
MAT136,MAT296,1.0,CABLES
MAT136,MAT297,0.4857,CABLES
MAT136,MAT298,0.5172,CABLES
MAT137,MAT138,0.913,CABLES
MAT137,MAT155,0.4923,CABLES
MAT137,MAT156,0.4857,CABLES
MAT137,MAT157,1.0,CABLES
MAT137,MAT158,0.913,CABLES
MAT137,MAT175,0.4923,CABLES
MAT137,MAT176,0.4857,CABLES
MAT137,MAT177,1.0,CABLES
MAT137,MAT178,0.913,CABLES
MAT137,MAT195,0.4923,CABLES
MAT137,MAT196,0.4857,CABLES
MAT137,MAT197,1.0,CABLES
MAT137,MAT198,0.913,CABLES
MAT137,MAT215,0.4923,CABLES
MAT137,MAT216,0.4857,CABLES
MAT137,MAT217,1.0,CABLES
MAT137,MAT218,0.913,CABLES
MAT137,MAT235,0.4923,CABLES
MAT137,MAT236,0.4857,CABLES
MAT137,MAT237,1.0,CABLES
MAT137,MAT238,0.913,CABLES
MAT137,MAT255,0.4923,CABLES
MAT137,MAT256,0.4857,CABLES
MAT137,MAT257,1.0,CABLES
MAT137,MAT258,0.913,CABLES
MAT137,MAT275,0.4923,CABLES
MAT137,MAT276,0.4857,CABLES
MAT137,MAT277,1.0,CABLES
MAT137,MAT278,0.913,CABLES
MAT137,MAT295,0.4923,CABLES
MAT137,MAT296,0.4857,CABLES
MAT137,MAT297,1.0,CABLES
MAT137,MAT298,0.913,CABLES
MAT138,MAT155,0.5283,CABLES
MAT138,MAT156,0.5172,CABLES
MAT138,MAT157,0.913,CABLES
MAT138,MAT158,1.0,CABLES
MAT138,MAT175,0.5283,CABLES
MAT138,MAT176,0.5172,CABLES
MAT138,MAT177,0.913,CABLES
MAT138,MAT178,1.0,CABLES
MAT138,MAT195,0.5283,CABLES
MAT138,MAT196,0.5172,CABLES
MAT138,MAT197,0.913,CABLES
MAT138,MAT198,1.0,CABLES
MAT138,MAT215,0.5283,CABLES
MAT138,MAT216,0.5172,CABLES
MAT138,MAT217,0.913,CABLES
MAT138,MAT218,1.0,CABLES
MAT138,MAT235,0.5283,CABLES
MAT138,MAT236,0.5172,CABLES
MAT138,MAT237,0.913,CABLES
MAT138,MAT238,1.0,CABLES
MAT138,MAT255,0.5283,CABLES
MAT138,MAT256,0.5172,CABLES
MAT138,MAT257,0.913,CABLES
MAT138,MAT258,1.0,CABLES
MAT138,MAT275,0.5283,CABLES
MAT138,MAT276,0.5172,CABLES
MAT138,MAT277,0.913,CABLES
MAT138,MAT278,1.0,CABLES
MAT138,MAT295,0.5283,CABLES
MAT138,MAT296,0.5172,CABLES
MAT138,MAT297,0.913,CABLES
MAT138,MAT298,1.0,CABLES
MAT139,MAT140,0.8571,SAFETY
MAT139,MAT159,1.0,SAFETY
MAT139,MAT160,0.8571,SAFETY
MAT139,MAT179,1.0,SAFETY
MAT139,MAT180,0.8571,SAFETY
MAT139,MAT199,1.0,SAFETY
MAT139,MAT200,0.8571,SAFETY
MAT139,MAT219,1.0,SAFETY
MAT139,MAT220,0.8571,SAFETY
MAT139,MAT239,1.0,SAFETY
MAT139,MAT240,0.8571,SAFETY
MAT139,MAT259,1.0,SAFETY
MAT139,MAT260,0.8571,SAFETY
MAT139,MAT279,1.0,SAFETY
MAT139,MAT280,0.8571,SAFETY
MAT139,MAT299,1.0,SAFETY
MAT139,MAT300,0.8571,SAFETY
MAT140,MAT159,0.8571,SAFETY
MAT140,MAT160,1.0,SAFETY
MAT140,MAT179,0.8571,SAFETY
MAT140,MAT180,1.0,SAFETY
MAT140,MAT199,0.8571,SAFETY
MAT140,MAT200,1.0,SAFETY
MAT140,MAT219,0.8571,SAFETY
MAT140,MAT220,1.0,SAFETY
MAT140,MAT239,0.8571,SAFETY
MAT140,MAT240,1.0,SAFETY
MAT140,MAT259,0.8571,SAFETY
MAT140,MAT260,1.0,SAFETY
MAT140,MAT279,0.8571,SAFETY
MAT140,MAT280,1.0,SAFETY
MAT140,MAT299,0.8571,SAFETY
MAT140,MAT300,1.0,SAFETY
MAT141,MAT142,0.7042,FASTENERS
MAT141,MAT143,0.9286,FASTENERS
MAT141,MAT144,0.7879,FASTENERS
MAT141,MAT146,0.5,FASTENERS
MAT141,MAT161,1.0,FASTENERS
MAT141,MAT162,0.7042,FASTENERS
MAT141,MAT163,0.9286,FASTENERS
MAT141,MAT164,0.7879,FASTENERS
MAT141,MAT166,0.5,FASTENERS
MAT141,MAT181,1.0,FASTENERS
MAT141,MAT182,0.7042,FASTENERS
MAT141,MAT183,0.9286,FASTENERS
MAT141,MAT184,0.7879,FASTENERS
MAT141,MAT186,0.5,FASTENERS
MAT141,MAT201,1.0,FASTENERS
MAT141,MAT202,0.7042,FASTENERS
MAT141,MAT203,0.9286,FASTENERS
MAT141,MAT204,0.7879,FASTENERS
MAT141,MAT206,0.5,FASTENERS
MAT141,MAT221,1.0,FASTENERS
MAT141,MAT222,0.7042,FASTENERS
MAT141,MAT223,0.9286,FASTENERS
MAT141,MAT224,0.7879,FASTENERS
MAT141,MAT226,0.5,FASTENERS
MAT141,MAT241,1.0,FASTENERS
MAT141,MAT242,0.7042,FASTENERS
MAT141,MAT243,0.9286,FASTENERS
MAT141,MAT244,0.7879,FASTENERS
MAT141,MAT246,0.5,FASTENERS
MAT141,MAT261,1.0,FASTENERS
MAT141,MAT262,0.7042,FASTENERS
MAT141,MAT263,0.9286,FASTENERS
MAT141,MAT264,0.7879,FASTENERS
MAT141,MAT266,0.5,FASTENERS
MAT141,MAT281,1.0,FASTENERS
MAT141,MAT282,0.7042,FASTENERS
MAT141,MAT283,0.9286,FASTENERS
MAT141,MAT284,0.7879,FASTENERS
MAT141,MAT286,0.5,FASTENERS
MAT142,MAT143,0.5484,FASTENERS
MAT142,MAT144,0.75,FASTENERS
MAT142,MAT146,0.5763,FASTENERS
MAT142,MAT161,0.7042,FASTENERS
MAT142,MAT162,1.0,FASTENERS
MAT142,MAT163,0.5484,FASTENERS
MAT142,MAT164,0.75,FASTENERS
MAT142,MAT166,0.5763,FASTENERS
MAT142,MAT181,0.7042,FASTENERS
MAT142,MAT182,1.0,FASTENERS
MAT142,MAT183,0.5484,FASTENERS
MAT142,MAT184,0.75,FASTENERS
MAT142,MAT186,0.5763,FASTENERS
MAT142,MAT201,0.7042,FASTENERS
MAT142,MAT202,1.0,FASTENERS
MAT142,MAT203,0.5484,FASTENERS
MAT142,MAT204,0.75,FASTENERS
MAT142,MAT206,0.5763,FASTENERS
MAT142,MAT221,0.7042,FASTENERS
MAT142,MAT222,1.0,FASTENERS
MAT142,MAT223,0.5484,FASTENERS
MAT142,MAT224,0.75,FASTENERS
MAT142,MAT226,0.5763,FASTENERS
MAT142,MAT241,0.7042,FASTENERS
MAT142,MAT242,1.0,FASTENERS
MAT142,MAT243,0.5484,FASTENERS
MAT142,MAT244,0.75,FASTENERS
MAT142,MAT246,0.5763,FASTENERS
MAT142,MAT261,0.7042,FASTENERS
MAT142,MAT262,1.0,FASTENERS
MAT142,MAT263,0.5484,FASTENERS
MAT142,MAT264,0.75,FASTENERS
MAT142,MAT266,0.5763,FASTENERS
MAT142,MAT281,0.7042,FASTENERS
MAT142,MAT282,1.0,FASTENERS
MAT142,MAT283,0.5484,FASTENERS
MAT142,MAT284,0.75,FASTENERS
MAT142,MAT286,0.5763,FASTENERS
MAT143,MAT144,0.9189,FASTENERS
MAT143,MAT146,0.5614,FASTENERS
MAT143,MAT161,0.9286,FASTENERS
MAT143,MAT162,0.5484,FASTENERS
MAT143,MAT163,1.0,FASTENERS
MAT143,MAT164,0.9189,FASTENERS
MAT143,MAT166,0.5614,FASTENERS
MAT143,MAT181,0.9286,FASTENERS
MAT143,MAT182,0.5484,FASTENERS
MAT143,MAT183,1.0,FASTENERS
MAT143,MAT184,0.9189,FASTENERS
MAT143,MAT186,0.5614,FASTENERS
MAT143,MAT201,0.9286,FASTENERS
MAT143,MAT202,0.5484,FASTENERS
MAT143,MAT203,1.0,FASTENERS
MAT143,MAT204,0.9189,FASTENERS
MAT143,MAT206,0.5614,FASTENERS
MAT143,MAT221,0.9286,FASTENERS
MAT143,MAT222,0.5484,FASTENERS
MAT143,MAT223,1.0,FASTENERS
MAT143,MAT224,0.9189,FASTENERS
MAT143,MAT226,0.5614,FASTENERS
MAT143,MAT241,0.9286,FASTENERS
MAT143,MAT242,0.5484,FASTENERS
MAT143,MAT243,1.0,FASTENERS
MAT143,MAT244,0.9189,FASTENERS
MAT143,MAT246,0.5614,FASTENERS
MAT143,MAT261,0.9286,FASTENERS
MAT143,MAT262,0.5484,FASTENERS
MAT143,MAT263,1.0,FASTENERS
MAT143,MAT264,0.9189,FASTENERS
MAT143,MAT266,0.5614,FASTENERS
MAT143,MAT281,0.9286,FASTENERS
MAT143,MAT282,0.5484,FASTENERS
MAT143,MAT283,1.0,FASTENERS
MAT143,MAT284,0.9189,FASTENERS
MAT143,MAT286,0.5614,FASTENERS
MAT144,MAT145,0.4737,FASTENERS
MAT144,MAT146,0.6207,FASTENERS
MAT144,MAT161,0.7879,FASTENERS
MAT144,MAT162,0.75,FASTENERS
MAT144,MAT163,0.9189,FASTENERS
MAT144,MAT164,1.0,FASTENERS
MAT144,MAT165,0.4737,FASTENERS
MAT144,MAT166,0.6207,FASTENERS
MAT144,MAT181,0.7879,FASTENERS
MAT144,MAT182,0.75,FASTENERS
MAT144,MAT183,0.9189,FASTENERS
MAT144,MAT184,1.0,FASTENERS
MAT144,MAT185,0.4737,FASTENERS
MAT144,MAT186,0.6207,FASTENERS
MAT144,MAT201,0.7879,FASTENERS
MAT144,MAT202,0.75,FASTENERS
MAT144,MAT203,0.9189,FASTENERS
MAT144,MAT204,1.0,FASTENERS
MAT144,MAT205,0.4737,FASTENERS
MAT144,MAT206,0.6207,FASTENERS
MAT144,MAT221,0.7879,FASTENERS
MAT144,MAT222,0.75,FASTENERS
MAT144,MAT223,0.9189,FASTENERS
MAT144,MAT224,1.0,FASTENERS
MAT144,MAT225,0.4737,FASTENERS
MAT144,MAT226,0.6207,FASTENERS
MAT144,MAT241,0.7879,FASTENERS
MAT144,MAT242,0.75,FASTENERS
MAT144,MAT243,0.9189,FASTENERS
MAT144,MAT244,1.0,FASTENERS
MAT144,MAT245,0.4737,FASTENERS
MAT144,MAT246,0.6207,FASTENERS
MAT144,MAT261,0.7879,FASTENERS
MAT144,MAT262,0.75,FASTENERS
MAT144,MAT263,0.9189,FASTENERS
MAT144,MAT264,1.0,FASTENERS
MAT144,MAT265,0.4737,FASTENERS
MAT144,MAT266,0.6207,FASTENERS
MAT144,MAT281,0.7879,FASTENERS
MAT144,MAT282,0.75,FASTENERS
MAT144,MAT283,0.9189,FASTENERS
MAT144,MAT284,1.0,FASTENERS
MAT144,MAT285,0.4737,FASTENERS
MAT144,MAT286,0.6207,FASTENERS
MAT145,MAT146,0.7143,FASTENERS
MAT145,MAT164,0.4737,FASTENERS
MAT145,MAT165,1.0,FASTENERS
MAT145,MAT166,0.7143,FASTENERS
MAT145,MAT184,0.4737,FASTENERS
MAT145,MAT185,1.0,FASTENERS
MAT145,MAT186,0.7143,FASTENERS
MAT145,MAT204,0.4737,FASTENERS
MAT145,MAT205,1.0,FASTENERS
MAT145,MAT206,0.7143,FASTENERS
MAT145,MAT224,0.4737,FASTENERS
MAT145,MAT225,1.0,FASTENERS
MAT145,MAT226,0.7143,FASTENERS
MAT145,MAT244,0.4737,FASTENERS
MAT145,MAT245,1.0,FASTENERS
MAT145,MAT246,0.7143,FASTENERS
MAT145,MAT264,0.4737,FASTENERS
MAT145,MAT265,1.0,FASTENERS
MAT145,MAT266,0.7143,FASTENERS
MAT145,MAT284,0.4737,FASTENERS
MAT145,MAT285,1.0,FASTENERS
MAT145,MAT286,0.7143,FASTENERS
MAT146,MAT161,0.5,FASTENERS
MAT146,MAT162,0.5763,FASTENERS
MAT146,MAT163,0.5614,FASTENERS
MAT146,MAT164,0.6207,FASTENERS
MAT146,MAT165,0.7143,FASTENERS
MAT146,MAT166,1.0,FASTENERS
MAT146,MAT181,0.5,FASTENERS
MAT146,MAT182,0.5763,FASTENERS
MAT146,MAT183,0.5614,FASTENERS
MAT146,MAT184,0.6207,FASTENERS
MAT146,MAT185,0.7143,FASTENERS
MAT146,MAT186,1.0,FASTENERS
MAT146,MAT201,0.5,FASTENERS
MAT146,MAT202,0.5763,FASTENERS
MAT146,MAT203,0.5614,FASTENERS
MAT146,MAT204,0.6207,FASTENERS
MAT146,MAT205,0.7143,FASTENERS
MAT146,MAT206,1.0,FASTENERS
MAT146,MAT221,0.5,FASTENERS
MAT146,MAT222,0.5763,FASTENERS
MAT146,MAT223,0.5614,FASTENERS
MAT146,MAT224,0.6207,FASTENERS
MAT146,MAT225,0.7143,FASTENERS
MAT146,MAT226,1.0,FASTENERS
MAT146,MAT241,0.5,FASTENERS
MAT146,MAT242,0.5763,FASTENERS
MAT146,MAT243,0.5614,FASTENERS
MAT146,MAT244,0.6207,FASTENERS
MAT146,MAT245,0.7143,FASTENERS
MAT146,MAT246,1.0,FASTENERS
MAT146,MAT261,0.5,FASTENERS
MAT146,MAT262,0.5763,FASTENERS
MAT146,MAT263,0.5614,FASTENERS
MAT146,MAT264,0.6207,FASTENERS
MAT146,MAT265,0.7143,FASTENERS
MAT146,MAT266,1.0,FASTENERS
MAT146,MAT281,0.5,FASTENERS
MAT146,MAT282,0.5763,FASTENERS
MAT146,MAT283,0.5614,FASTENERS
MAT146,MAT284,0.6207,FASTENERS
MAT146,MAT285,0.7143,FASTENERS
MAT146,MAT286,1.0,FASTENERS
MAT147,MAT148,1.0,BEARINGS
MAT147,MAT149,0.75,BEARINGS
MAT147,MAT150,0.75,BEARINGS
MAT147,MAT167,1.0,BEARINGS
MAT147,MAT168,1.0,BEARINGS
MAT147,MAT169,0.75,BEARINGS
MAT147,MAT170,0.75,BEARINGS
MAT147,MAT187,1.0,BEARINGS
MAT147,MAT188,1.0,BEARINGS
MAT147,MAT189,0.75,BEARINGS
MAT147,MAT190,0.75,BEARINGS
MAT147,MAT207,1.0,BEARINGS
MAT147,MAT208,1.0,BEARINGS
MAT147,MAT209,0.75,BEARINGS
MAT147,MAT210,0.75,BEARINGS
MAT147,MAT227,1.0,BEARINGS
MAT147,MAT228,1.0,BEARINGS
MAT147,MAT229,0.75,BEARINGS
MAT147,MAT230,0.75,BEARINGS
MAT147,MAT247,1.0,BEARINGS
MAT147,MAT248,1.0,BEARINGS
MAT147,MAT249,0.75,BEARINGS
MAT147,MAT250,0.75,BEARINGS
MAT147,MAT267,1.0,BEARINGS
MAT147,MAT268,1.0,BEARINGS
MAT147,MAT269,0.75,BEARINGS
MAT147,MAT270,0.75,BEARINGS
MAT147,MAT287,1.0,BEARINGS
MAT147,MAT288,1.0,BEARINGS
MAT147,MAT289,0.75,BEARINGS
MAT147,MAT290,0.75,BEARINGS
MAT148,MAT149,0.6667,BEARINGS
MAT148,MAT150,0.6667,BEARINGS
MAT148,MAT167,1.0,BEARINGS
MAT148,MAT168,1.0,BEARINGS
MAT148,MAT169,0.6667,BEARINGS
MAT148,MAT170,0.6667,BEARINGS
MAT148,MAT187,1.0,BEARINGS
MAT148,MAT188,1.0,BEARINGS
MAT148,MAT189,0.6667,BEARINGS
MAT148,MAT190,0.6667,BEARINGS
MAT148,MAT207,1.0,BEARINGS
MAT148,MAT208,1.0,BEARINGS
MAT148,MAT209,0.6667,BEARINGS
MAT148,MAT210,0.6667,BEARINGS
MAT148,MAT227,1.0,BEARINGS
MAT148,MAT228,1.0,BEARINGS
MAT148,MAT229,0.6667,BEARINGS
MAT148,MAT230,0.6667,BEARINGS
MAT148,MAT247,1.0,BEARINGS
MAT148,MAT248,1.0,BEARINGS
MAT148,MAT249,0.6667,BEARINGS
MAT148,MAT250,0.6667,BEARINGS
MAT148,MAT267,1.0,BEARINGS
MAT148,MAT268,1.0,BEARINGS
MAT148,MAT269,0.6667,BEARINGS
MAT148,MAT270,0.6667,BEARINGS
MAT148,MAT287,1.0,BEARINGS
MAT148,MAT288,1.0,BEARINGS
MAT148,MAT289,0.6667,BEARINGS
MAT148,MAT290,0.6667,BEARINGS
MAT149,MAT150,0.68,BEARINGS
MAT149,MAT167,0.75,BEARINGS
MAT149,MAT168,0.6667,BEARINGS
MAT149,MAT169,1.0,BEARINGS
MAT149,MAT170,0.68,BEARINGS
MAT149,MAT187,0.75,BEARINGS
MAT149,MAT188,0.6667,BEARINGS
MAT149,MAT189,1.0,BEARINGS
MAT149,MAT190,0.68,BEARINGS
MAT149,MAT207,0.75,BEARINGS
MAT149,MAT208,0.6667,BEARINGS
MAT149,MAT209,1.0,BEARINGS
MAT149,MAT210,0.68,BEARINGS
MAT149,MAT227,0.75,BEARINGS
MAT149,MAT228,0.6667,BEARINGS
MAT149,MAT229,1.0,BEARINGS
MAT149,MAT230,0.68,BEARINGS
MAT149,MAT247,0.75,BEARINGS
MAT149,MAT248,0.6667,BEARINGS
MAT149,MAT249,1.0,BEARINGS
MAT149,MAT250,0.68,BEARINGS
MAT149,MAT267,0.75,BEARINGS
MAT149,MAT268,0.6667,BEARINGS
MAT149,MAT269,1.0,BEARINGS
MAT149,MAT270,0.68,BEARINGS
MAT149,MAT287,0.75,BEARINGS
MAT149,MAT288,0.6667,BEARINGS
MAT149,MAT289,1.0,BEARINGS
MAT149,MAT290,0.68,BEARINGS
MAT150,MAT167,0.75,BEARINGS
MAT150,MAT168,0.6667,BEARINGS
MAT150,MAT169,0.68,BEARINGS
MAT150,MAT170,1.0,BEARINGS
MAT150,MAT187,0.75,BEARINGS
MAT150,MAT188,0.6667,BEARINGS
MAT150,MAT189,0.68,BEARINGS
MAT150,MAT190,1.0,BEARINGS
MAT150,MAT207,0.75,BEARINGS
MAT150,MAT208,0.6667,BEARINGS
MAT150,MAT209,0.68,BEARINGS
MAT150,MAT210,1.0,BEARINGS
MAT150,MAT227,0.75,BEARINGS
MAT150,MAT228,0.6667,BEARINGS
MAT150,MAT229,0.68,BEARINGS
MAT150,MAT230,1.0,BEARINGS
MAT150,MAT247,0.75,BEARINGS
MAT150,MAT248,0.6667,BEARINGS
MAT150,MAT249,0.68,BEARINGS
MAT150,MAT250,1.0,BEARINGS
MAT150,MAT267,0.75,BEARINGS
MAT150,MAT268,0.6667,BEARINGS
MAT150,MAT269,0.68,BEARINGS
MAT150,MAT270,1.0,BEARINGS
MAT150,MAT287,0.75,BEARINGS
MAT150,MAT288,0.6667,BEARINGS
MAT150,MAT289,0.68,BEARINGS
MAT150,MAT290,1.0,BEARINGS
MAT151,MAT152,0.6038,LUBRICANTS
MAT151,MAT154,0.8,LUBRICANTS
MAT151,MAT171,1.0,LUBRICANTS
MAT151,MAT172,0.6038,LUBRICANTS
MAT151,MAT174,0.8,LUBRICANTS
MAT151,MAT191,1.0,LUBRICANTS
MAT151,MAT192,0.6038,LUBRICANTS
MAT151,MAT194,0.8,LUBRICANTS
MAT151,MAT211,1.0,LUBRICANTS
MAT151,MAT212,0.6038,LUBRICANTS
MAT151,MAT214,0.8,LUBRICANTS
MAT151,MAT231,1.0,LUBRICANTS
MAT151,MAT232,0.6038,LUBRICANTS
MAT151,MAT234,0.8,LUBRICANTS
MAT151,MAT251,1.0,LUBRICANTS
MAT151,MAT252,0.6038,LUBRICANTS
MAT151,MAT254,0.8,LUBRICANTS
MAT151,MAT271,1.0,LUBRICANTS
MAT151,MAT272,0.6038,LUBRICANTS
MAT151,MAT274,0.8,LUBRICANTS
MAT151,MAT291,1.0,LUBRICANTS
MAT151,MAT292,0.6038,LUBRICANTS
MAT151,MAT294,0.8,LUBRICANTS
MAT152,MAT171,0.6038,LUBRICANTS
MAT152,MAT172,1.0,LUBRICANTS
MAT152,MAT191,0.6038,LUBRICANTS
MAT152,MAT192,1.0,LUBRICANTS
MAT152,MAT211,0.6038,LUBRICANTS
MAT152,MAT212,1.0,LUBRICANTS
MAT152,MAT231,0.6038,LUBRICANTS
MAT152,MAT232,1.0,LUBRICANTS
MAT152,MAT251,0.6038,LUBRICANTS
MAT152,MAT252,1.0,LUBRICANTS
MAT152,MAT271,0.6038,LUBRICANTS
MAT152,MAT272,1.0,LUBRICANTS
MAT152,MAT291,0.6038,LUBRICANTS
MAT152,MAT292,1.0,LUBRICANTS
MAT153,MAT154,0.8462,LUBRICANTS
MAT153,MAT173,1.0,LUBRICANTS
MAT153,MAT174,0.8462,LUBRICANTS
MAT153,MAT193,1.0,LUBRICANTS
MAT153,MAT194,0.8462,LUBRICANTS
MAT153,MAT213,1.0,LUBRICANTS
MAT153,MAT214,0.8462,LUBRICANTS
MAT153,MAT233,1.0,LUBRICANTS
MAT153,MAT234,0.8462,LUBRICANTS
MAT153,MAT253,1.0,LUBRICANTS
MAT153,MAT254,0.8462,LUBRICANTS
MAT153,MAT273,1.0,LUBRICANTS
MAT153,MAT274,0.8462,LUBRICANTS
MAT153,MAT293,1.0,LUBRICANTS
MAT153,MAT294,0.8462,LUBRICANTS
MAT154,MAT171,0.8,LUBRICANTS
MAT154,MAT173,0.8462,LUBRICANTS
MAT154,MAT174,1.0,LUBRICANTS
MAT154,MAT191,0.8,LUBRICANTS
MAT154,MAT193,0.8462,LUBRICANTS
MAT154,MAT194,1.0,LUBRICANTS
MAT154,MAT211,0.8,LUBRICANTS
MAT154,MAT213,0.8462,LUBRICANTS
MAT154,MAT214,1.0,LUBRICANTS
MAT154,MAT231,0.8,LUBRICANTS
MAT154,MAT233,0.8462,LUBRICANTS
MAT154,MAT234,1.0,LUBRICANTS
MAT154,MAT251,0.8,LUBRICANTS
MAT154,MAT253,0.8462,LUBRICANTS
MAT154,MAT254,1.0,LUBRICANTS
MAT154,MAT271,0.8,LUBRICANTS
MAT154,MAT273,0.8462,LUBRICANTS
MAT154,MAT274,1.0,LUBRICANTS
MAT154,MAT291,0.8,LUBRICANTS
MAT154,MAT293,0.8462,LUBRICANTS
MAT154,MAT294,1.0,LUBRICANTS
MAT155,MAT156,0.902,CABLES
MAT155,MAT157,0.4923,CABLES
MAT155,MAT158,0.5283,CABLES
MAT155,MAT175,1.0,CABLES
MAT155,MAT176,0.902,CABLES
MAT155,MAT177,0.4923,CABLES
MAT155,MAT178,0.5283,CABLES
MAT155,MAT195,1.0,CABLES
MAT155,MAT196,0.902,CABLES
MAT155,MAT197,0.4923,CABLES
MAT155,MAT198,0.5283,CABLES
MAT155,MAT215,1.0,CABLES
MAT155,MAT216,0.902,CABLES
MAT155,MAT217,0.4923,CABLES
MAT155,MAT218,0.5283,CABLES
MAT155,MAT235,1.0,CABLES
MAT155,MAT236,0.902,CABLES
MAT155,MAT237,0.4923,CABLES
MAT155,MAT238,0.5283,CABLES
MAT155,MAT255,1.0,CABLES
MAT155,MAT256,0.902,CABLES
MAT155,MAT257,0.4923,CABLES
MAT155,MAT258,0.5283,CABLES
MAT155,MAT275,1.0,CABLES
MAT155,MAT276,0.902,CABLES
MAT155,MAT277,0.4923,CABLES
MAT155,MAT278,0.5283,CABLES
MAT155,MAT295,1.0,CABLES
MAT155,MAT296,0.902,CABLES
MAT155,MAT297,0.4923,CABLES
MAT155,MAT298,0.5283,CABLES
MAT156,MAT157,0.4857,CABLES
MAT156,MAT158,0.5172,CABLES
MAT156,MAT175,0.902,CABLES
MAT156,MAT176,1.0,CABLES
MAT156,MAT177,0.4857,CABLES
MAT156,MAT178,0.5172,CABLES
MAT156,MAT195,0.902,CABLES
MAT156,MAT196,1.0,CABLES
MAT156,MAT197,0.4857,CABLES
MAT156,MAT198,0.5172,CABLES
MAT156,MAT215,0.902,CABLES
MAT156,MAT216,1.0,CABLES
MAT156,MAT217,0.4857,CABLES
MAT156,MAT218,0.5172,CABLES
MAT156,MAT235,0.902,CABLES
MAT156,MAT236,1.0,CABLES
MAT156,MAT237,0.4857,CABLES
MAT156,MAT238,0.5172,CABLES
MAT156,MAT255,0.902,CABLES
MAT156,MAT256,1.0,CABLES
MAT156,MAT257,0.4857,CABLES
MAT156,MAT258,0.5172,CABLES
MAT156,MAT275,0.902,CABLES
MAT156,MAT276,1.0,CABLES
MAT156,MAT277,0.4857,CABLES
MAT156,MAT278,0.5172,CABLES
MAT156,MAT295,0.902,CABLES
MAT156,MAT296,1.0,CABLES
MAT156,MAT297,0.4857,CABLES
MAT156,MAT298,0.5172,CABLES
MAT157,MAT158,0.913,CABLES
MAT157,MAT175,0.4923,CABLES
MAT157,MAT176,0.4857,CABLES
MAT157,MAT177,1.0,CABLES
MAT157,MAT178,0.913,CABLES
MAT157,MAT195,0.4923,CABLES
MAT157,MAT196,0.4857,CABLES
MAT157,MAT197,1.0,CABLES
MAT157,MAT198,0.913,CABLES
MAT157,MAT215,0.4923,CABLES
MAT157,MAT216,0.4857,CABLES
MAT157,MAT217,1.0,CABLES
MAT157,MAT218,0.913,CABLES
MAT157,MAT235,0.4923,CABLES
MAT157,MAT236,0.4857,CABLES
MAT157,MAT237,1.0,CABLES
MAT157,MAT238,0.913,CABLES
MAT157,MAT255,0.4923,CABLES
MAT157,MAT256,0.4857,CABLES
MAT157,MAT257,1.0,CABLES
MAT157,MAT258,0.913,CABLES
MAT157,MAT275,0.4923,CABLES
MAT157,MAT276,0.4857,CABLES
MAT157,MAT277,1.0,CABLES
MAT157,MAT278,0.913,CABLES
MAT157,MAT295,0.4923,CABLES
MAT157,MAT296,0.4857,CABLES
MAT157,MAT297,1.0,CABLES
MAT157,MAT298,0.913,CABLES
MAT158,MAT175,0.5283,CABLES
MAT158,MAT176,0.5172,CABLES
MAT158,MAT177,0.913,CABLES
MAT158,MAT178,1.0,CABLES
MAT158,MAT195,0.5283,CABLES
MAT158,MAT196,0.5172,CABLES
MAT158,MAT197,0.913,CABLES
MAT158,MAT198,1.0,CABLES
MAT158,MAT215,0.5283,CABLES
MAT158,MAT216,0.5172,CABLES
MAT158,MAT217,0.913,CABLES
MAT158,MAT218,1.0,CABLES
MAT158,MAT235,0.5283,CABLES
MAT158,MAT236,0.5172,CABLES
MAT158,MAT237,0.913,CABLES
MAT158,MAT238,1.0,CABLES
MAT158,MAT255,0.5283,CABLES
MAT158,MAT256,0.5172,CABLES
MAT158,MAT257,0.913,CABLES
MAT158,MAT258,1.0,CABLES
MAT158,MAT275,0.5283,CABLES
MAT158,MAT276,0.5172,CABLES
MAT158,MAT277,0.913,CABLES
MAT158,MAT278,1.0,CABLES
MAT158,MAT295,0.5283,CABLES
MAT158,MAT296,0.5172,CABLES
MAT158,MAT297,0.913,CABLES
MAT158,MAT298,1.0,CABLES
MAT159,MAT160,0.8571,SAFETY
MAT159,MAT179,1.0,SAFETY
MAT159,MAT180,0.8571,SAFETY
MAT159,MAT199,1.0,SAFETY
MAT159,MAT200,0.8571,SAFETY
MAT159,MAT219,1.0,SAFETY
MAT159,MAT220,0.8571,SAFETY
MAT159,MAT239,1.0,SAFETY
MAT159,MAT240,0.8571,SAFETY
MAT159,MAT259,1.0,SAFETY
MAT159,MAT260,0.8571,SAFETY
MAT159,MAT279,1.0,SAFETY
MAT159,MAT280,0.8571,SAFETY
MAT159,MAT299,1.0,SAFETY
MAT159,MAT300,0.8571,SAFETY
MAT160,MAT179,0.8571,SAFETY
MAT160,MAT180,1.0,SAFETY
MAT160,MAT199,0.8571,SAFETY
MAT160,MAT200,1.0,SAFETY
MAT160,MAT219,0.8571,SAFETY
MAT160,MAT220,1.0,SAFETY
MAT160,MAT239,0.8571,SAFETY
MAT160,MAT240,1.0,SAFETY
MAT160,MAT259,0.8571,SAFETY
MAT160,MAT260,1.0,SAFETY
MAT160,MAT279,0.8571,SAFETY
MAT160,MAT280,1.0,SAFETY
MAT160,MAT299,0.8571,SAFETY
MAT160,MAT300,1.0,SAFETY
MAT161,MAT162,0.7042,FASTENERS
MAT161,MAT163,0.9286,FASTENERS
MAT161,MAT164,0.7879,FASTENERS
MAT161,MAT166,0.5,FASTENERS
MAT161,MAT181,1.0,FASTENERS
MAT161,MAT182,0.7042,FASTENERS
MAT161,MAT183,0.9286,FASTENERS
MAT161,MAT184,0.7879,FASTENERS
MAT161,MAT186,0.5,FASTENERS
MAT161,MAT201,1.0,FASTENERS
MAT161,MAT202,0.7042,FASTENERS
MAT161,MAT203,0.9286,FASTENERS
MAT161,MAT204,0.7879,FASTENERS
MAT161,MAT206,0.5,FASTENERS
MAT161,MAT221,1.0,FASTENERS
MAT161,MAT222,0.7042,FASTENERS
MAT161,MAT223,0.9286,FASTENERS
MAT161,MAT224,0.7879,FASTENERS
MAT161,MAT226,0.5,FASTENERS
MAT161,MAT241,1.0,FASTENERS
MAT161,MAT242,0.7042,FASTENERS
MAT161,MAT243,0.9286,FASTENERS
MAT161,MAT244,0.7879,FASTENERS
MAT161,MAT246,0.5,FASTENERS
MAT161,MAT261,1.0,FASTENERS
MAT161,MAT262,0.7042,FASTENERS
MAT161,MAT263,0.9286,FASTENERS
MAT161,MAT264,0.7879,FASTENERS
MAT161,MAT266,0.5,FASTENERS
MAT161,MAT281,1.0,FASTENERS
MAT161,MAT282,0.7042,FASTENERS
MAT161,MAT283,0.9286,FASTENERS
MAT161,MAT284,0.7879,FASTENERS
MAT161,MAT286,0.5,FASTENERS
MAT162,MAT163,0.5484,FASTENERS
MAT162,MAT164,0.75,FASTENERS
MAT162,MAT166,0.5763,FASTENERS
MAT162,MAT181,0.7042,FASTENERS
MAT162,MAT182,1.0,FASTENERS
MAT162,MAT183,0.5484,FASTENERS
MAT162,MAT184,0.75,FASTENERS
MAT162,MAT186,0.5763,FASTENERS
MAT162,MAT201,0.7042,FASTENERS
MAT162,MAT202,1.0,FASTENERS
MAT162,MAT203,0.5484,FASTENERS
MAT162,MAT204,0.75,FASTENERS
MAT162,MAT206,0.5763,FASTENERS
MAT162,MAT221,0.7042,FASTENERS
MAT162,MAT222,1.0,FASTENERS
MAT162,MAT223,0.5484,FASTENERS
MAT162,MAT224,0.75,FASTENERS
MAT162,MAT226,0.5763,FASTENERS
MAT162,MAT241,0.7042,FASTENERS
MAT162,MAT242,1.0,FASTENERS
MAT162,MAT243,0.5484,FASTENERS
MAT162,MAT244,0.75,FASTENERS
MAT162,MAT246,0.5763,FASTENERS
MAT162,MAT261,0.7042,FASTENERS
MAT162,MAT262,1.0,FASTENERS
MAT162,MAT263,0.5484,FASTENERS
MAT162,MAT264,0.75,FASTENERS
MAT162,MAT266,0.5763,FASTENERS
MAT162,MAT281,0.7042,FASTENERS
MAT162,MAT282,1.0,FASTENERS
MAT162,MAT283,0.5484,FASTENERS
MAT162,MAT284,0.75,FASTENERS
MAT162,MAT286,0.5763,FASTENERS
MAT163,MAT164,0.9189,FASTENERS
MAT163,MAT166,0.5614,FASTENERS
MAT163,MAT181,0.9286,FASTENERS
MAT163,MAT182,0.5484,FASTENERS
MAT163,MAT183,1.0,FASTENERS
MAT163,MAT184,0.9189,FASTENERS
MAT163,MAT186,0.5614,FASTENERS
MAT163,MAT201,0.9286,FASTENERS
MAT163,MAT202,0.5484,FASTENERS
MAT163,MAT203,1.0,FASTENERS
MAT163,MAT204,0.9189,FASTENERS
MAT163,MAT206,0.5614,FASTENERS
MAT163,MAT221,0.9286,FASTENERS
MAT163,MAT222,0.5484,FASTENERS
MAT163,MAT223,1.0,FASTENERS
MAT163,MAT224,0.9189,FASTENERS
MAT163,MAT226,0.5614,FASTENERS
MAT163,MAT241,0.9286,FASTENERS
MAT163,MAT242,0.5484,FASTENERS
MAT163,MAT243,1.0,FASTENERS
MAT163,MAT244,0.9189,FASTENERS
MAT163,MAT246,0.5614,FASTENERS
MAT163,MAT261,0.9286,FASTENERS
MAT163,MAT262,0.5484,FASTENERS
MAT163,MAT263,1.0,FASTENERS
MAT163,MAT264,0.9189,FASTENERS
MAT163,MAT266,0.5614,FASTENERS
MAT163,MAT281,0.9286,FASTENERS
MAT163,MAT282,0.5484,FASTENERS
MAT163,MAT283,1.0,FASTENERS
MAT163,MAT284,0.9189,FASTENERS
MAT163,MAT286,0.5614,FASTENERS
MAT164,MAT165,0.4737,FASTENERS
MAT164,MAT166,0.6207,FASTENERS
MAT164,MAT181,0.7879,FASTENERS
MAT164,MAT182,0.75,FASTENERS
MAT164,MAT183,0.9189,FASTENERS
MAT164,MAT184,1.0,FASTENERS
MAT164,MAT185,0.4737,FASTENERS
MAT164,MAT186,0.6207,FASTENERS
MAT164,MAT201,0.7879,FASTENERS
MAT164,MAT202,0.75,FASTENERS
MAT164,MAT203,0.9189,FASTENERS
MAT164,MAT204,1.0,FASTENERS
MAT164,MAT205,0.4737,FASTENERS
MAT164,MAT206,0.6207,FASTENERS
MAT164,MAT221,0.7879,FASTENERS
MAT164,MAT222,0.75,FASTENERS
MAT164,MAT223,0.9189,FASTENERS
MAT164,MAT224,1.0,FASTENERS
MAT164,MAT225,0.4737,FASTENERS
MAT164,MAT226,0.6207,FASTENERS
MAT164,MAT241,0.7879,FASTENERS
MAT164,MAT242,0.75,FASTENERS
MAT164,MAT243,0.9189,FASTENERS
MAT164,MAT244,1.0,FASTENERS
MAT164,MAT245,0.4737,FASTENERS
MAT164,MAT246,0.6207,FASTENERS
MAT164,MAT261,0.7879,FASTENERS
MAT164,MAT262,0.75,FASTENERS
MAT164,MAT263,0.9189,FASTENERS
MAT164,MAT264,1.0,FASTENERS
MAT164,MAT265,0.4737,FASTENERS
MAT164,MAT266,0.6207,FASTENERS
MAT164,MAT281,0.7879,FASTENERS
MAT164,MAT282,0.75,FASTENERS
MAT164,MAT283,0.9189,FASTENERS
MAT164,MAT284,1.0,FASTENERS
MAT164,MAT285,0.4737,FASTENERS
MAT164,MAT286,0.6207,FASTENERS
MAT165,MAT166,0.7143,FASTENERS
MAT165,MAT184,0.4737,FASTENERS
MAT165,MAT185,1.0,FASTENERS
MAT165,MAT186,0.7143,FASTENERS
MAT165,MAT204,0.4737,FASTENERS
MAT165,MAT205,1.0,FASTENERS
MAT165,MAT206,0.7143,FASTENERS
MAT165,MAT224,0.4737,FASTENERS
MAT165,MAT225,1.0,FASTENERS
MAT165,MAT226,0.7143,FASTENERS
MAT165,MAT244,0.4737,FASTENERS
MAT165,MAT245,1.0,FASTENERS
MAT165,MAT246,0.7143,FASTENERS
MAT165,MAT264,0.4737,FASTENERS
MAT165,MAT265,1.0,FASTENERS
MAT165,MAT266,0.7143,FASTENERS
MAT165,MAT284,0.4737,FASTENERS
MAT165,MAT285,1.0,FASTENERS
MAT165,MAT286,0.7143,FASTENERS
MAT166,MAT181,0.5,FASTENERS
MAT166,MAT182,0.5763,FASTENERS
MAT166,MAT183,0.5614,FASTENERS
MAT166,MAT184,0.6207,FASTENERS
MAT166,MAT185,0.7143,FASTENERS
MAT166,MAT186,1.0,FASTENERS
MAT166,MAT201,0.5,FASTENERS
MAT166,MAT202,0.5763,FASTENERS
MAT166,MAT203,0.5614,FASTENERS
MAT166,MAT204,0.6207,FASTENERS
MAT166,MAT205,0.7143,FASTENERS
MAT166,MAT206,1.0,FASTENERS
MAT166,MAT221,0.5,FASTENERS
MAT166,MAT222,0.5763,FASTENERS
MAT166,MAT223,0.5614,FASTENERS
MAT166,MAT224,0.6207,FASTENERS
MAT166,MAT225,0.7143,FASTENERS
MAT166,MAT226,1.0,FASTENERS
MAT166,MAT241,0.5,FASTENERS
MAT166,MAT242,0.5763,FASTENERS
MAT166,MAT243,0.5614,FASTENERS
MAT166,MAT244,0.6207,FASTENERS
MAT166,MAT245,0.7143,FASTENERS
MAT166,MAT246,1.0,FASTENERS
MAT166,MAT261,0.5,FASTENERS
MAT166,MAT262,0.5763,FASTENERS
MAT166,MAT263,0.5614,FASTENERS
MAT166,MAT264,0.6207,FASTENERS
MAT166,MAT265,0.7143,FASTENERS
MAT166,MAT266,1.0,FASTENERS
MAT166,MAT281,0.5,FASTENERS
MAT166,MAT282,0.5763,FASTENERS
MAT166,MAT283,0.5614,FASTENERS
MAT166,MAT284,0.6207,FASTENERS
MAT166,MAT285,0.7143,FASTENERS
MAT166,MAT286,1.0,FASTENERS
MAT167,MAT168,1.0,BEARINGS
MAT167,MAT169,0.75,BEARINGS
MAT167,MAT170,0.75,BEARINGS
MAT167,MAT187,1.0,BEARINGS
MAT167,MAT188,1.0,BEARINGS
MAT167,MAT189,0.75,BEARINGS
MAT167,MAT190,0.75,BEARINGS
MAT167,MAT207,1.0,BEARINGS
MAT167,MAT208,1.0,BEARINGS
MAT167,MAT209,0.75,BEARINGS
MAT167,MAT210,0.75,BEARINGS
MAT167,MAT227,1.0,BEARINGS
MAT167,MAT228,1.0,BEARINGS
MAT167,MAT229,0.75,BEARINGS
MAT167,MAT230,0.75,BEARINGS
MAT167,MAT247,1.0,BEARINGS
MAT167,MAT248,1.0,BEARINGS
MAT167,MAT249,0.75,BEARINGS
MAT167,MAT250,0.75,BEARINGS
MAT167,MAT267,1.0,BEARINGS
MAT167,MAT268,1.0,BEARINGS
MAT167,MAT269,0.75,BEARINGS
MAT167,MAT270,0.75,BEARINGS
MAT167,MAT287,1.0,BEARINGS
MAT167,MAT288,1.0,BEARINGS
MAT167,MAT289,0.75,BEARINGS
MAT167,MAT290,0.75,BEARINGS
MAT168,MAT169,0.6667,BEARINGS
MAT168,MAT170,0.6667,BEARINGS
MAT168,MAT187,1.0,BEARINGS
MAT168,MAT188,1.0,BEARINGS
MAT168,MAT189,0.6667,BEARINGS
MAT168,MAT190,0.6667,BEARINGS
MAT168,MAT207,1.0,BEARINGS
MAT168,MAT208,1.0,BEARINGS
MAT168,MAT209,0.6667,BEARINGS
MAT168,MAT210,0.6667,BEARINGS
MAT168,MAT227,1.0,BEARINGS
MAT168,MAT228,1.0,BEARINGS
MAT168,MAT229,0.6667,BEARINGS
MAT168,MAT230,0.6667,BEARINGS
MAT168,MAT247,1.0,BEARINGS
MAT168,MAT248,1.0,BEARINGS
MAT168,MAT249,0.6667,BEARINGS
MAT168,MAT250,0.6667,BEARINGS
MAT168,MAT267,1.0,BEARINGS
MAT168,MAT268,1.0,BEARINGS
MAT168,MAT269,0.6667,BEARINGS
MAT168,MAT270,0.6667,BEARINGS
MAT168,MAT287,1.0,BEARINGS
MAT168,MAT288,1.0,BEARINGS
MAT168,MAT289,0.6667,BEARINGS
MAT168,MAT290,0.6667,BEARINGS
MAT169,MAT170,0.68,BEARINGS
MAT169,MAT187,0.75,BEARINGS
MAT169,MAT188,0.6667,BEARINGS
MAT169,MAT189,1.0,BEARINGS
MAT169,MAT190,0.68,BEARINGS
MAT169,MAT207,0.75,BEARINGS
MAT169,MAT208,0.6667,BEARINGS
MAT169,MAT209,1.0,BEARINGS
MAT169,MAT210,0.68,BEARINGS
MAT169,MAT227,0.75,BEARINGS
MAT169,MAT228,0.6667,BEARINGS
MAT169,MAT229,1.0,BEARINGS
MAT169,MAT230,0.68,BEARINGS
MAT169,MAT247,0.75,BEARINGS
MAT169,MAT248,0.6667,BEARINGS
MAT169,MAT249,1.0,BEARINGS
MAT169,MAT250,0.68,BEARINGS
MAT169,MAT267,0.75,BEARINGS
MAT169,MAT268,0.6667,BEARINGS
MAT169,MAT269,1.0,BEARINGS
MAT169,MAT270,0.68,BEARINGS
MAT169,MAT287,0.75,BEARINGS
MAT169,MAT288,0.6667,BEARINGS
MAT169,MAT289,1.0,BEARINGS
MAT169,MAT290,0.68,BEARINGS
MAT170,MAT187,0.75,BEARINGS
MAT170,MAT188,0.6667,BEARINGS
MAT170,MAT189,0.68,BEARINGS
MAT170,MAT190,1.0,BEARINGS
MAT170,MAT207,0.75,BEARINGS
MAT170,MAT208,0.6667,BEARINGS
MAT170,MAT209,0.68,BEARINGS
MAT170,MAT210,1.0,BEARINGS
MAT170,MAT227,0.75,BEARINGS
MAT170,MAT228,0.6667,BEARINGS
MAT170,MAT229,0.68,BEARINGS
MAT170,MAT230,1.0,BEARINGS
MAT170,MAT247,0.75,BEARINGS
MAT170,MAT248,0.6667,BEARINGS
MAT170,MAT249,0.68,BEARINGS
MAT170,MAT250,1.0,BEARINGS
MAT170,MAT267,0.75,BEARINGS
MAT170,MAT268,0.6667,BEARINGS
MAT170,MAT269,0.68,BEARINGS
MAT170,MAT270,1.0,BEARINGS
MAT170,MAT287,0.75,BEARINGS
MAT170,MAT288,0.6667,BEARINGS
MAT170,MAT289,0.68,BEARINGS
MAT170,MAT290,1.0,BEARINGS
MAT171,MAT172,0.6038,LUBRICANTS
MAT171,MAT174,0.8,LUBRICANTS
MAT171,MAT191,1.0,LUBRICANTS
MAT171,MAT192,0.6038,LUBRICANTS
MAT171,MAT194,0.8,LUBRICANTS
MAT171,MAT211,1.0,LUBRICANTS
MAT171,MAT212,0.6038,LUBRICANTS
MAT171,MAT214,0.8,LUBRICANTS
MAT171,MAT231,1.0,LUBRICANTS
MAT171,MAT232,0.6038,LUBRICANTS
MAT171,MAT234,0.8,LUBRICANTS
MAT171,MAT251,1.0,LUBRICANTS
MAT171,MAT252,0.6038,LUBRICANTS
MAT171,MAT254,0.8,LUBRICANTS
MAT171,MAT271,1.0,LUBRICANTS
MAT171,MAT272,0.6038,LUBRICANTS
MAT171,MAT274,0.8,LUBRICANTS
MAT171,MAT291,1.0,LUBRICANTS
MAT171,MAT292,0.6038,LUBRICANTS
MAT171,MAT294,0.8,LUBRICANTS
MAT172,MAT191,0.6038,LUBRICANTS
MAT172,MAT192,1.0,LUBRICANTS
MAT172,MAT211,0.6038,LUBRICANTS
MAT172,MAT212,1.0,LUBRICANTS
MAT172,MAT231,0.6038,LUBRICANTS
MAT172,MAT232,1.0,LUBRICANTS
MAT172,MAT251,0.6038,LUBRICANTS
MAT172,MAT252,1.0,LUBRICANTS
MAT172,MAT271,0.6038,LUBRICANTS
MAT172,MAT272,1.0,LUBRICANTS
MAT172,MAT291,0.6038,LUBRICANTS
MAT172,MAT292,1.0,LUBRICANTS
MAT173,MAT174,0.8462,LUBRICANTS
MAT173,MAT193,1.0,LUBRICANTS
MAT173,MAT194,0.8462,LUBRICANTS
MAT173,MAT213,1.0,LUBRICANTS
MAT173,MAT214,0.8462,LUBRICANTS
MAT173,MAT233,1.0,LUBRICANTS
MAT173,MAT234,0.8462,LUBRICANTS
MAT173,MAT253,1.0,LUBRICANTS
MAT173,MAT254,0.8462,LUBRICANTS
MAT173,MAT273,1.0,LUBRICANTS
MAT173,MAT274,0.8462,LUBRICANTS
MAT173,MAT293,1.0,LUBRICANTS
MAT173,MAT294,0.8462,LUBRICANTS
MAT174,MAT191,0.8,LUBRICANTS
MAT174,MAT193,0.8462,LUBRICANTS
MAT174,MAT194,1.0,LUBRICANTS
MAT174,MAT211,0.8,LUBRICANTS
MAT174,MAT213,0.8462,LUBRICANTS
MAT174,MAT214,1.0,LUBRICANTS
MAT174,MAT231,0.8,LUBRICANTS
MAT174,MAT233,0.8462,LUBRICANTS
MAT174,MAT234,1.0,LUBRICANTS
MAT174,MAT251,0.8,LUBRICANTS
MAT174,MAT253,0.8462,LUBRICANTS
MAT174,MAT254,1.0,LUBRICANTS
MAT174,MAT271,0.8,LUBRICANTS
MAT174,MAT273,0.8462,LUBRICANTS
MAT174,MAT274,1.0,LUBRICANTS
MAT174,MAT291,0.8,LUBRICANTS
MAT174,MAT293,0.8462,LUBRICANTS
MAT174,MAT294,1.0,LUBRICANTS
MAT175,MAT176,0.902,CABLES
MAT175,MAT177,0.4923,CABLES
MAT175,MAT178,0.5283,CABLES
MAT175,MAT195,1.0,CABLES
MAT175,MAT196,0.902,CABLES
MAT175,MAT197,0.4923,CABLES
MAT175,MAT198,0.5283,CABLES
MAT175,MAT215,1.0,CABLES
MAT175,MAT216,0.902,CABLES
MAT175,MAT217,0.4923,CABLES
MAT175,MAT218,0.5283,CABLES
MAT175,MAT235,1.0,CABLES
MAT175,MAT236,0.902,CABLES
MAT175,MAT237,0.4923,CABLES
MAT175,MAT238,0.5283,CABLES
MAT175,MAT255,1.0,CABLES
MAT175,MAT256,0.902,CABLES
MAT175,MAT257,0.4923,CABLES
MAT175,MAT258,0.5283,CABLES
MAT175,MAT275,1.0,CABLES
MAT175,MAT276,0.902,CABLES
MAT175,MAT277,0.4923,CABLES
MAT175,MAT278,0.5283,CABLES
MAT175,MAT295,1.0,CABLES
MAT175,MAT296,0.902,CABLES
MAT175,MAT297,0.4923,CABLES
MAT175,MAT298,0.5283,CABLES
MAT176,MAT177,0.4857,CABLES
MAT176,MAT178,0.5172,CABLES
MAT176,MAT195,0.902,CABLES
MAT176,MAT196,1.0,CABLES
MAT176,MAT197,0.4857,CABLES
MAT176,MAT198,0.5172,CABLES
MAT176,MAT215,0.902,CABLES
MAT176,MAT216,1.0,CABLES
MAT176,MAT217,0.4857,CABLES
MAT176,MAT218,0.5172,CABLES
MAT176,MAT235,0.902,CABLES
MAT176,MAT236,1.0,CABLES
MAT176,MAT237,0.4857,CABLES
MAT176,MAT238,0.5172,CABLES
MAT176,MAT255,0.902,CABLES
MAT176,MAT256,1.0,CABLES
MAT176,MAT257,0.4857,CABLES
MAT176,MAT258,0.5172,CABLES
MAT176,MAT275,0.902,CABLES
MAT176,MAT276,1.0,CABLES
MAT176,MAT277,0.4857,CABLES
MAT176,MAT278,0.5172,CABLES
MAT176,MAT295,0.902,CABLES
MAT176,MAT296,1.0,CABLES
MAT176,MAT297,0.4857,CABLES
MAT176,MAT298,0.5172,CABLES
MAT177,MAT178,0.913,CABLES
MAT177,MAT195,0.4923,CABLES
MAT177,MAT196,0.4857,CABLES
MAT177,MAT197,1.0,CABLES
MAT177,MAT198,0.913,CABLES
MAT177,MAT215,0.4923,CABLES
MAT177,MAT216,0.4857,CABLES
MAT177,MAT217,1.0,CABLES
MAT177,MAT218,0.913,CABLES
MAT177,MAT235,0.4923,CABLES
MAT177,MAT236,0.4857,CABLES
MAT177,MAT237,1.0,CABLES
MAT177,MAT238,0.913,CABLES
MAT177,MAT255,0.4923,CABLES
MAT177,MAT256,0.4857,CABLES
MAT177,MAT257,1.0,CABLES
MAT177,MAT258,0.913,CABLES
MAT177,MAT275,0.4923,CABLES
MAT177,MAT276,0.4857,CABLES
MAT177,MAT277,1.0,CABLES
MAT177,MAT278,0.913,CABLES
MAT177,MAT295,0.4923,CABLES
MAT177,MAT296,0.4857,CABLES
MAT177,MAT297,1.0,CABLES
MAT177,MAT298,0.913,CABLES
MAT178,MAT195,0.5283,CABLES
MAT178,MAT196,0.5172,CABLES
MAT178,MAT197,0.913,CABLES
MAT178,MAT198,1.0,CABLES
MAT178,MAT215,0.5283,CABLES
MAT178,MAT216,0.5172,CABLES
MAT178,MAT217,0.913,CABLES
MAT178,MAT218,1.0,CABLES
MAT178,MAT235,0.5283,CABLES
MAT178,MAT236,0.5172,CABLES
MAT178,MAT237,0.913,CABLES
MAT178,MAT238,1.0,CABLES
MAT178,MAT255,0.5283,CABLES
MAT178,MAT256,0.5172,CABLES
MAT178,MAT257,0.913,CABLES
MAT178,MAT258,1.0,CABLES
MAT178,MAT275,0.5283,CABLES
MAT178,MAT276,0.5172,CABLES
MAT178,MAT277,0.913,CABLES
MAT178,MAT278,1.0,CABLES
MAT178,MAT295,0.5283,CABLES
MAT178,MAT296,0.5172,CABLES
MAT178,MAT297,0.913,CABLES
MAT178,MAT298,1.0,CABLES
MAT179,MAT180,0.8571,SAFETY
MAT179,MAT199,1.0,SAFETY
MAT179,MAT200,0.8571,SAFETY
MAT179,MAT219,1.0,SAFETY
MAT179,MAT220,0.8571,SAFETY
MAT179,MAT239,1.0,SAFETY
MAT179,MAT240,0.8571,SAFETY
MAT179,MAT259,1.0,SAFETY
MAT179,MAT260,0.8571,SAFETY
MAT179,MAT279,1.0,SAFETY
MAT179,MAT280,0.8571,SAFETY
MAT179,MAT299,1.0,SAFETY
MAT179,MAT300,0.8571,SAFETY
MAT180,MAT199,0.8571,SAFETY
MAT180,MAT200,1.0,SAFETY
MAT180,MAT219,0.8571,SAFETY
MAT180,MAT220,1.0,SAFETY
MAT180,MAT239,0.8571,SAFETY
MAT180,MAT240,1.0,SAFETY
MAT180,MAT259,0.8571,SAFETY
MAT180,MAT260,1.0,SAFETY
MAT180,MAT279,0.8571,SAFETY
MAT180,MAT280,1.0,SAFETY
MAT180,MAT299,0.8571,SAFETY
MAT180,MAT300,1.0,SAFETY
MAT181,MAT182,0.7042,FASTENERS
MAT181,MAT183,0.9286,FASTENERS
MAT181,MAT184,0.7879,FASTENERS
MAT181,MAT186,0.5,FASTENERS
MAT181,MAT201,1.0,FASTENERS
MAT181,MAT202,0.7042,FASTENERS
MAT181,MAT203,0.9286,FASTENERS
MAT181,MAT204,0.7879,FASTENERS
MAT181,MAT206,0.5,FASTENERS
MAT181,MAT221,1.0,FASTENERS
MAT181,MAT222,0.7042,FASTENERS
MAT181,MAT223,0.9286,FASTENERS
MAT181,MAT224,0.7879,FASTENERS
MAT181,MAT226,0.5,FASTENERS
MAT181,MAT241,1.0,FASTENERS
MAT181,MAT242,0.7042,FASTENERS
MAT181,MAT243,0.9286,FASTENERS
MAT181,MAT244,0.7879,FASTENERS
MAT181,MAT246,0.5,FASTENERS
MAT181,MAT261,1.0,FASTENERS
MAT181,MAT262,0.7042,FASTENERS
MAT181,MAT263,0.9286,FASTENERS
MAT181,MAT264,0.7879,FASTENERS
MAT181,MAT266,0.5,FASTENERS
MAT181,MAT281,1.0,FASTENERS
MAT181,MAT282,0.7042,FASTENERS
MAT181,MAT283,0.9286,FASTENERS
MAT181,MAT284,0.7879,FASTENERS
MAT181,MAT286,0.5,FASTENERS
MAT182,MAT183,0.5484,FASTENERS
MAT182,MAT184,0.75,FASTENERS
MAT182,MAT186,0.5763,FASTENERS
MAT182,MAT201,0.7042,FASTENERS
MAT182,MAT202,1.0,FASTENERS
MAT182,MAT203,0.5484,FASTENERS
MAT182,MAT204,0.75,FASTENERS
MAT182,MAT206,0.5763,FASTENERS
MAT182,MAT221,0.7042,FASTENERS
MAT182,MAT222,1.0,FASTENERS
MAT182,MAT223,0.5484,FASTENERS
MAT182,MAT224,0.75,FASTENERS
MAT182,MAT226,0.5763,FASTENERS
MAT182,MAT241,0.7042,FASTENERS
MAT182,MAT242,1.0,FASTENERS
MAT182,MAT243,0.5484,FASTENERS
MAT182,MAT244,0.75,FASTENERS
MAT182,MAT246,0.5763,FASTENERS
MAT182,MAT261,0.7042,FASTENERS
MAT182,MAT262,1.0,FASTENERS
MAT182,MAT263,0.5484,FASTENERS
MAT182,MAT264,0.75,FASTENERS
MAT182,MAT266,0.5763,FASTENERS
MAT182,MAT281,0.7042,FASTENERS
MAT182,MAT282,1.0,FASTENERS
MAT182,MAT283,0.5484,FASTENERS
MAT182,MAT284,0.75,FASTENERS
MAT182,MAT286,0.5763,FASTENERS
MAT183,MAT184,0.9189,FASTENERS
MAT183,MAT186,0.5614,FASTENERS
MAT183,MAT201,0.9286,FASTENERS
MAT183,MAT202,0.5484,FASTENERS
MAT183,MAT203,1.0,FASTENERS
MAT183,MAT204,0.9189,FASTENERS
MAT183,MAT206,0.5614,FASTENERS
MAT183,MAT221,0.9286,FASTENERS
MAT183,MAT222,0.5484,FASTENERS
MAT183,MAT223,1.0,FASTENERS
MAT183,MAT224,0.9189,FASTENERS
MAT183,MAT226,0.5614,FASTENERS
MAT183,MAT241,0.9286,FASTENERS
MAT183,MAT242,0.5484,FASTENERS
MAT183,MAT243,1.0,FASTENERS
MAT183,MAT244,0.9189,FASTENERS
MAT183,MAT246,0.5614,FASTENERS
MAT183,MAT261,0.9286,FASTENERS
MAT183,MAT262,0.5484,FASTENERS
MAT183,MAT263,1.0,FASTENERS
MAT183,MAT264,0.9189,FASTENERS
MAT183,MAT266,0.5614,FASTENERS
MAT183,MAT281,0.9286,FASTENERS
MAT183,MAT282,0.5484,FASTENERS
MAT183,MAT283,1.0,FASTENERS
MAT183,MAT284,0.9189,FASTENERS
MAT183,MAT286,0.5614,FASTENERS
MAT184,MAT185,0.4737,FASTENERS
MAT184,MAT186,0.6207,FASTENERS
MAT184,MAT201,0.7879,FASTENERS
MAT184,MAT202,0.75,FASTENERS
MAT184,MAT203,0.9189,FASTENERS
MAT184,MAT204,1.0,FASTENERS
MAT184,MAT205,0.4737,FASTENERS
MAT184,MAT206,0.6207,FASTENERS
MAT184,MAT221,0.7879,FASTENERS
MAT184,MAT222,0.75,FASTENERS
MAT184,MAT223,0.9189,FASTENERS
MAT184,MAT224,1.0,FASTENERS
MAT184,MAT225,0.4737,FASTENERS
MAT184,MAT226,0.6207,FASTENERS
MAT184,MAT241,0.7879,FASTENERS
MAT184,MAT242,0.75,FASTENERS
MAT184,MAT243,0.9189,FASTENERS
MAT184,MAT244,1.0,FASTENERS
MAT184,MAT245,0.4737,FASTENERS
MAT184,MAT246,0.6207,FASTENERS
MAT184,MAT261,0.7879,FASTENERS
MAT184,MAT262,0.75,FASTENERS
MAT184,MAT263,0.9189,FASTENERS
MAT184,MAT264,1.0,FASTENERS
MAT184,MAT265,0.4737,FASTENERS
MAT184,MAT266,0.6207,FASTENERS
MAT184,MAT281,0.7879,FASTENERS
MAT184,MAT282,0.75,FASTENERS
MAT184,MAT283,0.9189,FASTENERS
MAT184,MAT284,1.0,FASTENERS
MAT184,MAT285,0.4737,FASTENERS
MAT184,MAT286,0.6207,FASTENERS
MAT185,MAT186,0.7143,FASTENERS
MAT185,MAT204,0.4737,FASTENERS
MAT185,MAT205,1.0,FASTENERS
MAT185,MAT206,0.7143,FASTENERS
MAT185,MAT224,0.4737,FASTENERS
MAT185,MAT225,1.0,FASTENERS
MAT185,MAT226,0.7143,FASTENERS
MAT185,MAT244,0.4737,FASTENERS
MAT185,MAT245,1.0,FASTENERS
MAT185,MAT246,0.7143,FASTENERS
MAT185,MAT264,0.4737,FASTENERS
MAT185,MAT265,1.0,FASTENERS
MAT185,MAT266,0.7143,FASTENERS
MAT185,MAT284,0.4737,FASTENERS
MAT185,MAT285,1.0,FASTENERS
MAT185,MAT286,0.7143,FASTENERS
MAT186,MAT201,0.5,FASTENERS
MAT186,MAT202,0.5763,FASTENERS
MAT186,MAT203,0.5614,FASTENERS
MAT186,MAT204,0.6207,FASTENERS
MAT186,MAT205,0.7143,FASTENERS
MAT186,MAT206,1.0,FASTENERS
MAT186,MAT221,0.5,FASTENERS
MAT186,MAT222,0.5763,FASTENERS
MAT186,MAT223,0.5614,FASTENERS
MAT186,MAT224,0.6207,FASTENERS
MAT186,MAT225,0.7143,FASTENERS
MAT186,MAT226,1.0,FASTENERS
MAT186,MAT241,0.5,FASTENERS
MAT186,MAT242,0.5763,FASTENERS
MAT186,MAT243,0.5614,FASTENERS
MAT186,MAT244,0.6207,FASTENERS
MAT186,MAT245,0.7143,FASTENERS
MAT186,MAT246,1.0,FASTENERS
MAT186,MAT261,0.5,FASTENERS
MAT186,MAT262,0.5763,FASTENERS
MAT186,MAT263,0.5614,FASTENERS
MAT186,MAT264,0.6207,FASTENERS
MAT186,MAT265,0.7143,FASTENERS
MAT186,MAT266,1.0,FASTENERS
MAT186,MAT281,0.5,FASTENERS
MAT186,MAT282,0.5763,FASTENERS
MAT186,MAT283,0.5614,FASTENERS
MAT186,MAT284,0.6207,FASTENERS
MAT186,MAT285,0.7143,FASTENERS
MAT186,MAT286,1.0,FASTENERS
MAT187,MAT188,1.0,BEARINGS
MAT187,MAT189,0.75,BEARINGS
MAT187,MAT190,0.75,BEARINGS
MAT187,MAT207,1.0,BEARINGS
MAT187,MAT208,1.0,BEARINGS
MAT187,MAT209,0.75,BEARINGS
MAT187,MAT210,0.75,BEARINGS
MAT187,MAT227,1.0,BEARINGS
MAT187,MAT228,1.0,BEARINGS
MAT187,MAT229,0.75,BEARINGS
MAT187,MAT230,0.75,BEARINGS
MAT187,MAT247,1.0,BEARINGS
MAT187,MAT248,1.0,BEARINGS
MAT187,MAT249,0.75,BEARINGS
MAT187,MAT250,0.75,BEARINGS
MAT187,MAT267,1.0,BEARINGS
MAT187,MAT268,1.0,BEARINGS
MAT187,MAT269,0.75,BEARINGS
MAT187,MAT270,0.75,BEARINGS
MAT187,MAT287,1.0,BEARINGS
MAT187,MAT288,1.0,BEARINGS
MAT187,MAT289,0.75,BEARINGS
MAT187,MAT290,0.75,BEARINGS
MAT188,MAT189,0.6667,BEARINGS
MAT188,MAT190,0.6667,BEARINGS
MAT188,MAT207,1.0,BEARINGS
MAT188,MAT208,1.0,BEARINGS
MAT188,MAT209,0.6667,BEARINGS
MAT188,MAT210,0.6667,BEARINGS
MAT188,MAT227,1.0,BEARINGS
MAT188,MAT228,1.0,BEARINGS
MAT188,MAT229,0.6667,BEARINGS
MAT188,MAT230,0.6667,BEARINGS
MAT188,MAT247,1.0,BEARINGS
MAT188,MAT248,1.0,BEARINGS
MAT188,MAT249,0.6667,BEARINGS
MAT188,MAT250,0.6667,BEARINGS
MAT188,MAT267,1.0,BEARINGS
MAT188,MAT268,1.0,BEARINGS
MAT188,MAT269,0.6667,BEARINGS
MAT188,MAT270,0.6667,BEARINGS
MAT188,MAT287,1.0,BEARINGS
MAT188,MAT288,1.0,BEARINGS
MAT188,MAT289,0.6667,BEARINGS
MAT188,MAT290,0.6667,BEARINGS
MAT189,MAT190,0.68,BEARINGS
MAT189,MAT207,0.75,BEARINGS
MAT189,MAT208,0.6667,BEARINGS
MAT189,MAT209,1.0,BEARINGS
MAT189,MAT210,0.68,BEARINGS
MAT189,MAT227,0.75,BEARINGS
MAT189,MAT228,0.6667,BEARINGS
MAT189,MAT229,1.0,BEARINGS
MAT189,MAT230,0.68,BEARINGS
MAT189,MAT247,0.75,BEARINGS
MAT189,MAT248,0.6667,BEARINGS
MAT189,MAT249,1.0,BEARINGS
MAT189,MAT250,0.68,BEARINGS
MAT189,MAT267,0.75,BEARINGS
MAT189,MAT268,0.6667,BEARINGS
MAT189,MAT269,1.0,BEARINGS
MAT189,MAT270,0.68,BEARINGS
MAT189,MAT287,0.75,BEARINGS
MAT189,MAT288,0.6667,BEARINGS
MAT189,MAT289,1.0,BEARINGS
MAT189,MAT290,0.68,BEARINGS
MAT190,MAT207,0.75,BEARINGS
MAT190,MAT208,0.6667,BEARINGS
MAT190,MAT209,0.68,BEARINGS
MAT190,MAT210,1.0,BEARINGS
MAT190,MAT227,0.75,BEARINGS
MAT190,MAT228,0.6667,BEARINGS
MAT190,MAT229,0.68,BEARINGS
MAT190,MAT230,1.0,BEARINGS
MAT190,MAT247,0.75,BEARINGS
MAT190,MAT248,0.6667,BEARINGS
MAT190,MAT249,0.68,BEARINGS
MAT190,MAT250,1.0,BEARINGS
MAT190,MAT267,0.75,BEARINGS
MAT190,MAT268,0.6667,BEARINGS
MAT190,MAT269,0.68,BEARINGS
MAT190,MAT270,1.0,BEARINGS
MAT190,MAT287,0.75,BEARINGS
MAT190,MAT288,0.6667,BEARINGS
MAT190,MAT289,0.68,BEARINGS
MAT190,MAT290,1.0,BEARINGS
MAT191,MAT192,0.6038,LUBRICANTS
MAT191,MAT194,0.8,LUBRICANTS
MAT191,MAT211,1.0,LUBRICANTS
MAT191,MAT212,0.6038,LUBRICANTS
MAT191,MAT214,0.8,LUBRICANTS
MAT191,MAT231,1.0,LUBRICANTS
MAT191,MAT232,0.6038,LUBRICANTS
MAT191,MAT234,0.8,LUBRICANTS
MAT191,MAT251,1.0,LUBRICANTS
MAT191,MAT252,0.6038,LUBRICANTS
MAT191,MAT254,0.8,LUBRICANTS
MAT191,MAT271,1.0,LUBRICANTS
MAT191,MAT272,0.6038,LUBRICANTS
MAT191,MAT274,0.8,LUBRICANTS
MAT191,MAT291,1.0,LUBRICANTS
MAT191,MAT292,0.6038,LUBRICANTS
MAT191,MAT294,0.8,LUBRICANTS
MAT192,MAT211,0.6038,LUBRICANTS
MAT192,MAT212,1.0,LUBRICANTS
MAT192,MAT231,0.6038,LUBRICANTS
MAT192,MAT232,1.0,LUBRICANTS
MAT192,MAT251,0.6038,LUBRICANTS
MAT192,MAT252,1.0,LUBRICANTS
MAT192,MAT271,0.6038,LUBRICANTS
MAT192,MAT272,1.0,LUBRICANTS
MAT192,MAT291,0.6038,LUBRICANTS
MAT192,MAT292,1.0,LUBRICANTS
MAT193,MAT194,0.8462,LUBRICANTS
MAT193,MAT213,1.0,LUBRICANTS
MAT193,MAT214,0.8462,LUBRICANTS
MAT193,MAT233,1.0,LUBRICANTS
MAT193,MAT234,0.8462,LUBRICANTS
MAT193,MAT253,1.0,LUBRICANTS
MAT193,MAT254,0.8462,LUBRICANTS
MAT193,MAT273,1.0,LUBRICANTS
MAT193,MAT274,0.8462,LUBRICANTS
MAT193,MAT293,1.0,LUBRICANTS
MAT193,MAT294,0.8462,LUBRICANTS
MAT194,MAT211,0.8,LUBRICANTS
MAT194,MAT213,0.8462,LUBRICANTS
MAT194,MAT214,1.0,LUBRICANTS
MAT194,MAT231,0.8,LUBRICANTS
MAT194,MAT233,0.8462,LUBRICANTS
MAT194,MAT234,1.0,LUBRICANTS
MAT194,MAT251,0.8,LUBRICANTS
MAT194,MAT253,0.8462,LUBRICANTS
MAT194,MAT254,1.0,LUBRICANTS
MAT194,MAT271,0.8,LUBRICANTS
MAT194,MAT273,0.8462,LUBRICANTS
MAT194,MAT274,1.0,LUBRICANTS
MAT194,MAT291,0.8,LUBRICANTS
MAT194,MAT293,0.8462,LUBRICANTS
MAT194,MAT294,1.0,LUBRICANTS
MAT195,MAT196,0.902,CABLES
MAT195,MAT197,0.4923,CABLES
MAT195,MAT198,0.5283,CABLES
MAT195,MAT215,1.0,CABLES
MAT195,MAT216,0.902,CABLES
MAT195,MAT217,0.4923,CABLES
MAT195,MAT218,0.5283,CABLES
MAT195,MAT235,1.0,CABLES
MAT195,MAT236,0.902,CABLES
MAT195,MAT237,0.4923,CABLES
MAT195,MAT238,0.5283,CABLES
MAT195,MAT255,1.0,CABLES
MAT195,MAT256,0.902,CABLES
MAT195,MAT257,0.4923,CABLES
MAT195,MAT258,0.5283,CABLES
MAT195,MAT275,1.0,CABLES
MAT195,MAT276,0.902,CABLES
MAT195,MAT277,0.4923,CABLES
MAT195,MAT278,0.5283,CABLES
MAT195,MAT295,1.0,CABLES
MAT195,MAT296,0.902,CABLES
MAT195,MAT297,0.4923,CABLES
MAT195,MAT298,0.5283,CABLES
MAT196,MAT197,0.4857,CABLES
MAT196,MAT198,0.5172,CABLES
MAT196,MAT215,0.902,CABLES
MAT196,MAT216,1.0,CABLES
MAT196,MAT217,0.4857,CABLES
MAT196,MAT218,0.5172,CABLES
MAT196,MAT235,0.902,CABLES
MAT196,MAT236,1.0,CABLES
MAT196,MAT237,0.4857,CABLES
MAT196,MAT238,0.5172,CABLES
MAT196,MAT255,0.902,CABLES
MAT196,MAT256,1.0,CABLES
MAT196,MAT257,0.4857,CABLES
MAT196,MAT258,0.5172,CABLES
MAT196,MAT275,0.902,CABLES
MAT196,MAT276,1.0,CABLES
MAT196,MAT277,0.4857,CABLES
MAT196,MAT278,0.5172,CABLES
MAT196,MAT295,0.902,CABLES
MAT196,MAT296,1.0,CABLES
MAT196,MAT297,0.4857,CABLES
MAT196,MAT298,0.5172,CABLES
MAT197,MAT198,0.913,CABLES
MAT197,MAT215,0.4923,CABLES
MAT197,MAT216,0.4857,CABLES
MAT197,MAT217,1.0,CABLES
MAT197,MAT218,0.913,CABLES
MAT197,MAT235,0.4923,CABLES
MAT197,MAT236,0.4857,CABLES
MAT197,MAT237,1.0,CABLES
MAT197,MAT238,0.913,CABLES
MAT197,MAT255,0.4923,CABLES
MAT197,MAT256,0.4857,CABLES
MAT197,MAT257,1.0,CABLES
MAT197,MAT258,0.913,CABLES
MAT197,MAT275,0.4923,CABLES
MAT197,MAT276,0.4857,CABLES
MAT197,MAT277,1.0,CABLES
MAT197,MAT278,0.913,CABLES
MAT197,MAT295,0.4923,CABLES
MAT197,MAT296,0.4857,CABLES
MAT197,MAT297,1.0,CABLES
MAT197,MAT298,0.913,CABLES
MAT198,MAT215,0.5283,CABLES
MAT198,MAT216,0.5172,CABLES
MAT198,MAT217,0.913,CABLES
MAT198,MAT218,1.0,CABLES
MAT198,MAT235,0.5283,CABLES
MAT198,MAT236,0.5172,CABLES
MAT198,MAT237,0.913,CABLES
MAT198,MAT238,1.0,CABLES
MAT198,MAT255,0.5283,CABLES
MAT198,MAT256,0.5172,CABLES
MAT198,MAT257,0.913,CABLES
MAT198,MAT258,1.0,CABLES
MAT198,MAT275,0.5283,CABLES
MAT198,MAT276,0.5172,CABLES
MAT198,MAT277,0.913,CABLES
MAT198,MAT278,1.0,CABLES
MAT198,MAT295,0.5283,CABLES
MAT198,MAT296,0.5172,CABLES
MAT198,MAT297,0.913,CABLES
MAT198,MAT298,1.0,CABLES
MAT199,MAT200,0.8571,SAFETY
MAT199,MAT219,1.0,SAFETY
MAT199,MAT220,0.8571,SAFETY
MAT199,MAT239,1.0,SAFETY
MAT199,MAT240,0.8571,SAFETY
MAT199,MAT259,1.0,SAFETY
MAT199,MAT260,0.8571,SAFETY
MAT199,MAT279,1.0,SAFETY
MAT199,MAT280,0.8571,SAFETY
MAT199,MAT299,1.0,SAFETY
MAT199,MAT300,0.8571,SAFETY
MAT200,MAT219,0.8571,SAFETY
MAT200,MAT220,1.0,SAFETY
MAT200,MAT239,0.8571,SAFETY
MAT200,MAT240,1.0,SAFETY
MAT200,MAT259,0.8571,SAFETY
MAT200,MAT260,1.0,SAFETY
MAT200,MAT279,0.8571,SAFETY
MAT200,MAT280,1.0,SAFETY
MAT200,MAT299,0.8571,SAFETY
MAT200,MAT300,1.0,SAFETY
MAT201,MAT202,0.7042,FASTENERS
MAT201,MAT203,0.9286,FASTENERS
MAT201,MAT204,0.7879,FASTENERS
MAT201,MAT206,0.5,FASTENERS
MAT201,MAT221,1.0,FASTENERS
MAT201,MAT222,0.7042,FASTENERS
MAT201,MAT223,0.9286,FASTENERS
MAT201,MAT224,0.7879,FASTENERS
MAT201,MAT226,0.5,FASTENERS
MAT201,MAT241,1.0,FASTENERS
MAT201,MAT242,0.7042,FASTENERS
MAT201,MAT243,0.9286,FASTENERS
MAT201,MAT244,0.7879,FASTENERS
MAT201,MAT246,0.5,FASTENERS
MAT201,MAT261,1.0,FASTENERS
MAT201,MAT262,0.7042,FASTENERS
MAT201,MAT263,0.9286,FASTENERS
MAT201,MAT264,0.7879,FASTENERS
MAT201,MAT266,0.5,FASTENERS
MAT201,MAT281,1.0,FASTENERS
MAT201,MAT282,0.7042,FASTENERS
MAT201,MAT283,0.9286,FASTENERS
MAT201,MAT284,0.7879,FASTENERS
MAT201,MAT286,0.5,FASTENERS
MAT202,MAT203,0.5484,FASTENERS
MAT202,MAT204,0.75,FASTENERS
MAT202,MAT206,0.5763,FASTENERS
MAT202,MAT221,0.7042,FASTENERS
MAT202,MAT222,1.0,FASTENERS
MAT202,MAT223,0.5484,FASTENERS
MAT202,MAT224,0.75,FASTENERS
MAT202,MAT226,0.5763,FASTENERS
MAT202,MAT241,0.7042,FASTENERS
MAT202,MAT242,1.0,FASTENERS
MAT202,MAT243,0.5484,FASTENERS
MAT202,MAT244,0.75,FASTENERS
MAT202,MAT246,0.5763,FASTENERS
MAT202,MAT261,0.7042,FASTENERS
MAT202,MAT262,1.0,FASTENERS
MAT202,MAT263,0.5484,FASTENERS
MAT202,MAT264,0.75,FASTENERS
MAT202,MAT266,0.5763,FASTENERS
MAT202,MAT281,0.7042,FASTENERS
MAT202,MAT282,1.0,FASTENERS
MAT202,MAT283,0.5484,FASTENERS
MAT202,MAT284,0.75,FASTENERS
MAT202,MAT286,0.5763,FASTENERS
MAT203,MAT204,0.9189,FASTENERS
MAT203,MAT206,0.5614,FASTENERS
MAT203,MAT221,0.9286,FASTENERS
MAT203,MAT222,0.5484,FASTENERS
MAT203,MAT223,1.0,FASTENERS
MAT203,MAT224,0.9189,FASTENERS
MAT203,MAT226,0.5614,FASTENERS
MAT203,MAT241,0.9286,FASTENERS
MAT203,MAT242,0.5484,FASTENERS
MAT203,MAT243,1.0,FASTENERS
MAT203,MAT244,0.9189,FASTENERS
MAT203,MAT246,0.5614,FASTENERS
MAT203,MAT261,0.9286,FASTENERS
MAT203,MAT262,0.5484,FASTENERS
MAT203,MAT263,1.0,FASTENERS
MAT203,MAT264,0.9189,FASTENERS
MAT203,MAT266,0.5614,FASTENERS
MAT203,MAT281,0.9286,FASTENERS
MAT203,MAT282,0.5484,FASTENERS
MAT203,MAT283,1.0,FASTENERS
MAT203,MAT284,0.9189,FASTENERS
MAT203,MAT286,0.5614,FASTENERS
MAT204,MAT205,0.4737,FASTENERS
MAT204,MAT206,0.6207,FASTENERS
MAT204,MAT221,0.7879,FASTENERS
MAT204,MAT222,0.75,FASTENERS
MAT204,MAT223,0.9189,FASTENERS
MAT204,MAT224,1.0,FASTENERS
MAT204,MAT225,0.4737,FASTENERS
MAT204,MAT226,0.6207,FASTENERS
MAT204,MAT241,0.7879,FASTENERS
MAT204,MAT242,0.75,FASTENERS
MAT204,MAT243,0.9189,FASTENERS
MAT204,MAT244,1.0,FASTENERS
MAT204,MAT245,0.4737,FASTENERS
MAT204,MAT246,0.6207,FASTENERS
MAT204,MAT261,0.7879,FASTENERS
MAT204,MAT262,0.75,FASTENERS
MAT204,MAT263,0.9189,FASTENERS
MAT204,MAT264,1.0,FASTENERS
MAT204,MAT265,0.4737,FASTENERS
MAT204,MAT266,0.6207,FASTENERS
MAT204,MAT281,0.7879,FASTENERS
MAT204,MAT282,0.75,FASTENERS
MAT204,MAT283,0.9189,FASTENERS
MAT204,MAT284,1.0,FASTENERS
MAT204,MAT285,0.4737,FASTENERS
MAT204,MAT286,0.6207,FASTENERS
MAT205,MAT206,0.7143,FASTENERS
MAT205,MAT224,0.4737,FASTENERS
MAT205,MAT225,1.0,FASTENERS
MAT205,MAT226,0.7143,FASTENERS
MAT205,MAT244,0.4737,FASTENERS
MAT205,MAT245,1.0,FASTENERS
MAT205,MAT246,0.7143,FASTENERS
MAT205,MAT264,0.4737,FASTENERS
MAT205,MAT265,1.0,FASTENERS
MAT205,MAT266,0.7143,FASTENERS
MAT205,MAT284,0.4737,FASTENERS
MAT205,MAT285,1.0,FASTENERS
MAT205,MAT286,0.7143,FASTENERS
MAT206,MAT221,0.5,FASTENERS
MAT206,MAT222,0.5763,FASTENERS
MAT206,MAT223,0.5614,FASTENERS
MAT206,MAT224,0.6207,FASTENERS
MAT206,MAT225,0.7143,FASTENERS
MAT206,MAT226,1.0,FASTENERS
MAT206,MAT241,0.5,FASTENERS
MAT206,MAT242,0.5763,FASTENERS
MAT206,MAT243,0.5614,FASTENERS
MAT206,MAT244,0.6207,FASTENERS
MAT206,MAT245,0.7143,FASTENERS
MAT206,MAT246,1.0,FASTENERS
MAT206,MAT261,0.5,FASTENERS
MAT206,MAT262,0.5763,FASTENERS
MAT206,MAT263,0.5614,FASTENERS
MAT206,MAT264,0.6207,FASTENERS
MAT206,MAT265,0.7143,FASTENERS
MAT206,MAT266,1.0,FASTENERS
MAT206,MAT281,0.5,FASTENERS
MAT206,MAT282,0.5763,FASTENERS
MAT206,MAT283,0.5614,FASTENERS
MAT206,MAT284,0.6207,FASTENERS
MAT206,MAT285,0.7143,FASTENERS
MAT206,MAT286,1.0,FASTENERS
MAT207,MAT208,1.0,BEARINGS
MAT207,MAT209,0.75,BEARINGS
MAT207,MAT210,0.75,BEARINGS
MAT207,MAT227,1.0,BEARINGS
MAT207,MAT228,1.0,BEARINGS
MAT207,MAT229,0.75,BEARINGS
MAT207,MAT230,0.75,BEARINGS
MAT207,MAT247,1.0,BEARINGS
MAT207,MAT248,1.0,BEARINGS
MAT207,MAT249,0.75,BEARINGS
MAT207,MAT250,0.75,BEARINGS
MAT207,MAT267,1.0,BEARINGS
MAT207,MAT268,1.0,BEARINGS
MAT207,MAT269,0.75,BEARINGS
MAT207,MAT270,0.75,BEARINGS
MAT207,MAT287,1.0,BEARINGS
MAT207,MAT288,1.0,BEARINGS
MAT207,MAT289,0.75,BEARINGS
MAT207,MAT290,0.75,BEARINGS
MAT208,MAT209,0.6667,BEARINGS
MAT208,MAT210,0.6667,BEARINGS
MAT208,MAT227,1.0,BEARINGS
MAT208,MAT228,1.0,BEARINGS
MAT208,MAT229,0.6667,BEARINGS
MAT208,MAT230,0.6667,BEARINGS
MAT208,MAT247,1.0,BEARINGS
MAT208,MAT248,1.0,BEARINGS
MAT208,MAT249,0.6667,BEARINGS
MAT208,MAT250,0.6667,BEARINGS
MAT208,MAT267,1.0,BEARINGS
MAT208,MAT268,1.0,BEARINGS
MAT208,MAT269,0.6667,BEARINGS
MAT208,MAT270,0.6667,BEARINGS
MAT208,MAT287,1.0,BEARINGS
MAT208,MAT288,1.0,BEARINGS
MAT208,MAT289,0.6667,BEARINGS
MAT208,MAT290,0.6667,BEARINGS
MAT209,MAT210,0.68,BEARINGS
MAT209,MAT227,0.75,BEARINGS
MAT209,MAT228,0.6667,BEARINGS
MAT209,MAT229,1.0,BEARINGS
MAT209,MAT230,0.68,BEARINGS
MAT209,MAT247,0.75,BEARINGS
MAT209,MAT248,0.6667,BEARINGS
MAT209,MAT249,1.0,BEARINGS
MAT209,MAT250,0.68,BEARINGS
MAT209,MAT267,0.75,BEARINGS
MAT209,MAT268,0.6667,BEARINGS
MAT209,MAT269,1.0,BEARINGS
MAT209,MAT270,0.68,BEARINGS
MAT209,MAT287,0.75,BEARINGS
MAT209,MAT288,0.6667,BEARINGS
MAT209,MAT289,1.0,BEARINGS
MAT209,MAT290,0.68,BEARINGS
MAT210,MAT227,0.75,BEARINGS
MAT210,MAT228,0.6667,BEARINGS
MAT210,MAT229,0.68,BEARINGS
MAT210,MAT230,1.0,BEARINGS
MAT210,MAT247,0.75,BEARINGS
MAT210,MAT248,0.6667,BEARINGS
MAT210,MAT249,0.68,BEARINGS
MAT210,MAT250,1.0,BEARINGS
MAT210,MAT267,0.75,BEARINGS
MAT210,MAT268,0.6667,BEARINGS
MAT210,MAT269,0.68,BEARINGS
MAT210,MAT270,1.0,BEARINGS
MAT210,MAT287,0.75,BEARINGS
MAT210,MAT288,0.6667,BEARINGS
MAT210,MAT289,0.68,BEARINGS
MAT210,MAT290,1.0,BEARINGS
MAT211,MAT212,0.6038,LUBRICANTS
MAT211,MAT214,0.8,LUBRICANTS
MAT211,MAT231,1.0,LUBRICANTS
MAT211,MAT232,0.6038,LUBRICANTS
MAT211,MAT234,0.8,LUBRICANTS
MAT211,MAT251,1.0,LUBRICANTS
MAT211,MAT252,0.6038,LUBRICANTS
MAT211,MAT254,0.8,LUBRICANTS
MAT211,MAT271,1.0,LUBRICANTS
MAT211,MAT272,0.6038,LUBRICANTS
MAT211,MAT274,0.8,LUBRICANTS
MAT211,MAT291,1.0,LUBRICANTS
MAT211,MAT292,0.6038,LUBRICANTS
MAT211,MAT294,0.8,LUBRICANTS
MAT212,MAT231,0.6038,LUBRICANTS
MAT212,MAT232,1.0,LUBRICANTS
MAT212,MAT251,0.6038,LUBRICANTS
MAT212,MAT252,1.0,LUBRICANTS
MAT212,MAT271,0.6038,LUBRICANTS
MAT212,MAT272,1.0,LUBRICANTS
MAT212,MAT291,0.6038,LUBRICANTS
MAT212,MAT292,1.0,LUBRICANTS
MAT213,MAT214,0.8462,LUBRICANTS
MAT213,MAT233,1.0,LUBRICANTS
MAT213,MAT234,0.8462,LUBRICANTS
MAT213,MAT253,1.0,LUBRICANTS
MAT213,MAT254,0.8462,LUBRICANTS
MAT213,MAT273,1.0,LUBRICANTS
MAT213,MAT274,0.8462,LUBRICANTS
MAT213,MAT293,1.0,LUBRICANTS
MAT213,MAT294,0.8462,LUBRICANTS
MAT214,MAT231,0.8,LUBRICANTS
MAT214,MAT233,0.8462,LUBRICANTS
MAT214,MAT234,1.0,LUBRICANTS
MAT214,MAT251,0.8,LUBRICANTS
MAT214,MAT253,0.8462,LUBRICANTS
MAT214,MAT254,1.0,LUBRICANTS
MAT214,MAT271,0.8,LUBRICANTS
MAT214,MAT273,0.8462,LUBRICANTS
MAT214,MAT274,1.0,LUBRICANTS
MAT214,MAT291,0.8,LUBRICANTS
MAT214,MAT293,0.8462,LUBRICANTS
MAT214,MAT294,1.0,LUBRICANTS
MAT215,MAT216,0.902,CABLES
MAT215,MAT217,0.4923,CABLES
MAT215,MAT218,0.5283,CABLES
MAT215,MAT235,1.0,CABLES
MAT215,MAT236,0.902,CABLES
MAT215,MAT237,0.4923,CABLES
MAT215,MAT238,0.5283,CABLES
MAT215,MAT255,1.0,CABLES
MAT215,MAT256,0.902,CABLES
MAT215,MAT257,0.4923,CABLES
MAT215,MAT258,0.5283,CABLES
MAT215,MAT275,1.0,CABLES
MAT215,MAT276,0.902,CABLES
MAT215,MAT277,0.4923,CABLES
MAT215,MAT278,0.5283,CABLES
MAT215,MAT295,1.0,CABLES
MAT215,MAT296,0.902,CABLES
MAT215,MAT297,0.4923,CABLES
MAT215,MAT298,0.5283,CABLES
MAT216,MAT217,0.4857,CABLES
MAT216,MAT218,0.5172,CABLES
MAT216,MAT235,0.902,CABLES
MAT216,MAT236,1.0,CABLES
MAT216,MAT237,0.4857,CABLES
MAT216,MAT238,0.5172,CABLES
MAT216,MAT255,0.902,CABLES
MAT216,MAT256,1.0,CABLES
MAT216,MAT257,0.4857,CABLES
MAT216,MAT258,0.5172,CABLES
MAT216,MAT275,0.902,CABLES
MAT216,MAT276,1.0,CABLES
MAT216,MAT277,0.4857,CABLES
MAT216,MAT278,0.5172,CABLES
MAT216,MAT295,0.902,CABLES
MAT216,MAT296,1.0,CABLES
MAT216,MAT297,0.4857,CABLES
MAT216,MAT298,0.5172,CABLES
MAT217,MAT218,0.913,CABLES
MAT217,MAT235,0.4923,CABLES
MAT217,MAT236,0.4857,CABLES
MAT217,MAT237,1.0,CABLES
MAT217,MAT238,0.913,CABLES
MAT217,MAT255,0.4923,CABLES
MAT217,MAT256,0.4857,CABLES
MAT217,MAT257,1.0,CABLES
MAT217,MAT258,0.913,CABLES
MAT217,MAT275,0.4923,CABLES
MAT217,MAT276,0.4857,CABLES
MAT217,MAT277,1.0,CABLES
MAT217,MAT278,0.913,CABLES
MAT217,MAT295,0.4923,CABLES
MAT217,MAT296,0.4857,CABLES
MAT217,MAT297,1.0,CABLES
MAT217,MAT298,0.913,CABLES
MAT218,MAT235,0.5283,CABLES
MAT218,MAT236,0.5172,CABLES
MAT218,MAT237,0.913,CABLES
MAT218,MAT238,1.0,CABLES
MAT218,MAT255,0.5283,CABLES
MAT218,MAT256,0.5172,CABLES
MAT218,MAT257,0.913,CABLES
MAT218,MAT258,1.0,CABLES
MAT218,MAT275,0.5283,CABLES
MAT218,MAT276,0.5172,CABLES
MAT218,MAT277,0.913,CABLES
MAT218,MAT278,1.0,CABLES
MAT218,MAT295,0.5283,CABLES
MAT218,MAT296,0.5172,CABLES
MAT218,MAT297,0.913,CABLES
MAT218,MAT298,1.0,CABLES
MAT219,MAT220,0.8571,SAFETY
MAT219,MAT239,1.0,SAFETY
MAT219,MAT240,0.8571,SAFETY
MAT219,MAT259,1.0,SAFETY
MAT219,MAT260,0.8571,SAFETY
MAT219,MAT279,1.0,SAFETY
MAT219,MAT280,0.8571,SAFETY
MAT219,MAT299,1.0,SAFETY
MAT219,MAT300,0.8571,SAFETY
MAT220,MAT239,0.8571,SAFETY
MAT220,MAT240,1.0,SAFETY
MAT220,MAT259,0.8571,SAFETY
MAT220,MAT260,1.0,SAFETY
MAT220,MAT279,0.8571,SAFETY
MAT220,MAT280,1.0,SAFETY
MAT220,MAT299,0.8571,SAFETY
MAT220,MAT300,1.0,SAFETY
MAT221,MAT222,0.7042,FASTENERS
MAT221,MAT223,0.9286,FASTENERS
MAT221,MAT224,0.7879,FASTENERS
MAT221,MAT226,0.5,FASTENERS
MAT221,MAT241,1.0,FASTENERS
MAT221,MAT242,0.7042,FASTENERS
MAT221,MAT243,0.9286,FASTENERS
MAT221,MAT244,0.7879,FASTENERS
MAT221,MAT246,0.5,FASTENERS
MAT221,MAT261,1.0,FASTENERS
MAT221,MAT262,0.7042,FASTENERS
MAT221,MAT263,0.9286,FASTENERS
MAT221,MAT264,0.7879,FASTENERS
MAT221,MAT266,0.5,FASTENERS
MAT221,MAT281,1.0,FASTENERS
MAT221,MAT282,0.7042,FASTENERS
MAT221,MAT283,0.9286,FASTENERS
MAT221,MAT284,0.7879,FASTENERS
MAT221,MAT286,0.5,FASTENERS
MAT222,MAT223,0.5484,FASTENERS
MAT222,MAT224,0.75,FASTENERS
MAT222,MAT226,0.5763,FASTENERS
MAT222,MAT241,0.7042,FASTENERS
MAT222,MAT242,1.0,FASTENERS
MAT222,MAT243,0.5484,FASTENERS
MAT222,MAT244,0.75,FASTENERS
MAT222,MAT246,0.5763,FASTENERS
MAT222,MAT261,0.7042,FASTENERS
MAT222,MAT262,1.0,FASTENERS
MAT222,MAT263,0.5484,FASTENERS
MAT222,MAT264,0.75,FASTENERS
MAT222,MAT266,0.5763,FASTENERS
MAT222,MAT281,0.7042,FASTENERS
MAT222,MAT282,1.0,FASTENERS
MAT222,MAT283,0.5484,FASTENERS
MAT222,MAT284,0.75,FASTENERS
MAT222,MAT286,0.5763,FASTENERS
MAT223,MAT224,0.9189,FASTENERS
MAT223,MAT226,0.5614,FASTENERS
MAT223,MAT241,0.9286,FASTENERS
MAT223,MAT242,0.5484,FASTENERS
MAT223,MAT243,1.0,FASTENERS
MAT223,MAT244,0.9189,FASTENERS
MAT223,MAT246,0.5614,FASTENERS
MAT223,MAT261,0.9286,FASTENERS
MAT223,MAT262,0.5484,FASTENERS
MAT223,MAT263,1.0,FASTENERS
MAT223,MAT264,0.9189,FASTENERS
MAT223,MAT266,0.5614,FASTENERS
MAT223,MAT281,0.9286,FASTENERS
MAT223,MAT282,0.5484,FASTENERS
MAT223,MAT283,1.0,FASTENERS
MAT223,MAT284,0.9189,FASTENERS
MAT223,MAT286,0.5614,FASTENERS
MAT224,MAT225,0.4737,FASTENERS
MAT224,MAT226,0.6207,FASTENERS
MAT224,MAT241,0.7879,FASTENERS
MAT224,MAT242,0.75,FASTENERS
MAT224,MAT243,0.9189,FASTENERS
MAT224,MAT244,1.0,FASTENERS
MAT224,MAT245,0.4737,FASTENERS
MAT224,MAT246,0.6207,FASTENERS
MAT224,MAT261,0.7879,FASTENERS
MAT224,MAT262,0.75,FASTENERS
MAT224,MAT263,0.9189,FASTENERS
MAT224,MAT264,1.0,FASTENERS
MAT224,MAT265,0.4737,FASTENERS
MAT224,MAT266,0.6207,FASTENERS
MAT224,MAT281,0.7879,FASTENERS
MAT224,MAT282,0.75,FASTENERS
MAT224,MAT283,0.9189,FASTENERS
MAT224,MAT284,1.0,FASTENERS
MAT224,MAT285,0.4737,FASTENERS
MAT224,MAT286,0.6207,FASTENERS
MAT225,MAT226,0.7143,FASTENERS
MAT225,MAT244,0.4737,FASTENERS
MAT225,MAT245,1.0,FASTENERS
MAT225,MAT246,0.7143,FASTENERS
MAT225,MAT264,0.4737,FASTENERS
MAT225,MAT265,1.0,FASTENERS
MAT225,MAT266,0.7143,FASTENERS
MAT225,MAT284,0.4737,FASTENERS
MAT225,MAT285,1.0,FASTENERS
MAT225,MAT286,0.7143,FASTENERS
MAT226,MAT241,0.5,FASTENERS
MAT226,MAT242,0.5763,FASTENERS
MAT226,MAT243,0.5614,FASTENERS
MAT226,MAT244,0.6207,FASTENERS
MAT226,MAT245,0.7143,FASTENERS
MAT226,MAT246,1.0,FASTENERS
MAT226,MAT261,0.5,FASTENERS
MAT226,MAT262,0.5763,FASTENERS
MAT226,MAT263,0.5614,FASTENERS
MAT226,MAT264,0.6207,FASTENERS
MAT226,MAT265,0.7143,FASTENERS
MAT226,MAT266,1.0,FASTENERS
MAT226,MAT281,0.5,FASTENERS
MAT226,MAT282,0.5763,FASTENERS
MAT226,MAT283,0.5614,FASTENERS
MAT226,MAT284,0.6207,FASTENERS
MAT226,MAT285,0.7143,FASTENERS
MAT226,MAT286,1.0,FASTENERS
MAT227,MAT228,1.0,BEARINGS
MAT227,MAT229,0.75,BEARINGS
MAT227,MAT230,0.75,BEARINGS
MAT227,MAT247,1.0,BEARINGS
MAT227,MAT248,1.0,BEARINGS
MAT227,MAT249,0.75,BEARINGS
MAT227,MAT250,0.75,BEARINGS
MAT227,MAT267,1.0,BEARINGS
MAT227,MAT268,1.0,BEARINGS
MAT227,MAT269,0.75,BEARINGS
MAT227,MAT270,0.75,BEARINGS
MAT227,MAT287,1.0,BEARINGS
MAT227,MAT288,1.0,BEARINGS
MAT227,MAT289,0.75,BEARINGS
MAT227,MAT290,0.75,BEARINGS
MAT228,MAT229,0.6667,BEARINGS
MAT228,MAT230,0.6667,BEARINGS
MAT228,MAT247,1.0,BEARINGS
MAT228,MAT248,1.0,BEARINGS
MAT228,MAT249,0.6667,BEARINGS
MAT228,MAT250,0.6667,BEARINGS
MAT228,MAT267,1.0,BEARINGS
MAT228,MAT268,1.0,BEARINGS
MAT228,MAT269,0.6667,BEARINGS
MAT228,MAT270,0.6667,BEARINGS
MAT228,MAT287,1.0,BEARINGS
MAT228,MAT288,1.0,BEARINGS
MAT228,MAT289,0.6667,BEARINGS
MAT228,MAT290,0.6667,BEARINGS
MAT229,MAT230,0.68,BEARINGS
MAT229,MAT247,0.75,BEARINGS
MAT229,MAT248,0.6667,BEARINGS
MAT229,MAT249,1.0,BEARINGS
MAT229,MAT250,0.68,BEARINGS
MAT229,MAT267,0.75,BEARINGS
MAT229,MAT268,0.6667,BEARINGS
MAT229,MAT269,1.0,BEARINGS
MAT229,MAT270,0.68,BEARINGS
MAT229,MAT287,0.75,BEARINGS
MAT229,MAT288,0.6667,BEARINGS
MAT229,MAT289,1.0,BEARINGS
MAT229,MAT290,0.68,BEARINGS
MAT230,MAT247,0.75,BEARINGS
MAT230,MAT248,0.6667,BEARINGS
MAT230,MAT249,0.68,BEARINGS
MAT230,MAT250,1.0,BEARINGS
MAT230,MAT267,0.75,BEARINGS
MAT230,MAT268,0.6667,BEARINGS
MAT230,MAT269,0.68,BEARINGS
MAT230,MAT270,1.0,BEARINGS
MAT230,MAT287,0.75,BEARINGS
MAT230,MAT288,0.6667,BEARINGS
MAT230,MAT289,0.68,BEARINGS
MAT230,MAT290,1.0,BEARINGS
MAT231,MAT232,0.6038,LUBRICANTS
MAT231,MAT234,0.8,LUBRICANTS
MAT231,MAT251,1.0,LUBRICANTS
MAT231,MAT252,0.6038,LUBRICANTS
MAT231,MAT254,0.8,LUBRICANTS
MAT231,MAT271,1.0,LUBRICANTS
MAT231,MAT272,0.6038,LUBRICANTS
MAT231,MAT274,0.8,LUBRICANTS
MAT231,MAT291,1.0,LUBRICANTS
MAT231,MAT292,0.6038,LUBRICANTS
MAT231,MAT294,0.8,LUBRICANTS
MAT232,MAT251,0.6038,LUBRICANTS
MAT232,MAT252,1.0,LUBRICANTS
MAT232,MAT271,0.6038,LUBRICANTS
MAT232,MAT272,1.0,LUBRICANTS
MAT232,MAT291,0.6038,LUBRICANTS
MAT232,MAT292,1.0,LUBRICANTS
MAT233,MAT234,0.8462,LUBRICANTS
MAT233,MAT253,1.0,LUBRICANTS
MAT233,MAT254,0.8462,LUBRICANTS
MAT233,MAT273,1.0,LUBRICANTS
MAT233,MAT274,0.8462,LUBRICANTS
MAT233,MAT293,1.0,LUBRICANTS
MAT233,MAT294,0.8462,LUBRICANTS
MAT234,MAT251,0.8,LUBRICANTS
MAT234,MAT253,0.8462,LUBRICANTS
MAT234,MAT254,1.0,LUBRICANTS
MAT234,MAT271,0.8,LUBRICANTS
MAT234,MAT273,0.8462,LUBRICANTS
MAT234,MAT274,1.0,LUBRICANTS
MAT234,MAT291,0.8,LUBRICANTS
MAT234,MAT293,0.8462,LUBRICANTS
MAT234,MAT294,1.0,LUBRICANTS
MAT235,MAT236,0.902,CABLES
MAT235,MAT237,0.4923,CABLES
MAT235,MAT238,0.5283,CABLES
MAT235,MAT255,1.0,CABLES
MAT235,MAT256,0.902,CABLES
MAT235,MAT257,0.4923,CABLES
MAT235,MAT258,0.5283,CABLES
MAT235,MAT275,1.0,CABLES
MAT235,MAT276,0.902,CABLES
MAT235,MAT277,0.4923,CABLES
MAT235,MAT278,0.5283,CABLES
MAT235,MAT295,1.0,CABLES
MAT235,MAT296,0.902,CABLES
MAT235,MAT297,0.4923,CABLES
MAT235,MAT298,0.5283,CABLES
MAT236,MAT237,0.4857,CABLES
MAT236,MAT238,0.5172,CABLES
MAT236,MAT255,0.902,CABLES
MAT236,MAT256,1.0,CABLES
MAT236,MAT257,0.4857,CABLES
MAT236,MAT258,0.5172,CABLES
MAT236,MAT275,0.902,CABLES
MAT236,MAT276,1.0,CABLES
MAT236,MAT277,0.4857,CABLES
MAT236,MAT278,0.5172,CABLES
MAT236,MAT295,0.902,CABLES
MAT236,MAT296,1.0,CABLES
MAT236,MAT297,0.4857,CABLES
MAT236,MAT298,0.5172,CABLES
MAT237,MAT238,0.913,CABLES
MAT237,MAT255,0.4923,CABLES
MAT237,MAT256,0.4857,CABLES
MAT237,MAT257,1.0,CABLES
MAT237,MAT258,0.913,CABLES
MAT237,MAT275,0.4923,CABLES
MAT237,MAT276,0.4857,CABLES
MAT237,MAT277,1.0,CABLES
MAT237,MAT278,0.913,CABLES
MAT237,MAT295,0.4923,CABLES
MAT237,MAT296,0.4857,CABLES
MAT237,MAT297,1.0,CABLES
MAT237,MAT298,0.913,CABLES
MAT238,MAT255,0.5283,CABLES
MAT238,MAT256,0.5172,CABLES
MAT238,MAT257,0.913,CABLES
MAT238,MAT258,1.0,CABLES
MAT238,MAT275,0.5283,CABLES
MAT238,MAT276,0.5172,CABLES
MAT238,MAT277,0.913,CABLES
MAT238,MAT278,1.0,CABLES
MAT238,MAT295,0.5283,CABLES
MAT238,MAT296,0.5172,CABLES
MAT238,MAT297,0.913,CABLES
MAT238,MAT298,1.0,CABLES
MAT239,MAT240,0.8571,SAFETY
MAT239,MAT259,1.0,SAFETY
MAT239,MAT260,0.8571,SAFETY
MAT239,MAT279,1.0,SAFETY
MAT239,MAT280,0.8571,SAFETY
MAT239,MAT299,1.0,SAFETY
MAT239,MAT300,0.8571,SAFETY
MAT240,MAT259,0.8571,SAFETY
MAT240,MAT260,1.0,SAFETY
MAT240,MAT279,0.8571,SAFETY
MAT240,MAT280,1.0,SAFETY
MAT240,MAT299,0.8571,SAFETY
MAT240,MAT300,1.0,SAFETY
MAT241,MAT242,0.7042,FASTENERS
MAT241,MAT243,0.9286,FASTENERS
MAT241,MAT244,0.7879,FASTENERS
MAT241,MAT246,0.5,FASTENERS
MAT241,MAT261,1.0,FASTENERS
MAT241,MAT262,0.7042,FASTENERS
MAT241,MAT263,0.9286,FASTENERS
MAT241,MAT264,0.7879,FASTENERS
MAT241,MAT266,0.5,FASTENERS
MAT241,MAT281,1.0,FASTENERS
MAT241,MAT282,0.7042,FASTENERS
MAT241,MAT283,0.9286,FASTENERS
MAT241,MAT284,0.7879,FASTENERS
MAT241,MAT286,0.5,FASTENERS
MAT242,MAT243,0.5484,FASTENERS
MAT242,MAT244,0.75,FASTENERS
MAT242,MAT246,0.5763,FASTENERS
MAT242,MAT261,0.7042,FASTENERS
MAT242,MAT262,1.0,FASTENERS
MAT242,MAT263,0.5484,FASTENERS
MAT242,MAT264,0.75,FASTENERS
MAT242,MAT266,0.5763,FASTENERS
MAT242,MAT281,0.7042,FASTENERS
MAT242,MAT282,1.0,FASTENERS
MAT242,MAT283,0.5484,FASTENERS
MAT242,MAT284,0.75,FASTENERS
MAT242,MAT286,0.5763,FASTENERS
MAT243,MAT244,0.9189,FASTENERS
MAT243,MAT246,0.5614,FASTENERS
MAT243,MAT261,0.9286,FASTENERS
MAT243,MAT262,0.5484,FASTENERS
MAT243,MAT263,1.0,FASTENERS
MAT243,MAT264,0.9189,FASTENERS
MAT243,MAT266,0.5614,FASTENERS
MAT243,MAT281,0.9286,FASTENERS
MAT243,MAT282,0.5484,FASTENERS
MAT243,MAT283,1.0,FASTENERS
MAT243,MAT284,0.9189,FASTENERS
MAT243,MAT286,0.5614,FASTENERS
MAT244,MAT245,0.4737,FASTENERS
MAT244,MAT246,0.6207,FASTENERS
MAT244,MAT261,0.7879,FASTENERS
MAT244,MAT262,0.75,FASTENERS
MAT244,MAT263,0.9189,FASTENERS
MAT244,MAT264,1.0,FASTENERS
MAT244,MAT265,0.4737,FASTENERS
MAT244,MAT266,0.6207,FASTENERS
MAT244,MAT281,0.7879,FASTENERS
MAT244,MAT282,0.75,FASTENERS
MAT244,MAT283,0.9189,FASTENERS
MAT244,MAT284,1.0,FASTENERS
MAT244,MAT285,0.4737,FASTENERS
MAT244,MAT286,0.6207,FASTENERS
MAT245,MAT246,0.7143,FASTENERS
MAT245,MAT264,0.4737,FASTENERS
MAT245,MAT265,1.0,FASTENERS
MAT245,MAT266,0.7143,FASTENERS
MAT245,MAT284,0.4737,FASTENERS
MAT245,MAT285,1.0,FASTENERS
MAT245,MAT286,0.7143,FASTENERS
MAT246,MAT261,0.5,FASTENERS
MAT246,MAT262,0.5763,FASTENERS
MAT246,MAT263,0.5614,FASTENERS
MAT246,MAT264,0.6207,FASTENERS
MAT246,MAT265,0.7143,FASTENERS
MAT246,MAT266,1.0,FASTENERS
MAT246,MAT281,0.5,FASTENERS
MAT246,MAT282,0.5763,FASTENERS
MAT246,MAT283,0.5614,FASTENERS
MAT246,MAT284,0.6207,FASTENERS
MAT246,MAT285,0.7143,FASTENERS
MAT246,MAT286,1.0,FASTENERS
MAT247,MAT248,1.0,BEARINGS
MAT247,MAT249,0.75,BEARINGS
MAT247,MAT250,0.75,BEARINGS
MAT247,MAT267,1.0,BEARINGS
MAT247,MAT268,1.0,BEARINGS
MAT247,MAT269,0.75,BEARINGS
MAT247,MAT270,0.75,BEARINGS
MAT247,MAT287,1.0,BEARINGS
MAT247,MAT288,1.0,BEARINGS
MAT247,MAT289,0.75,BEARINGS
MAT247,MAT290,0.75,BEARINGS
MAT248,MAT249,0.6667,BEARINGS
MAT248,MAT250,0.6667,BEARINGS
MAT248,MAT267,1.0,BEARINGS
MAT248,MAT268,1.0,BEARINGS
MAT248,MAT269,0.6667,BEARINGS
MAT248,MAT270,0.6667,BEARINGS
MAT248,MAT287,1.0,BEARINGS
MAT248,MAT288,1.0,BEARINGS
MAT248,MAT289,0.6667,BEARINGS
MAT248,MAT290,0.6667,BEARINGS
MAT249,MAT250,0.68,BEARINGS
MAT249,MAT267,0.75,BEARINGS
MAT249,MAT268,0.6667,BEARINGS
MAT249,MAT269,1.0,BEARINGS
MAT249,MAT270,0.68,BEARINGS
MAT249,MAT287,0.75,BEARINGS
MAT249,MAT288,0.6667,BEARINGS
MAT249,MAT289,1.0,BEARINGS
MAT249,MAT290,0.68,BEARINGS
MAT250,MAT267,0.75,BEARINGS
MAT250,MAT268,0.6667,BEARINGS
MAT250,MAT269,0.68,BEARINGS
MAT250,MAT270,1.0,BEARINGS
MAT250,MAT287,0.75,BEARINGS
MAT250,MAT288,0.6667,BEARINGS
MAT250,MAT289,0.68,BEARINGS
MAT250,MAT290,1.0,BEARINGS
MAT251,MAT252,0.6038,LUBRICANTS
MAT251,MAT254,0.8,LUBRICANTS
MAT251,MAT271,1.0,LUBRICANTS
MAT251,MAT272,0.6038,LUBRICANTS
MAT251,MAT274,0.8,LUBRICANTS
MAT251,MAT291,1.0,LUBRICANTS
MAT251,MAT292,0.6038,LUBRICANTS
MAT251,MAT294,0.8,LUBRICANTS
MAT252,MAT271,0.6038,LUBRICANTS
MAT252,MAT272,1.0,LUBRICANTS
MAT252,MAT291,0.6038,LUBRICANTS
MAT252,MAT292,1.0,LUBRICANTS
MAT253,MAT254,0.8462,LUBRICANTS
MAT253,MAT273,1.0,LUBRICANTS
MAT253,MAT274,0.8462,LUBRICANTS
MAT253,MAT293,1.0,LUBRICANTS
MAT253,MAT294,0.8462,LUBRICANTS
MAT254,MAT271,0.8,LUBRICANTS
MAT254,MAT273,0.8462,LUBRICANTS
MAT254,MAT274,1.0,LUBRICANTS
MAT254,MAT291,0.8,LUBRICANTS
MAT254,MAT293,0.8462,LUBRICANTS
MAT254,MAT294,1.0,LUBRICANTS
MAT255,MAT256,0.902,CABLES
MAT255,MAT257,0.4923,CABLES
MAT255,MAT258,0.5283,CABLES
MAT255,MAT275,1.0,CABLES
MAT255,MAT276,0.902,CABLES
MAT255,MAT277,0.4923,CABLES
MAT255,MAT278,0.5283,CABLES
MAT255,MAT295,1.0,CABLES
MAT255,MAT296,0.902,CABLES
MAT255,MAT297,0.4923,CABLES
MAT255,MAT298,0.5283,CABLES
MAT256,MAT257,0.4857,CABLES
MAT256,MAT258,0.5172,CABLES
MAT256,MAT275,0.902,CABLES
MAT256,MAT276,1.0,CABLES
MAT256,MAT277,0.4857,CABLES
MAT256,MAT278,0.5172,CABLES
MAT256,MAT295,0.902,CABLES
MAT256,MAT296,1.0,CABLES
MAT256,MAT297,0.4857,CABLES
MAT256,MAT298,0.5172,CABLES
MAT257,MAT258,0.913,CABLES
MAT257,MAT275,0.4923,CABLES
MAT257,MAT276,0.4857,CABLES
MAT257,MAT277,1.0,CABLES
MAT257,MAT278,0.913,CABLES
MAT257,MAT295,0.4923,CABLES
MAT257,MAT296,0.4857,CABLES
MAT257,MAT297,1.0,CABLES
MAT257,MAT298,0.913,CABLES
MAT258,MAT275,0.5283,CABLES
MAT258,MAT276,0.5172,CABLES
MAT258,MAT277,0.913,CABLES
MAT258,MAT278,1.0,CABLES
MAT258,MAT295,0.5283,CABLES
MAT258,MAT296,0.5172,CABLES
MAT258,MAT297,0.913,CABLES
MAT258,MAT298,1.0,CABLES
MAT259,MAT260,0.8571,SAFETY
MAT259,MAT279,1.0,SAFETY
MAT259,MAT280,0.8571,SAFETY
MAT259,MAT299,1.0,SAFETY
MAT259,MAT300,0.8571,SAFETY
MAT260,MAT279,0.8571,SAFETY
MAT260,MAT280,1.0,SAFETY
MAT260,MAT299,0.8571,SAFETY
MAT260,MAT300,1.0,SAFETY
MAT261,MAT262,0.7042,FASTENERS
MAT261,MAT263,0.9286,FASTENERS
MAT261,MAT264,0.7879,FASTENERS
MAT261,MAT266,0.5,FASTENERS
MAT261,MAT281,1.0,FASTENERS
MAT261,MAT282,0.7042,FASTENERS
MAT261,MAT283,0.9286,FASTENERS
MAT261,MAT284,0.7879,FASTENERS
MAT261,MAT286,0.5,FASTENERS
MAT262,MAT263,0.5484,FASTENERS
MAT262,MAT264,0.75,FASTENERS
MAT262,MAT266,0.5763,FASTENERS
MAT262,MAT281,0.7042,FASTENERS
MAT262,MAT282,1.0,FASTENERS
MAT262,MAT283,0.5484,FASTENERS
MAT262,MAT284,0.75,FASTENERS
MAT262,MAT286,0.5763,FASTENERS
MAT263,MAT264,0.9189,FASTENERS
MAT263,MAT266,0.5614,FASTENERS
MAT263,MAT281,0.9286,FASTENERS
MAT263,MAT282,0.5484,FASTENERS
MAT263,MAT283,1.0,FASTENERS
MAT263,MAT284,0.9189,FASTENERS
MAT263,MAT286,0.5614,FASTENERS
MAT264,MAT265,0.4737,FASTENERS
MAT264,MAT266,0.6207,FASTENERS
MAT264,MAT281,0.7879,FASTENERS
MAT264,MAT282,0.75,FASTENERS
MAT264,MAT283,0.9189,FASTENERS
MAT264,MAT284,1.0,FASTENERS
MAT264,MAT285,0.4737,FASTENERS
MAT264,MAT286,0.6207,FASTENERS
MAT265,MAT266,0.7143,FASTENERS
MAT265,MAT284,0.4737,FASTENERS
MAT265,MAT285,1.0,FASTENERS
MAT265,MAT286,0.7143,FASTENERS
MAT266,MAT281,0.5,FASTENERS
MAT266,MAT282,0.5763,FASTENERS
MAT266,MAT283,0.5614,FASTENERS
MAT266,MAT284,0.6207,FASTENERS
MAT266,MAT285,0.7143,FASTENERS
MAT266,MAT286,1.0,FASTENERS
MAT267,MAT268,1.0,BEARINGS
MAT267,MAT269,0.75,BEARINGS
MAT267,MAT270,0.75,BEARINGS
MAT267,MAT287,1.0,BEARINGS
MAT267,MAT288,1.0,BEARINGS
MAT267,MAT289,0.75,BEARINGS
MAT267,MAT290,0.75,BEARINGS
MAT268,MAT269,0.6667,BEARINGS
MAT268,MAT270,0.6667,BEARINGS
MAT268,MAT287,1.0,BEARINGS
MAT268,MAT288,1.0,BEARINGS
MAT268,MAT289,0.6667,BEARINGS
MAT268,MAT290,0.6667,BEARINGS
MAT269,MAT270,0.68,BEARINGS
MAT269,MAT287,0.75,BEARINGS
MAT269,MAT288,0.6667,BEARINGS
MAT269,MAT289,1.0,BEARINGS
MAT269,MAT290,0.68,BEARINGS
MAT270,MAT287,0.75,BEARINGS
MAT270,MAT288,0.6667,BEARINGS
MAT270,MAT289,0.68,BEARINGS
MAT270,MAT290,1.0,BEARINGS
MAT271,MAT272,0.6038,LUBRICANTS
MAT271,MAT274,0.8,LUBRICANTS
MAT271,MAT291,1.0,LUBRICANTS
MAT271,MAT292,0.6038,LUBRICANTS
MAT271,MAT294,0.8,LUBRICANTS
MAT272,MAT291,0.6038,LUBRICANTS
MAT272,MAT292,1.0,LUBRICANTS
MAT273,MAT274,0.8462,LUBRICANTS
MAT273,MAT293,1.0,LUBRICANTS
MAT273,MAT294,0.8462,LUBRICANTS
MAT274,MAT291,0.8,LUBRICANTS
MAT274,MAT293,0.8462,LUBRICANTS
MAT274,MAT294,1.0,LUBRICANTS
MAT275,MAT276,0.902,CABLES
MAT275,MAT277,0.4923,CABLES
MAT275,MAT278,0.5283,CABLES
MAT275,MAT295,1.0,CABLES
MAT275,MAT296,0.902,CABLES
MAT275,MAT297,0.4923,CABLES
MAT275,MAT298,0.5283,CABLES
MAT276,MAT277,0.4857,CABLES
MAT276,MAT278,0.5172,CABLES
MAT276,MAT295,0.902,CABLES
MAT276,MAT296,1.0,CABLES
MAT276,MAT297,0.4857,CABLES
MAT276,MAT298,0.5172,CABLES
MAT277,MAT278,0.913,CABLES
MAT277,MAT295,0.4923,CABLES
MAT277,MAT296,0.4857,CABLES
MAT277,MAT297,1.0,CABLES
MAT277,MAT298,0.913,CABLES
MAT278,MAT295,0.5283,CABLES
MAT278,MAT296,0.5172,CABLES
MAT278,MAT297,0.913,CABLES
MAT278,MAT298,1.0,CABLES
MAT279,MAT280,0.8571,SAFETY
MAT279,MAT299,1.0,SAFETY
MAT279,MAT300,0.8571,SAFETY
MAT280,MAT299,0.8571,SAFETY
MAT280,MAT300,1.0,SAFETY
MAT281,MAT282,0.7042,FASTENERS
MAT281,MAT283,0.9286,FASTENERS
MAT281,MAT284,0.7879,FASTENERS
MAT281,MAT286,0.5,FASTENERS
MAT282,MAT283,0.5484,FASTENERS
MAT282,MAT284,0.75,FASTENERS
MAT282,MAT286,0.5763,FASTENERS
MAT283,MAT284,0.9189,FASTENERS
MAT283,MAT286,0.5614,FASTENERS
MAT284,MAT285,0.4737,FASTENERS
MAT284,MAT286,0.6207,FASTENERS
MAT285,MAT286,0.7143,FASTENERS
MAT287,MAT288,1.0,BEARINGS
MAT287,MAT289,0.75,BEARINGS
MAT287,MAT290,0.75,BEARINGS
MAT288,MAT289,0.6667,BEARINGS
MAT288,MAT290,0.6667,BEARINGS
MAT289,MAT290,0.68,BEARINGS
MAT291,MAT292,0.6038,LUBRICANTS
MAT291,MAT294,0.8,LUBRICANTS
MAT293,MAT294,0.8462,LUBRICANTS
MAT295,MAT296,0.902,CABLES
MAT295,MAT297,0.4923,CABLES
MAT295,MAT298,0.5283,CABLES
MAT296,MAT297,0.4857,CABLES
MAT296,MAT298,0.5172,CABLES
MAT297,MAT298,0.913,CABLES
MAT299,MAT300,0.8571,SAFETY
