material_id_a,material_id_b,match_confidence,candidate_rank,best_confidence,second_best_confidence,confidence_gap,ambiguity_flag,ambiguity_reason
MAT001,MAT002,0.7159,30,0.7976,0.0,0.7976,False,
MAT001,MAT003,0.7339,15,0.7976,0.0,0.7976,False,
MAT001,MAT004,0.6961,45,0.7976,0.0,0.7976,False,
MAT001,MAT006,0.4851,60,0.7976,0.0,0.7976,False,
MAT001,MAT021,0.7976,1,0.7976,0.0,0.7976,False,
MAT001,MAT022,0.7159,31,0.7976,0.0,0.7976,False,
MAT001,MAT023,0.7339,16,0.7976,0.0,0.7976,False,
MAT001,MAT024,0.6961,46,0.7976,0.0,0.7976,False,
MAT001,MAT026,0.4851,61,0.7976,0.0,0.7976,False,
MAT001,MAT041,0.7976,2,0.7976,0.0,0.7976,False,
MAT001,MAT042,0.7159,32,0.7976,0.0,0.7976,False,
MAT001,MAT043,0.7339,17,0.7976,0.0,0.7976,False,
MAT001,MAT044,0.6961,47,0.7976,0.0,0.7976,False,
MAT001,MAT046,0.4851,62,0.7976,0.0,0.7976,False,
MAT001,MAT061,0.7976,3,0.7976,0.0,0.7976,False,
MAT001,MAT062,0.7159,33,0.7976,0.0,0.7976,False,
MAT001,MAT063,0.7339,18,0.7976,0.0,0.7976,False,
MAT001,MAT064,0.6961,48,0.7976,0.0,0.7976,False,
MAT001,MAT066,0.4851,63,0.7976,0.0,0.7976,False,
MAT001,MAT081,0.7976,4,0.7976,0.0,0.7976,False,
MAT001,MAT082,0.7159,34,0.7976,0.0,0.7976,False,
MAT001,MAT083,0.7339,19,0.7976,0.0,0.7976,False,
MAT001,MAT084,0.6961,49,0.7976,0.0,0.7976,False,
MAT001,MAT086,0.4851,64,0.7976,0.0,0.7976,False,
MAT001,MAT101,0.7976,5,0.7976,0.0,0.7976,False,
MAT001,MAT102,0.7159,35,0.7976,0.0,0.7976,False,
MAT001,MAT103,0.7339,20,0.7976,0.0,0.7976,False,
MAT001,MAT104,0.6961,50,0.7976,0.0,0.7976,False,
MAT001,MAT106,0.4851,65,0.7976,0.0,0.7976,False,
MAT001,MAT121,0.7976,6,0.7976,0.0,0.7976,False,
MAT001,MAT122,0.7159,36,0.7976,0.0,0.7976,False,
MAT001,MAT123,0.7339,21,0.7976,0.0,0.7976,False,
MAT001,MAT124,0.6961,51,0.7976,0.0,0.7976,False,
MAT001,MAT126,0.4851,66,0.7976,0.0,0.7976,False,
MAT001,MAT141,0.7976,7,0.7976,0.0,0.7976,False,
MAT001,MAT142,0.7159,37,0.7976,0.0,0.7976,False,
MAT001,MAT143,0.7339,22,0.7976,0.0,0.7976,False,
MAT001,MAT144,0.6961,52,0.7976,0.0,0.7976,False,
MAT001,MAT146,0.4851,67,0.7976,0.0,0.7976,False,
MAT001,MAT161,0.7976,8,0.7976,0.0,0.7976,False,
MAT001,MAT162,0.7159,38,0.7976,0.0,0.7976,False,
MAT001,MAT163,0.7339,23,0.7976,0.0,0.7976,False,
MAT001,MAT164,0.6961,53,0.7976,0.0,0.7976,False,
MAT001,MAT166,0.4851,68,0.7976,0.0,0.7976,False,
MAT001,MAT181,0.7976,9,0.7976,0.0,0.7976,False,
MAT001,MAT182,0.7159,39,0.7976,0.0,0.7976,False,
MAT001,MAT183,0.7339,24,0.7976,0.0,0.7976,False,
MAT001,MAT184,0.6961,54,0.7976,0.0,0.7976,False,
MAT001,MAT186,0.4851,69,0.7976,0.0,0.7976,False,
MAT001,MAT201,0.7976,10,0.7976,0.0,0.7976,False,
MAT001,MAT202,0.7159,40,0.7976,0.0,0.7976,False,
MAT001,MAT203,0.7339,25,0.7976,0.0,0.7976,False,
MAT001,MAT204,0.6961,55,0.7976,0.0,0.7976,False,
MAT001,MAT206,0.4851,70,0.7976,0.0,0.7976,False,
MAT001,MAT221,0.7976,11,0.7976,0.0,0.7976,False,
MAT001,MAT222,0.7159,41,0.7976,0.0,0.7976,False,
MAT001,MAT223,0.7339,26,0.7976,0.0,0.7976,False,
MAT001,MAT224,0.6961,56,0.7976,0.0,0.7976,False,
MAT001,MAT226,0.4851,71,0.7976,0.0,0.7976,False,
MAT001,MAT241,0.7976,12,0.7976,0.0,0.7976,False,
MAT001,MAT242,0.7159,42,0.7976,0.0,0.7976,False,
MAT001,MAT243,0.7339,27,0.7976,0.0,0.7976,False,
MAT001,MAT244,0.6961,57,0.7976,0.0,0.7976,False,
MAT001,MAT246,0.4851,72,0.7976,0.0,0.7976,False,
MAT001,MAT261,0.7976,13,0.7976,0.0,0.7976,False,
MAT001,MAT262,0.7159,43,0.7976,0.0,0.7976,False,
MAT001,MAT263,0.7339,28,0.7976,0.0,0.7976,False,
MAT001,MAT264,0.6961,58,0.7976,0.0,0.7976,False,
MAT001,MAT266,0.4851,73,0.7976,0.0,0.7976,False,
MAT001,MAT281,0.7976,14,0.7976,0.0,0.7976,False,
MAT001,MAT282,0.7159,44,0.7976,0.0,0.7976,False,
MAT001,MAT283,0.7339,29,0.7976,0.0,0.7976,False,
MAT001,MAT284,0.6961,59,0.7976,0.0,0.7976,False,
MAT001,MAT286,0.4851,74,0.7976,0.0,0.7976,False,
MAT002,MAT003,0.6282,44,0.9232,0.0,0.9232,False,
MAT002,MAT004,0.8089,15,0.9232,0.0,0.9232,False,
MAT002,MAT006,0.5088,59,0.9232,0.0,0.9232,False,
MAT002,MAT021,0.7159,30,0.9232,0.0,0.9232,False,
MAT002,MAT022,0.9232,1,0.9232,0.0,0.9232,False,
MAT002,MAT023,0.6282,45,0.9232,0.0,0.9232,False,
MAT002,MAT024,0.8089,16,0.9232,0.0,0.9232,False,
MAT002,MAT026,0.5088,60,0.9232,0.0,0.9232,False,
MAT002,MAT041,0.7159,31,0.9232,0.0,0.9232,False,
MAT002,MAT042,0.9232,2,0.9232,0.0,0.9232,False,
MAT002,MAT043,0.6282,46,0.9232,0.0,0.9232,False,
MAT002,MAT044,0.8089,17,0.9232,0.0,0.9232,False,
MAT002,MAT046,0.5088,61,0.9232,0.0,0.9232,False,
MAT002,MAT061,0.7159,32,0.9232,0.0,0.9232,False,
MAT002,MAT062,0.9232,3,0.9232,0.0,0.9232,False,
MAT002,MAT063,0.6282,47,0.9232,0.0,0.9232,False,
MAT002,MAT064,0.8089,18,0.9232,0.0,0.9232,False,
MAT002,MAT066,0.5088,62,0.9232,0.0,0.9232,False,
MAT002,MAT081,0.7159,33,0.9232,0.0,0.9232,False,
MAT002,MAT082,0.9232,4,0.9232,0.0,0.9232,False,
MAT002,MAT083,0.6282,48,0.9232,0.0,0.9232,False,
MAT002,MAT084,0.8089,19,0.9232,0.0,0.9232,False,
MAT002,MAT086,0.5088,63,0.9232,0.0,0.9232,False,
MAT002,MAT101,0.7159,34,0.9232,0.0,0.9232,False,
MAT002,MAT102,0.9232,5,0.9232,0.0,0.9232,False,
MAT002,MAT103,0.6282,49,0.9232,0.0,0.9232,False,
MAT002,MAT104,0.8089,20,0.9232,0.0,0.9232,False,
MAT002,MAT106,0.5088,64,0.9232,0.0,0.9232,False,
MAT002,MAT121,0.7159,35,0.9232,0.0,0.9232,False,
MAT002,MAT122,0.9232,6,0.9232,0.0,0.9232,False,
MAT002,MAT123,0.6282,50,0.9232,0.0,0.9232,False,
MAT002,MAT124,0.8089,21,0.9232,0.0,0.9232,False,
MAT002,MAT126,0.5088,65,0.9232,0.0,0.9232,False,
MAT002,MAT141,0.7159,36,0.9232,0.0,0.9232,False,
MAT002,MAT142,0.9232,7,0.9232,0.0,0.9232,False,
MAT002,MAT143,0.6282,51,0.9232,0.0,0.9232,False,
MAT002,MAT144,0.8089,22,0.9232,0.0,0.9232,False,
MAT002,MAT146,0.5088,66,0.9232,0.0,0.9232,False,
MAT002,MAT161,0.7159,37,0.9232,0.0,0.9232,False,
MAT002,MAT162,0.9232,8,0.9232,0.0,0.9232,False,
MAT002,MAT163,0.6282,52,0.9232,0.0,0.9232,False,
MAT002,MAT164,0.8089,23,0.9232,0.0,0.9232,False,
MAT002,MAT166,0.5088,67,0.9232,0.0,0.9232,False,
MAT002,MAT181,0.7159,38,0.9232,0.0,0.9232,False,
MAT002,MAT182,0.9232,9,0.9232,0.0,0.9232,False,
MAT002,MAT183,0.6282,53,0.9232,0.0,0.9232,False,
MAT002,MAT184,0.8089,24,0.9232,0.0,0.9232,False,
MAT002,MAT186,0.5088,68,0.9232,0.0,0.9232,False,
MAT002,MAT201,0.7159,39,0.9232,0.0,0.9232,False,
MAT002,MAT202,0.9232,10,0.9232,0.0,0.9232,False,
MAT002,MAT203,0.6282,54,0.9232,0.0,0.9232,False,
MAT002,MAT204,0.8089,25,0.9232,0.0,0.9232,False,
MAT002,MAT206,0.5088,69,0.9232,0.0,0.9232,False,
MAT002,MAT221,0.7159,40,0.9232,0.0,0.9232,False,
MAT002,MAT222,0.9232,11,0.9232,0.0,0.9232,False,
MAT002,MAT223,0.6282,55,0.9232,0.0,0.9232,False,
MAT002,MAT224,0.8089,26,0.9232,0.0,0.9232,False,
MAT002,MAT226,0.5088,70,0.9232,0.0,0.9232,False,
MAT002,MAT241,0.7159,41,0.9232,0.0,0.9232,False,
MAT002,MAT242,0.9232,12,0.9232,0.0,0.9232,False,
MAT002,MAT243,0.6282,56,0.9232,0.0,0.9232,False,
MAT002,MAT244,0.8089,27,0.9232,0.0,0.9232,False,
MAT002,MAT246,0.5088,71,0.9232,0.0,0.9232,False,
MAT002,MAT261,0.7159,42,0.9232,0.0,0.9232,False,
MAT002,MAT262,0.9232,13,0.9232,0.0,0.9232,False,
MAT002,MAT263,0.6282,57,0.9232,0.0,0.9232,False,
MAT002,MAT264,0.8089,28,0.9232,0.0,0.9232,False,
MAT002,MAT266,0.5088,72,0.9232,0.0,0.9232,False,
MAT002,MAT281,0.7159,43,0.9232,0.0,0.9232,False,
MAT002,MAT282,0.9232,14,0.9232,0.0,0.9232,False,
MAT002,MAT283,0.6282,58,0.9232,0.0,0.9232,False,
MAT002,MAT284,0.8089,29,0.9232,0.0,0.9232,False,
MAT002,MAT286,0.5088,73,0.9232,0.0,0.9232,False,
MAT003,MAT004,0.7511,15,0.772,0.0,0.772,False,
MAT003,MAT006,0.4978,58,0.772,0.0,0.772,False,
MAT003,MAT021,0.7339,30,0.772,0.0,0.772,False,
MAT003,MAT022,0.6282,44,0.772,0.0,0.772,False,
MAT003,MAT023,0.772,1,0.772,0.0,0.772,False,
MAT003,MAT024,0.7511,16,0.772,0.0,0.772,False,
MAT003,MAT026,0.4978,59,0.772,0.0,0.772,False,
MAT003,MAT041,0.7339,31,0.772,0.0,0.772,False,
MAT003,MAT042,0.6282,45,0.772,0.0,0.772,False,
MAT003,MAT043,0.772,2,0.772,0.0,0.772,False,
MAT003,MAT044,0.7511,17,0.772,0.0,0.772,False,
MAT003,MAT046,0.4978,60,0.772,0.0,0.772,False,
MAT003,MAT061,0.7339,32,0.772,0.0,0.772,False,
MAT003,MAT062,0.6282,46,0.772,0.0,0.772,False,
MAT003,MAT063,0.772,3,0.772,0.0,0.772,False,
MAT003,MAT064,0.7511,18,0.772,0.0,0.772,False,
MAT003,MAT066,0.4978,61,0.772,0.0,0.772,False,
MAT003,MAT081,0.7339,33,0.772,0.0,0.772,False,
MAT003,MAT082,0.6282,47,0.772,0.0,0.772,False,
MAT003,MAT083,0.772,4,0.772,0.0,0.772,False,
MAT003,MAT084,0.7511,19,0.772,0.0,0.772,False,
MAT003,MAT086,0.4978,62,0.772,0.0,0.772,False,
MAT003,MAT101,0.7339,34,0.772,0.0,0.772,False,
MAT003,MAT102,0.6282,48,0.772,0.0,0.772,False,
MAT003,MAT103,0.772,5,0.772,0.0,0.772,False,
MAT003,MAT104,0.7511,20,0.772,0.0,0.772,False,
MAT003,MAT106,0.4978,63,0.772,0.0,0.772,False,
MAT003,MAT121,0.7339,35,0.772,0.0,0.772,False,
MAT003,MAT122,0.6282,49,0.772,0.0,0.772,False,
MAT003,MAT123,0.772,6,0.772,0.0,0.772,False,
MAT003,MAT124,0.7511,21,0.772,0.0,0.772,False,
MAT003,MAT126,0.4978,64,0.772,0.0,0.772,False,
MAT003,MAT141,0.7339,36,0.772,0.0,0.772,False,
MAT003,MAT142,0.6282,50,0.772,0.0,0.772,False,
MAT003,MAT143,0.772,7,0.772,0.0,0.772,False,
MAT003,MAT144,0.7511,22,0.772,0.0,0.772,False,
MAT003,MAT146,0.4978,65,0.772,0.0,0.772,False,
MAT003,MAT161,0.7339,37,0.772,0.0,0.772,False,
MAT003,MAT162,0.6282,51,0.772,0.0,0.772,False,
MAT003,MAT163,0.772,8,0.772,0.0,0.772,False,
MAT003,MAT164,0.7511,23,0.772,0.0,0.772,False,
MAT003,MAT166,0.4978,66,0.772,0.0,0.772,False,
MAT003,MAT181,0.7339,38,0.772,0.0,0.772,False,
MAT003,MAT182,0.6282,52,0.772,0.0,0.772,False,
MAT003,MAT183,0.772,9,0.772,0.0,0.772,False,
MAT003,MAT184,0.7511,24,0.772,0.0,0.772,False,
MAT003,MAT186,0.4978,67,0.772,0.0,0.772,False,
MAT003,MAT201,0.7339,39,0.772,0.0,0.772,False,
MAT003,MAT202,0.6282,53,0.772,0.0,0.772,False,
MAT003,MAT203,0.772,10,0.772,0.0,0.772,False,
MAT003,MAT204,0.7511,25,0.772,0.0,0.772,False,
MAT003,MAT206,0.4978,68,0.772,0.0,0.772,False,
MAT003,MAT221,0.7339,40,0.772,0.0,0.772,False,
MAT003,MAT222,0.6282,54,0.772,0.0,0.772,False,
MAT003,MAT223,0.772,11,0.772,0.0,0.772,False,
MAT003,MAT224,0.7511,26,0.772,0.0,0.772,False,
MAT003,MAT226,0.4978,69,0.772,0.0,0.772,False,
MAT003,MAT241,0.7339,41,0.772,0.0,0.772,False,
MAT003,MAT242,0.6282,55,0.772,0.0,0.772,False,
MAT003,MAT243,0.772,12,0.772,0.0,0.772,False,
MAT003,MAT244,0.7511,27,0.772,0.0,0.772,False,
MAT003,MAT246,0.4978,70,0.772,0.0,0.772,False,
MAT003,MAT261,0.7339,42,0.772,0.0,0.772,False,
MAT003,MAT262,0.6282,56,0.772,0.0,0.772,False,
MAT003,MAT263,0.772,13,0.772,0.0,0.772,False,
MAT003,MAT264,0.7511,28,0.772,0.0,0.772,False,
MAT003,MAT266,0.4978,71,0.772,0.0,0.772,False,
MAT003,MAT281,0.7339,43,0.772,0.0,0.772,False,
MAT003,MAT282,0.6282,57,0.772,0.0,0.772,False,
MAT003,MAT283,0.772,14,0.772,0.0,0.772,False,
MAT003,MAT284,0.7511,29,0.772,0.0,0.772,False,
MAT003,MAT286,0.4978,72,0.772,0.0,0.772,False,
MAT004,MAT005,0.4181,72,0.8976,0.0,0.8976,False,
MAT004,MAT006,0.5166,57,0.8976,0.0,0.8976,False,
MAT004,MAT021,0.6961,43,0.8976,0.0,0.8976,False,
MAT004,MAT022,0.8089,15,0.8976,0.0,0.8976,False,
MAT004,MAT023,0.7511,29,0.8976,0.0,0.8976,False,
MAT004,MAT024,0.8976,1,0.8976,0.0,0.8976,False,
MAT004,MAT025,0.4181,73,0.8976,0.0,0.8976,False,
MAT004,MAT026,0.5166,58,0.8976,0.0,0.8976,False,
MAT004,MAT041,0.6961,44,0.8976,0.0,0.8976,False,
MAT004,MAT042,0.8089,16,0.8976,0.0,0.8976,False,
MAT004,MAT043,0.7511,30,0.8976,0.0,0.8976,False,
MAT004,MAT044,0.8976,2,0.8976,0.0,0.8976,False,
MAT004,MAT045,0.4181,74,0.8976,0.0,0.8976,False,
MAT004,MAT046,0.5166,59,0.8976,0.0,0.8976,False,
MAT004,MAT061,0.6961,45,0.8976,0.0,0.8976,False,
MAT004,MAT062,0.8089,17,0.8976,0.0,0.8976,False,
MAT004,MAT063,0.7511,31,0.8976,0.0,0.8976,False,
MAT004,MAT064,0.8976,3,0.8976,0.0,0.8976,False,
MAT004,MAT065,0.4181,75,0.8976,0.0,0.8976,False,
MAT004,MAT066,0.5166,60,0.8976,0.0,0.8976,False,
MAT004,MAT081,0.6961,46,0.8976,0.0,0.8976,False,
MAT004,MAT082,0.8089,18,0.8976,0.0,0.8976,False,
MAT004,MAT083,0.7511,32,0.8976,0.0,0.8976,False,
MAT004,MAT084,0.8976,4,0.8976,0.0,0.8976,False,
MAT004,MAT085,0.4181,76,0.8976,0.0,0.8976,False,
MAT004,MAT086,0.5166,61,0.8976,0.0,0.8976,False,
MAT004,MAT101,0.6961,47,0.8976,0.0,0.8976,False,
MAT004,MAT102,0.8089,19,0.8976,0.0,0.8976,False,
MAT004,MAT103,0.7511,33,0.8976,0.0,0.8976,False,
MAT004,MAT104,0.8976,5,0.8976,0.0,0.8976,False,
MAT004,MAT105,0.4181,77,0.8976,0.0,0.8976,False,
MAT004,MAT106,0.5166,62,0.8976,0.0,0.8976,False,
MAT004,MAT121,0.6961,48,0.8976,0.0,0.8976,False,
MAT004,MAT122,0.8089,20,0.8976,0.0,0.8976,False,
MAT004,MAT123,0.7511,34,0.8976,0.0,0.8976,False,
MAT004,MAT124,0.8976,6,0.8976,0.0,0.8976,False,
MAT004,MAT125,0.4181,78,0.8976,0.0,0.8976,False,
MAT004,MAT126,0.5166,63,0.8976,0.0,0.8976,False,
MAT004,MAT141,0.6961,49,0.8976,0.0,0.8976,False,
MAT004,MAT142,0.8089,21,0.8976,0.0,0.8976,False,
MAT004,MAT143,0.7511,35,0.8976,0.0,0.8976,False,
MAT004,MAT144,0.8976,7,0.8976,0.0,0.8976,False,
MAT004,MAT145,0.4181,79,0.8976,0.0,0.8976,False,
MAT004,MAT146,0.5166,64,0.8976,0.0,0.8976,False,
MAT004,MAT161,0.6961,50,0.8976,0.0,0.8976,False,
MAT004,MAT162,0.8089,22,0.8976,0.0,0.8976,False,
MAT004,MAT163,0.7511,36,0.8976,0.0,0.8976,False,
MAT004,MAT164,0.8976,8,0.8976,0.0,0.8976,False,
MAT004,MAT165,0.4181,80,0.8976,0.0,0.8976,False,
MAT004,MAT166,0.5166,65,0.8976,0.0,0.8976,False,
MAT004,MAT181,0.6961,51,0.8976,0.0,0.8976,False,
MAT004,MAT182,0.8089,23,0.8976,0.0,0.8976,False,
MAT004,MAT183,0.7511,37,0.8976,0.0,0.8976,False,
MAT004,MAT184,0.8976,9,0.8976,0.0,0.8976,False,
MAT004,MAT185,0.4181,81,0.8976,0.0,0.8976,False,
MAT004,MAT186,0.5166,66,0.8976,0.0,0.8976,False,
MAT004,MAT201,0.6961,52,0.8976,0.0,0.8976,False,
MAT004,MAT202,0.8089,24,0.8976,0.0,0.8976,False,
MAT004,MAT203,0.7511,38,0.8976,0.0,0.8976,False,
MAT004,MAT204,0.8976,10,0.8976,0.0,0.8976,False,
MAT004,MAT205,0.4181,82,0.8976,0.0,0.8976,False,
MAT004,MAT206,0.5166,67,0.8976,0.0,0.8976,False,
MAT004,MAT221,0.6961,53,0.8976,0.0,0.8976,False,
MAT004,MAT222,0.8089,25,0.8976,0.0,0.8976,False,
MAT004,MAT223,0.7511,39,0.8976,0.0,0.8976,False,
MAT004,MAT224,0.8976,11,0.8976,0.0,0.8976,False,
MAT004,MAT225,0.4181,83,0.8976,0.0,0.8976,False,
MAT004,MAT226,0.5166,68,0.8976,0.0,0.8976,False,
MAT004,MAT241,0.6961,54,0.8976,0.0,0.8976,False,
MAT004,MAT242,0.8089,26,0.8976,0.0,0.8976,False,
MAT004,MAT243,0.7511,40,0.8976,0.0,0.8976,False,
MAT004,MAT244,0.8976,12,0.8976,0.0,0.8976,False,
MAT004,MAT245,0.4181,84,0.8976,0.0,0.8976,False,
MAT004,MAT246,0.5166,69,0.8976,0.0,0.8976,False,
MAT004,MAT261,0.6961,55,0.8976,0.0,0.8976,False,
MAT004,MAT262,0.8089,27,0.8976,0.0,0.8976,False,
MAT004,MAT263,0.7511,41,0.8976,0.0,0.8976,False,
MAT004,MAT264,0.8976,13,0.8976,0.0,0.8976,False,
MAT004,MAT265,0.4181,85,0.8976,0.0,0.8976,False,
MAT004,MAT266,0.5166,70,0.8976,0.0,0.8976,False,
MAT004,MAT281,0.6961,56,0.8976,0.0,0.8976,False,
MAT004,MAT282,0.8089,28,0.8976,0.0,0.8976,False,
MAT004,MAT283,0.7511,42,0.8976,0.0,0.8976,False,
MAT004,MAT284,0.8976,14,0.8976,0.0,0.8976,False,
MAT004,MAT285,0.4181,86,0.8976,0.0,0.8976,False,
MAT004,MAT286,0.5166,71,0.8976,0.0,0.8976,False,
MAT005,MAT006,0.6342,15,0.7131,0.0,0.7131,False,
MAT005,MAT024,0.4181,30,0.7131,0.0,0.7131,False,
MAT005,MAT025,0.7131,1,0.7131,0.0,0.7131,False,
MAT005,MAT026,0.6342,16,0.7131,0.0,0.7131,False,
MAT005,MAT044,0.4181,31,0.7131,0.0,0.7131,False,
MAT005,MAT045,0.7131,2,0.7131,0.0,0.7131,False,
MAT005,MAT046,0.6342,17,0.7131,0.0,0.7131,False,
MAT005,MAT064,0.4181,32,0.7131,0.0,0.7131,False,
MAT005,MAT065,0.7131,3,0.7131,0.0,0.7131,False,
MAT005,MAT066,0.6342,18,0.7131,0.0,0.7131,False,
MAT005,MAT084,0.4181,33,0.7131,0.0,0.7131,False,
MAT005,MAT085,0.7131,4,0.7131,0.0,0.7131,False,
MAT005,MAT086,0.6342,19,0.7131,0.0,0.7131,False,
MAT005,MAT104,0.4181,34,0.7131,0.0,0.7131,False,
MAT005,MAT105,0.7131,5,0.7131,0.0,0.7131,False,
MAT005,MAT106,0.6342,20,0.7131,0.0,0.7131,False,
MAT005,MAT124,0.4181,35,0.7131,0.0,0.7131,False,
MAT005,MAT125,0.7131,6,0.7131,0.0,0.7131,False,
MAT005,MAT126,0.6342,21,0.7131,0.0,0.7131,False,
MAT005,MAT144,0.4181,36,0.7131,0.0,0.7131,False,
MAT005,MAT145,0.7131,7,0.7131,0.0,0.7131,False,
MAT005,MAT146,0.6342,22,0.7131,0.0,0.7131,False,
MAT005,MAT164,0.4181,37,0.7131,0.0,0.7131,False,
MAT005,MAT165,0.7131,8,0.7131,0.0,0.7131,False,
MAT005,MAT166,0.6342,23,0.7131,0.0,0.7131,False,
MAT005,MAT184,0.4181,38,0.7131,0.0,0.7131,False,
MAT005,MAT185,0.7131,9,0.7131,0.0,0.7131,False,
MAT005,MAT186,0.6342,24,0.7131,0.0,0.7131,False,
MAT005,MAT204,0.4181,39,0.7131,0.0,0.7131,False,
MAT005,MAT205,0.7131,10,0.7131,0.0,0.7131,False,
MAT005,MAT206,0.6342,25,0.7131,0.0,0.7131,False,
MAT005,MAT224,0.4181,40,0.7131,0.0,0.7131,False,
MAT005,MAT225,0.7131,11,0.7131,0.0,0.7131,False,
MAT005,MAT226,0.6342,26,0.7131,0.0,0.7131,False,
MAT005,MAT244,0.4181,41,0.7131,0.0,0.7131,False,
MAT005,MAT245,0.7131,12,0.7131,0.0,0.7131,False,
MAT005,MAT246,0.6342,27,0.7131,0.0,0.7131,False,
MAT005,MAT264,0.4181,42,0.7131,0.0,0.7131,False,
MAT005,MAT265,0.7131,13,0.7131,0.0,0.7131,False,
MAT005,MAT266,0.6342,28,0.7131,0.0,0.7131,False,
MAT005,MAT284,0.4181,43,0.7131,0.0,0.7131,False,
MAT005,MAT285,0.7131,14,0.7131,0.0,0.7131,False,
MAT005,MAT286,0.6342,29,0.7131,0.0,0.7131,False,
MAT006,MAT021,0.4851,71,0.772,0.0,0.772,False,
MAT006,MAT022,0.5088,43,0.772,0.0,0.772,False,
MAT006,MAT023,0.4978,57,0.772,0.0,0.772,False,
MAT006,MAT024,0.5166,29,0.772,0.0,0.772,False,
MAT006,MAT025,0.6342,15,0.772,0.0,0.772,False,
MAT006,MAT026,0.772,1,0.772,0.0,0.772,False,
MAT006,MAT041,0.4851,72,0.772,0.0,0.772,False,
MAT006,MAT042,0.5088,44,0.772,0.0,0.772,False,
MAT006,MAT043,0.4978,58,0.772,0.0,0.772,False,
MAT006,MAT044,0.5166,30,0.772,0.0,0.772,False,
MAT006,MAT045,0.6342,16,0.772,0.0,0.772,False,
MAT006,MAT046,0.772,2,0.772,0.0,0.772,False,
MAT006,MAT061,0.4851,73,0.772,0.0,0.772,False,
MAT006,MAT062,0.5088,45,0.772,0.0,0.772,False,
MAT006,MAT063,0.4978,59,0.772,0.0,0.772,False,
MAT006,MAT064,0.5166,31,0.772,0.0,0.772,False,
MAT006,MAT065,0.6342,17,0.772,0.0,0.772,False,
MAT006,MAT066,0.772,3,0.772,0.0,0.772,False,
MAT006,MAT081,0.4851,74,0.772,0.0,0.772,False,
MAT006,MAT082,0.5088,46,0.772,0.0,0.772,False,
MAT006,MAT083,0.4978,60,0.772,0.0,0.772,False,
MAT006,MAT084,0.5166,32,0.772,0.0,0.772,False,
MAT006,MAT085,0.6342,18,0.772,0.0,0.772,False,
MAT006,MAT086,0.772,4,0.772,0.0,0.772,False,
MAT006,MAT101,0.4851,75,0.772,0.0,0.772,False,
MAT006,MAT102,0.5088,47,0.772,0.0,0.772,False,
MAT006,MAT103,0.4978,61,0.772,0.0,0.772,False,
MAT006,MAT104,0.5166,33,0.772,0.0,0.772,False,
MAT006,MAT105,0.6342,19,0.772,0.0,0.772,False,
MAT006,MAT106,0.772,5,0.772,0.0,0.772,False,
MAT006,MAT121,0.4851,76,0.772,0.0,0.772,False,
MAT006,MAT122,0.5088,48,0.772,0.0,0.772,False,
MAT006,MAT123,0.4978,62,0.772,0.0,0.772,False,
MAT006,MAT124,0.5166,34,0.772,0.0,0.772,False,
MAT006,MAT125,0.6342,20,0.772,0.0,0.772,False,
MAT006,MAT126,0.772,6,0.772,0.0,0.772,False,
MAT006,MAT141,0.4851,77,0.772,0.0,0.772,False,
MAT006,MAT142,0.5088,49,0.772,0.0,0.772,False,
MAT006,MAT143,0.4978,63,0.772,0.0,0.772,False,
MAT006,MAT144,0.5166,35,0.772,0.0,0.772,False,
MAT006,MAT145,0.6342,21,0.772,0.0,0.772,False,
MAT006,MAT146,0.772,7,0.772,0.0,0.772,False,
MAT006,MAT161,0.4851,78,0.772,0.0,0.772,False,
MAT006,MAT162,0.5088,50,0.772,0.0,0.772,False,
MAT006,MAT163,0.4978,64,0.772,0.0,0.772,False,
MAT006,MAT164,0.5166,36,0.772,0.0,0.772,False,
MAT006,MAT165,0.6342,22,0.772,0.0,0.772,False,
MAT006,MAT166,0.772,8,0.772,0.0,0.772,False,
MAT006,MAT181,0.4851,79,0.772,0.0,0.772,False,
MAT006,MAT182,0.5088,51,0.772,0.0,0.772,False,
MAT006,MAT183,0.4978,65,0.772,0.0,0.772,False,
MAT006,MAT184,0.5166,37,0.772,0.0,0.772,False,
MAT006,MAT185,0.6342,23,0.772,0.0,0.772,False,
MAT006,MAT186,0.772,9,0.772,0.0,0.772,False,
MAT006,MAT201,0.4851,80,0.772,0.0,0.772,False,
MAT006,MAT202,0.5088,52,0.772,0.0,0.772,False,
MAT006,MAT203,0.4978,66,0.772,0.0,0.772,False,
MAT006,MAT204,0.5166,38,0.772,0.0,0.772,False,
MAT006,MAT205,0.6342,24,0.772,0.0,0.772,False,
MAT006,MAT206,0.772,10,0.772,0.0,0.772,False,
MAT006,MAT221,0.4851,81,0.772,0.0,0.772,False,
MAT006,MAT222,0.5088,53,0.772,0.0,0.772,False,
MAT006,MAT223,0.4978,67,0.772,0.0,0.772,False,
MAT006,MAT224,0.5166,39,0.772,0.0,0.772,False,
MAT006,MAT225,0.6342,25,0.772,0.0,0.772,False,
MAT006,MAT226,0.772,11,0.772,0.0,0.772,False,
MAT006,MAT241,0.4851,82,0.772,0.0,0.772,False,
MAT006,MAT242,0.5088,54,0.772,0.0,0.772,False,
MAT006,MAT243,0.4978,68,0.772,0.0,0.772,False,
MAT006,MAT244,0.5166,40,0.772,0.0,0.772,False,
MAT006,MAT245,0.6342,26,0.772,0.0,0.772,False,
MAT006,MAT246,0.772,12,0.772,0.0,0.772,False,
MAT006,MAT261,0.4851,83,0.772,0.0,0.772,False,
MAT006,MAT262,0.5088,55,0.772,0.0,0.772,False,
MAT006,MAT263,0.4978,69,0.772,0.0,0.772,False,
MAT006,MAT264,0.5166,41,0.772,0.0,0.772,False,
MAT006,MAT265,0.6342,27,0.772,0.0,0.772,False,
MAT006,MAT266,0.772,13,0.772,0.0,0.772,False,
MAT006,MAT281,0.4851,84,0.772,0.0,0.772,False,
MAT006,MAT282,0.5088,56,0.772,0.0,0.772,False,
MAT006,MAT283,0.4978,70,0.772,0.0,0.772,False,
MAT006,MAT284,0.5166,42,0.772,0.0,0.772,False,
MAT006,MAT285,0.6342,28,0.772,0.0,0.772,False,
MAT006,MAT286,0.772,14,0.772,0.0,0.772,False,
MAT007,MAT008,0.8131,1,0.8131,0.0,0.8131,False,
MAT007,MAT009,0.2442,45,0.8131,0.0,0.8131,False,
MAT007,MAT010,0.4921,30,0.8131,0.0,0.8131,False,
MAT007,MAT027,0.8131,2,0.8131,0.0,0.8131,False,
MAT007,MAT028,0.8131,3,0.8131,0.0,0.8131,False,
MAT007,MAT029,0.2442,46,0.8131,0.0,0.8131,False,
MAT007,MAT030,0.4921,31,0.8131,0.0,0.8131,False,
MAT007,MAT047,0.8131,4,0.8131,0.0,0.8131,False,
MAT007,MAT048,0.8131,5,0.8131,0.0,0.8131,False,
MAT007,MAT049,0.2442,47,0.8131,0.0,0.8131,False,
MAT007,MAT050,0.4921,32,0.8131,0.0,0.8131,False,
MAT007,MAT067,0.8131,6,0.8131,0.0,0.8131,False,
MAT007,MAT068,0.8131,7,0.8131,0.0,0.8131,False,
MAT007,MAT069,0.2442,48,0.8131,0.0,0.8131,False,
MAT007,MAT070,0.4921,33,0.8131,0.0,0.8131,False,
MAT007,MAT087,0.8131,8,0.8131,0.0,0.8131,False,
MAT007,MAT088,0.8131,9,0.8131,0.0,0.8131,False,
MAT007,MAT089,0.2442,49,0.8131,0.0,0.8131,False,
MAT007,MAT090,0.4921,34,0.8131,0.0,0.8131,False,
MAT007,MAT107,0.8131,10,0.8131,0.0,0.8131,False,
MAT007,MAT108,0.8131,11,0.8131,0.0,0.8131,False,
MAT007,MAT109,0.2442,50,0.8131,0.0,0.8131,False,
MAT007,MAT110,0.4921,35,0.8131,0.0,0.8131,False,
MAT007,MAT127,0.8131,12,0.8131,0.0,0.8131,False,
MAT007,MAT128,0.8131,13,0.8131,0.0,0.8131,False,
MAT007,MAT129,0.2442,51,0.8131,0.0,0.8131,False,
MAT007,MAT130,0.4921,36,0.8131,0.0,0.8131,False,
MAT007,MAT147,0.8131,14,0.8131,0.0,0.8131,False,
MAT007,MAT148,0.8131,15,0.8131,0.0,0.8131,False,
MAT007,MAT149,0.2442,52,0.8131,0.0,0.8131,False,
MAT007,MAT150,0.4921,37,0.8131,0.0,0.8131,False,
MAT007,MAT167,0.8131,16,0.8131,0.0,0.8131,False,
MAT007,MAT168,0.8131,17,0.8131,0.0,0.8131,False,
MAT007,MAT169,0.2442,53,0.8131,0.0,0.8131,False,
MAT007,MAT170,0.4921,38,0.8131,0.0,0.8131,False,
MAT007,MAT187,0.8131,18,0.8131,0.0,0.8131,False,
MAT007,MAT188,0.8131,19,0.8131,0.0,0.8131,False,
MAT007,MAT189,0.2442,54,0.8131,0.0,0.8131,False,
MAT007,MAT190,0.4921,39,0.8131,0.0,0.8131,False,
MAT007,MAT207,0.8131,20,0.8131,0.0,0.8131,False,
MAT007,MAT208,0.8131,21,0.8131,0.0,0.8131,False,
MAT007,MAT209,0.2442,55,0.8131,0.0,0.8131,False,
MAT007,MAT210,0.4921,40,0.8131,0.0,0.8131,False,
MAT007,MAT227,0.8131,22,0.8131,0.0,0.8131,False,
MAT007,MAT228,0.8131,23,0.8131,0.0,0.8131,False,
MAT007,MAT229,0.2442,56,0.8131,0.0,0.8131,False,
MAT007,MAT230,0.4921,41,0.8131,0.0,0.8131,False,
MAT007,MAT247,0.8131,24,0.8131,0.0,0.8131,False,
MAT007,MAT248,0.8131,25,0.8131,0.0,0.8131,False,
MAT007,MAT249,0.2442,57,0.8131,0.0,0.8131,False,
MAT007,MAT250,0.4921,42,0.8131,0.0,0.8131,False,
MAT007,MAT267,0.8131,26,0.8131,0.0,0.8131,False,
MAT007,MAT268,0.8131,27,0.8131,0.0,0.8131,False,
MAT007,MAT269,0.2442,58,0.8131,0.0,0.8131,False,
MAT007,MAT270,0.4921,43,0.8131,0.0,0.8131,False,
MAT007,MAT287,0.8131,28,0.8131,0.0,0.8131,False,
MAT007,MAT288,0.8131,29,0.8131,0.0,0.8131,False,
MAT007,MAT289,0.2442,59,0.8131,0.0,0.8131,False,
MAT007,MAT290,0.4921,44,0.8131,0.0,0.8131,False,
MAT008,MAT009,0.2206,44,0.8131,0.0,0.8131,False,
MAT008,MAT010,0.4685,29,0.8131,0.0,0.8131,False,
MAT008,MAT027,0.8131,1,0.8131,0.0,0.8131,False,
MAT008,MAT028,0.8131,2,0.8131,0.0,0.8131,False,
MAT008,MAT029,0.2206,45,0.8131,0.0,0.8131,False,
MAT008,MAT030,0.4685,30,0.8131,0.0,0.8131,False,
MAT008,MAT047,0.8131,3,0.8131,0.0,0.8131,False,
MAT008,MAT048,0.8131,4,0.8131,0.0,0.8131,False,
MAT008,MAT049,0.2206,46,0.8131,0.0,0.8131,False,
MAT008,MAT050,0.4685,31,0.8131,0.0,0.8131,False,
MAT008,MAT067,0.8131,5,0.8131,0.0,0.8131,False,
MAT008,MAT068,0.8131,6,0.8131,0.0,0.8131,False,
MAT008,MAT069,0.2206,47,0.8131,0.0,0.8131,False,
MAT008,MAT070,0.4685,32,0.8131,0.0,0.8131,False,
MAT008,MAT087,0.8131,7,0.8131,0.0,0.8131,False,
MAT008,MAT088,0.8131,8,0.8131,0.0,0.8131,False,
MAT008,MAT089,0.2206,48,0.8131,0.0,0.8131,False,
MAT008,MAT090,0.4685,33,0.8131,0.0,0.8131,False,
MAT008,MAT107,0.8131,9,0.8131,0.0,0.8131,False,
MAT008,MAT108,0.8131,10,0.8131,0.0,0.8131,False,
MAT008,MAT109,0.2206,49,0.8131,0.0,0.8131,False,
MAT008,MAT110,0.4685,34,0.8131,0.0,0.8131,False,
MAT008,MAT127,0.8131,11,0.8131,0.0,0.8131,False,
MAT008,MAT128,0.8131,12,0.8131,0.0,0.8131,False,
MAT008,MAT129,0.2206,50,0.8131,0.0,0.8131,False,
MAT008,MAT130,0.4685,35,0.8131,0.0,0.8131,False,
MAT008,MAT147,0.8131,13,0.8131,0.0,0.8131,False,
MAT008,MAT148,0.8131,14,0.8131,0.0,0.8131,False,
MAT008,MAT149,0.2206,51,0.8131,0.0,0.8131,False,
MAT008,MAT150,0.4685,36,0.8131,0.0,0.8131,False,
MAT008,MAT167,0.8131,15,0.8131,0.0,0.8131,False,
MAT008,MAT168,0.8131,16,0.8131,0.0,0.8131,False,
MAT008,MAT169,0.2206,52,0.8131,0.0,0.8131,False,
MAT008,MAT170,0.4685,37,0.8131,0.0,0.8131,False,
MAT008,MAT187,0.8131,17,0.8131,0.0,0.8131,False,
MAT008,MAT188,0.8131,18,0.8131,0.0,0.8131,False,
MAT008,MAT189,0.2206,53,0.8131,0.0,0.8131,False,
MAT008,MAT190,0.4685,38,0.8131,0.0,0.8131,False,
MAT008,MAT207,0.8131,19,0.8131,0.0,0.8131,False,
MAT008,MAT208,0.8131,20,0.8131,0.0,0.8131,False,
MAT008,MAT209,0.2206,54,0.8131,0.0,0.8131,False,
MAT008,MAT210,0.4685,39,0.8131,0.0,0.8131,False,
MAT008,MAT227,0.8131,21,0.8131,0.0,0.8131,False,
MAT008,MAT228,0.8131,22,0.8131,0.0,0.8131,False,
MAT008,MAT229,0.2206,55,0.8131,0.0,0.8131,False,
MAT008,MAT230,0.4685,40,0.8131,0.0,0.8131,False,
MAT008,MAT247,0.8131,23,0.8131,0.0,0.8131,False,
MAT008,MAT248,0.8131,24,0.8131,0.0,0.8131,False,
MAT008,MAT249,0.2206,56,0.8131,0.0,0.8131,False,
MAT008,MAT250,0.4685,41,0.8131,0.0,0.8131,False,
MAT008,MAT267,0.8131,25,0.8131,0.0,0.8131,False,
MAT008,MAT268,0.8131,26,0.8131,0.0,0.8131,False,
MAT008,MAT269,0.2206,57,0.8131,0.0,0.8131,False,
MAT008,MAT270,0.4685,42,0.8131,0.0,0.8131,False,
MAT008,MAT287,0.8131,27,0.8131,0.0,0.8131,False,
MAT008,MAT288,0.8131,28,0.8131,0.0,0.8131,False,
MAT008,MAT289,0.2206,58,0.8131,0.0,0.8131,False,
MAT008,MAT290,0.4685,43,0.8131,0.0,0.8131,False,
MAT009,MAT010,0.5989,15,0.8131,0.0,0.8131,False,
MAT009,MAT027,0.2442,30,0.8131,0.0,0.8131,False,
MAT009,MAT028,0.2206,44,0.8131,0.0,0.8131,False,
MAT009,MAT029,0.8131,1,0.8131,0.0,0.8131,False,
MAT009,MAT030,0.5989,16,0.8131,0.0,0.8131,False,
MAT009,MAT047,0.2442,31,0.8131,0.0,0.8131,False,
MAT009,MAT048,0.2206,45,0.8131,0.0,0.8131,False,
MAT009,MAT049,0.8131,2,0.8131,0.0,0.8131,False,
MAT009,MAT050,0.5989,17,0.8131,0.0,0.8131,False,
MAT009,MAT067,0.2442,32,0.8131,0.0,0.8131,False,
MAT009,MAT068,0.2206,46,0.8131,0.0,0.8131,False,
MAT009,MAT069,0.8131,3,0.8131,0.0,0.8131,False,
MAT009,MAT070,0.5989,18,0.8131,0.0,0.8131,False,
MAT009,MAT087,0.2442,33,0.8131,0.0,0.8131,False,
MAT009,MAT088,0.2206,47,0.8131,0.0,0.8131,False,
MAT009,MAT089,0.8131,4,0.8131,0.0,0.8131,False,
MAT009,MAT090,0.5989,19,0.8131,0.0,0.8131,False,
MAT009,MAT107,0.2442,34,0.8131,0.0,0.8131,False,
MAT009,MAT108,0.2206,48,0.8131,0.0,0.8131,False,
MAT009,MAT109,0.8131,5,0.8131,0.0,0.8131,False,
MAT009,MAT110,0.5989,20,0.8131,0.0,0.8131,False,
MAT009,MAT127,0.2442,35,0.8131,0.0,0.8131,False,
MAT009,MAT128,0.2206,49,0.8131,0.0,0.8131,False,
MAT009,MAT129,0.8131,6,0.8131,0.0,0.8131,False,
MAT009,MAT130,0.5989,21,0.8131,0.0,0.8131,False,
MAT009,MAT147,0.2442,36,0.8131,0.0,0.8131,False,
MAT009,MAT148,0.2206,50,0.8131,0.0,0.8131,False,
MAT009,MAT149,0.8131,7,0.8131,0.0,0.8131,False,
MAT009,MAT150,0.5989,22,0.8131,0.0,0.8131,False,
MAT009,MAT167,0.2442,37,0.8131,0.0,0.8131,False,
MAT009,MAT168,0.2206,51,0.8131,0.0,0.8131,False,
MAT009,MAT169,0.8131,8,0.8131,0.0,0.8131,False,
MAT009,MAT170,0.5989,23,0.8131,0.0,0.8131,False,
MAT009,MAT187,0.2442,38,0.8131,0.0,0.8131,False,
MAT009,MAT188,0.2206,52,0.8131,0.0,0.8131,False,
MAT009,MAT189,0.8131,9,0.8131,0.0,0.8131,False,
MAT009,MAT190,0.5989,24,0.8131,0.0,0.8131,False,
MAT009,MAT207,0.2442,39,0.8131,0.0,0.8131,False,
MAT009,MAT208,0.2206,53,0.8131,0.0,0.8131,False,
MAT009,MAT209,0.8131,10,0.8131,0.0,0.8131,False,
MAT009,MAT210,0.5989,25,0.8131,0.0,0.8131,False,
MAT009,MAT227,0.2442,40,0.8131,0.0,0.8131,False,
MAT009,MAT228,0.2206,54,0.8131,0.0,0.8131,False,
MAT009,MAT229,0.8131,11,0.8131,0.0,0.8131,False,
MAT009,MAT230,0.5989,26,0.8131,0.0,0.8131,False,
MAT009,MAT247,0.2442,41,0.8131,0.0,0.8131,False,
MAT009,MAT248,0.2206,55,0.8131,0.0,0.8131,False,
MAT009,MAT249,0.8131,12,0.8131,0.0,0.8131,False,
MAT009,MAT250,0.5989,27,0.8131,0.0,0.8131,False,
MAT009,MAT267,0.2442,42,0.8131,0.0,0.8131,False,
MAT009,MAT268,0.2206,56,0.8131,0.0,0.8131,False,
MAT009,MAT269,0.8131,13,0.8131,0.0,0.8131,False,
MAT009,MAT270,0.5989,28,0.8131,0.0,0.8131,False,
MAT009,MAT287,0.2442,43,0.8131,0.0,0.8131,False,
MAT009,MAT288,0.2206,57,0.8131,0.0,0.8131,False,
MAT009,MAT289,0.8131,14,0.8131,0.0,0.8131,False,
MAT009,MAT290,0.5989,29,0.8131,0.0,0.8131,False,
MAT010,MAT027,0.4921,29,0.6875,0.0,0.6875,False,
MAT010,MAT028,0.4685,43,0.6875,0.0,0.6875,False,
MAT010,MAT029,0.5989,15,0.6875,0.0,0.6875,False,
MAT010,MAT030,0.6875,1,0.6875,0.0,0.6875,False,
MAT010,MAT047,0.4921,30,0.6875,0.0,0.6875,False,
MAT010,MAT048,0.4685,44,0.6875,0.0,0.6875,False,
MAT010,MAT049,0.5989,16,0.6875,0.0,0.6875,False,
MAT010,MAT050,0.6875,2,0.6875,0.0,0.6875,False,
MAT010,MAT067,0.4921,31,0.6875,0.0,0.6875,False,
MAT010,MAT068,0.4685,45,0.6875,0.0,0.6875,False,
MAT010,MAT069,0.5989,17,0.6875,0.0,0.6875,False,
MAT010,MAT070,0.6875,3,0.6875,0.0,0.6875,False,
MAT010,MAT087,0.4921,32,0.6875,0.0,0.6875,False,
MAT010,MAT088,0.4685,46,0.6875,0.0,0.6875,False,
MAT010,MAT089,0.5989,18,0.6875,0.0,0.6875,False,
MAT010,MAT090,0.6875,4,0.6875,0.0,0.6875,False,
MAT010,MAT107,0.4921,33,0.6875,0.0,0.6875,False,
MAT010,MAT108,0.4685,47,0.6875,0.0,0.6875,False,
MAT010,MAT109,0.5989,19,0.6875,0.0,0.6875,False,
MAT010,MAT110,0.6875,5,0.6875,0.0,0.6875,False,
MAT010,MAT127,0.4921,34,0.6875,0.0,0.6875,False,
MAT010,MAT128,0.4685,48,0.6875,0.0,0.6875,False,
MAT010,MAT129,0.5989,20,0.6875,0.0,0.6875,False,
MAT010,MAT130,0.6875,6,0.6875,0.0,0.6875,False,
MAT010,MAT147,0.4921,35,0.6875,0.0,0.6875,False,
MAT010,MAT148,0.4685,49,0.6875,0.0,0.6875,False,
MAT010,MAT149,0.5989,21,0.6875,0.0,0.6875,False,
MAT010,MAT150,0.6875,7,0.6875,0.0,0.6875,False,
MAT010,MAT167,0.4921,36,0.6875,0.0,0.6875,False,
MAT010,MAT168,0.4685,50,0.6875,0.0,0.6875,False,
MAT010,MAT169,0.5989,22,0.6875,0.0,0.6875,False,
MAT010,MAT170,0.6875,8,0.6875,0.0,0.6875,False,
MAT010,MAT187,0.4921,37,0.6875,0.0,0.6875,False,
MAT010,MAT188,0.4685,51,0.6875,0.0,0.6875,False,
MAT010,MAT189,0.5989,23,0.6875,0.0,0.6875,False,
MAT010,MAT190,0.6875,9,0.6875,0.0,0.6875,False,
MAT010,MAT207,0.4921,38,0.6875,0.0,0.6875,False,
MAT010,MAT208,0.4685,52,0.6875,0.0,0.6875,False,
MAT010,MAT209,0.5989,24,0.6875,0.0,0.6875,False,
MAT010,MAT210,0.6875,10,0.6875,0.0,0.6875,False,
MAT010,MAT227,0.4921,39,0.6875,0.0,0.6875,False,
MAT010,MAT228,0.4685,53,0.6875,0.0,0.6875,False,
MAT010,MAT229,0.5989,25,0.6875,0.0,0.6875,False,
MAT010,MAT230,0.6875,11,0.6875,0.0,0.6875,False,
MAT010,MAT247,0.4921,40,0.6875,0.0,0.6875,False,
MAT010,MAT248,0.4685,54,0.6875,0.0,0.6875,False,
MAT010,MAT249,0.5989,26,0.6875,0.0,0.6875,False,
MAT010,MAT250,0.6875,12,0.6875,0.0,0.6875,False,
MAT010,MAT267,0.4921,41,0.6875,0.0,0.6875,False,
MAT010,MAT268,0.4685,55,0.6875,0.0,0.6875,False,
MAT010,MAT269,0.5989,27,0.6875,0.0,0.6875,False,
MAT010,MAT270,0.6875,13,0.6875,0.0,0.6875,False,
MAT010,MAT287,0.4921,42,0.6875,0.0,0.6875,False,
MAT010,MAT288,0.4685,56,0.6875,0.0,0.6875,False,
MAT010,MAT289,0.5989,28,0.6875,0.0,0.6875,False,
MAT010,MAT290,0.6875,14,0.6875,0.0,0.6875,False,
MAT011,MAT012,0.7008,15,0.8131,0.0,0.8131,False,
MAT011,MAT014,0.2852,30,0.8131,0.0,0.8131,False,
MAT011,MAT031,0.8131,1,0.8131,0.0,0.8131,False,
MAT011,MAT032,0.7008,16,0.8131,0.0,0.8131,False,
MAT011,MAT034,0.2852,31,0.8131,0.0,0.8131,False,
MAT011,MAT051,0.8131,2,0.8131,0.0,0.8131,False,
MAT011,MAT052,0.7008,17,0.8131,0.0,0.8131,False,
MAT011,MAT054,0.2852,32,0.8131,0.0,0.8131,False,
MAT011,MAT071,0.8131,3,0.8131,0.0,0.8131,False,
MAT011,MAT072,0.7008,18,0.8131,0.0,0.8131,False,
MAT011,MAT074,0.2852,33,0.8131,0.0,0.8131,False,
MAT011,MAT091,0.8131,4,0.8131,0.0,0.8131,False,
MAT011,MAT092,0.7008,19,0.8131,0.0,0.8131,False,
MAT011,MAT094,0.2852,34,0.8131,0.0,0.8131,False,
MAT011,MAT111,0.8131,5,0.8131,0.0,0.8131,False,
MAT011,MAT112,0.7008,20,0.8131,0.0,0.8131,False,
MAT011,MAT114,0.2852,35,0.8131,0.0,0.8131,False,
MAT011,MAT131,0.8131,6,0.8131,0.0,0.8131,False,
MAT011,MAT132,0.7008,21,0.8131,0.0,0.8131,False,
MAT011,MAT134,0.2852,36,0.8131,0.0,0.8131,False,
MAT011,MAT151,0.8131,7,0.8131,0.0,0.8131,False,
MAT011,MAT152,0.7008,22,0.8131,0.0,0.8131,False,
MAT011,MAT154,0.2852,37,0.8131,0.0,0.8131,False,
MAT011,MAT171,0.8131,8,0.8131,0.0,0.8131,False,
MAT011,MAT172,0.7008,23,0.8131,0.0,0.8131,False,
MAT011,MAT174,0.2852,38,0.8131,0.0,0.8131,False,
MAT011,MAT191,0.8131,9,0.8131,0.0,0.8131,False,
MAT011,MAT192,0.7008,24,0.8131,0.0,0.8131,False,
MAT011,MAT194,0.2852,39,0.8131,0.0,0.8131,False,
MAT011,MAT211,0.8131,10,0.8131,0.0,0.8131,False,
MAT011,MAT212,0.7008,25,0.8131,0.0,0.8131,False,
MAT011,MAT214,0.2852,40,0.8131,0.0,0.8131,False,
MAT011,MAT231,0.8131,11,0.8131,0.0,0.8131,False,
MAT011,MAT232,0.7008,26,0.8131,0.0,0.8131,False,
MAT011,MAT234,0.2852,41,0.8131,0.0,0.8131,False,
MAT011,MAT251,0.8131,12,0.8131,0.0,0.8131,False,
MAT011,MAT252,0.7008,27,0.8131,0.0,0.8131,False,
MAT011,MAT254,0.2852,42,0.8131,0.0,0.8131,False,
MAT011,MAT271,0.8131,13,0.8131,0.0,0.8131,False,
MAT011,MAT272,0.7008,28,0.8131,0.0,0.8131,False,
MAT011,MAT274,0.2852,43,0.8131,0.0,0.8131,False,
MAT011,MAT291,0.8131,14,0.8131,0.0,0.8131,False,
MAT011,MAT292,0.7008,29,0.8131,0.0,0.8131,False,
MAT011,MAT294,0.2852,44,0.8131,0.0,0.8131,False,
MAT012,MAT031,0.7008,15,0.8131,0.0,0.8131,False,
MAT012,MAT032,0.8131,1,0.8131,0.0,0.8131,False,
MAT012,MAT051,0.7008,16,0.8131,0.0,0.8131,False,
MAT012,MAT052,0.8131,2,0.8131,0.0,0.8131,False,
MAT012,MAT071,0.7008,17,0.8131,0.0,0.8131,False,
MAT012,MAT072,0.8131,3,0.8131,0.0,0.8131,False,
MAT012,MAT091,0.7008,18,0.8131,0.0,0.8131,False,
MAT012,MAT092,0.8131,4,0.8131,0.0,0.8131,False,
MAT012,MAT111,0.7008,19,0.8131,0.0,0.8131,False,
MAT012,MAT112,0.8131,5,0.8131,0.0,0.8131,False,
MAT012,MAT131,0.7008,20,0.8131,0.0,0.8131,False,
MAT012,MAT132,0.8131,6,0.8131,0.0,0.8131,False,
MAT012,MAT151,0.7008,21,0.8131,0.0,0.8131,False,
MAT012,MAT152,0.8131,7,0.8131,0.0,0.8131,False,
MAT012,MAT171,0.7008,22,0.8131,0.0,0.8131,False,
MAT012,MAT172,0.8131,8,0.8131,0.0,0.8131,False,
MAT012,MAT191,0.7008,23,0.8131,0.0,0.8131,False,
MAT012,MAT192,0.8131,9,0.8131,0.0,0.8131,False,
MAT012,MAT211,0.7008,24,0.8131,0.0,0.8131,False,
MAT012,MAT212,0.8131,10,0.8131,0.0,0.8131,False,
MAT012,MAT231,0.7008,25,0.8131,0.0,0.8131,False,
MAT012,MAT232,0.8131,11,0.8131,0.0,0.8131,False,
MAT012,MAT251,0.7008,26,0.8131,0.0,0.8131,False,
MAT012,MAT252,0.8131,12,0.8131,0.0,0.8131,False,
MAT012,MAT271,0.7008,27,0.8131,0.0,0.8131,False,
MAT012,MAT272,0.8131,13,0.8131,0.0,0.8131,False,
MAT012,MAT291,0.7008,28,0.8131,0.0,0.8131,False,
MAT012,MAT292,0.8131,14,0.8131,0.0,0.8131,False,
MAT013,MAT014,0.7695,15,0.8131,0.0,0.8131,False,
MAT013,MAT033,0.8131,1,0.8131,0.0,0.8131,False,
MAT013,MAT034,0.7695,16,0.8131,0.0,0.8131,False,
MAT013,MAT053,0.8131,2,0.8131,0.0,0.8131,False,
MAT013,MAT054,0.7695,17,0.8131,0.0,0.8131,False,
MAT013,MAT073,0.8131,3,0.8131,0.0,0.8131,False,
MAT013,MAT074,0.7695,18,0.8131,0.0,0.8131,False,
MAT013,MAT093,0.8131,4,0.8131,0.0,0.8131,False,
MAT013,MAT094,0.7695,19,0.8131,0.0,0.8131,False,
MAT013,MAT113,0.8131,5,0.8131,0.0,0.8131,False,
MAT013,MAT114,0.7695,20,0.8131,0.0,0.8131,False,
MAT013,MAT133,0.8131,6,0.8131,0.0,0.8131,False,
MAT013,MAT134,0.7695,21,0.8131,0.0,0.8131,False,
MAT013,MAT153,0.8131,7,0.8131,0.0,0.8131,False,
MAT013,MAT154,0.7695,22,0.8131,0.0,0.8131,False,
MAT013,MAT173,0.8131,8,0.8131,0.0,0.8131,False,
MAT013,MAT174,0.7695,23,0.8131,0.0,0.8131,False,
MAT013,MAT193,0.8131,9,0.8131,0.0,0.8131,False,
MAT013,MAT194,0.7695,24,0.8131,0.0,0.8131,False,
MAT013,MAT213,0.8131,10,0.8131,0.0,0.8131,False,
MAT013,MAT214,0.7695,25,0.8131,0.0,0.8131,False,
MAT013,MAT233,0.8131,11,0.8131,0.0,0.8131,False,
MAT013,MAT234,0.7695,26,0.8131,0.0,0.8131,False,
MAT013,MAT253,0.8131,12,0.8131,0.0,0.8131,False,
MAT013,MAT254,0.7695,27,0.8131,0.0,0.8131,False,
MAT013,MAT273,0.8131,13,0.8131,0.0,0.8131,False,
MAT013,MAT274,0.7695,28,0.8131,0.0,0.8131,False,
MAT013,MAT293,0.8131,14,0.8131,0.0,0.8131,False,
MAT013,MAT294,0.7695,29,0.8131,0.0,0.8131,False,
MAT014,MAT031,0.2852,29,0.8131,0.0,0.8131,False,
MAT014,MAT033,0.7695,15,0.8131,0.0,0.8131,False,
MAT014,MAT034,0.8131,1,0.8131,0.0,0.8131,False,
MAT014,MAT051,0.2852,30,0.8131,0.0,0.8131,False,
MAT014,MAT053,0.7695,16,0.8131,0.0,0.8131,False,
MAT014,MAT054,0.8131,2,0.8131,0.0,0.8131,False,
MAT014,MAT071,0.2852,31,0.8131,0.0,0.8131,False,
MAT014,MAT073,0.7695,17,0.8131,0.0,0.8131,False,
MAT014,MAT074,0.8131,3,0.8131,0.0,0.8131,False,
MAT014,MAT091,0.2852,32,0.8131,0.0,0.8131,False,
MAT014,MAT093,0.7695,18,0.8131,0.0,0.8131,False,
MAT014,MAT094,0.8131,4,0.8131,0.0,0.8131,False,
MAT014,MAT111,0.2852,33,0.8131,0.0,0.8131,False,
MAT014,MAT113,0.7695,19,0.8131,0.0,0.8131,False,
MAT014,MAT114,0.8131,5,0.8131,0.0,0.8131,False,
MAT014,MAT131,0.2852,34,0.8131,0.0,0.8131,False,
MAT014,MAT133,0.7695,20,0.8131,0.0,0.8131,False,
MAT014,MAT134,0.8131,6,0.8131,0.0,0.8131,False,
MAT014,MAT151,0.2852,35,0.8131,0.0,0.8131,False,
MAT014,MAT153,0.7695,21,0.8131,0.0,0.8131,False,
MAT014,MAT154,0.8131,7,0.8131,0.0,0.8131,False,
MAT014,MAT171,0.2852,36,0.8131,0.0,0.8131,False,
MAT014,MAT173,0.7695,22,0.8131,0.0,0.8131,False,
MAT014,MAT174,0.8131,8,0.8131,0.0,0.8131,False,
MAT014,MAT191,0.2852,37,0.8131,0.0,0.8131,False,
MAT014,MAT193,0.7695,23,0.8131,0.0,0.8131,False,
MAT014,MAT194,0.8131,9,0.8131,0.0,0.8131,False,
MAT014,MAT211,0.2852,38,0.8131,0.0,0.8131,False,
MAT014,MAT213,0.7695,24,0.8131,0.0,0.8131,False,
MAT014,MAT214,0.8131,10,0.8131,0.0,0.8131,False,
MAT014,MAT231,0.2852,39,0.8131,0.0,0.8131,False,
MAT014,MAT233,0.7695,25,0.8131,0.0,0.8131,False,
MAT014,MAT234,0.8131,11,0.8131,0.0,0.8131,False,
MAT014,MAT251,0.2852,40,0.8131,0.0,0.8131,False,
MAT014,MAT253,0.7695,26,0.8131,0.0,0.8131,False,
MAT014,MAT254,0.8131,12,0.8131,0.0,0.8131,False,
MAT014,MAT271,0.2852,41,0.8131,0.0,0.8131,False,
MAT014,MAT273,0.7695,27,0.8131,0.0,0.8131,False,
MAT014,MAT274,0.8131,13,0.8131,0.0,0.8131,False,
MAT014,MAT291,0.2852,42,0.8131,0.0,0.8131,False,
MAT014,MAT293,0.7695,28,0.8131,0.0,0.8131,False,
MAT014,MAT294,0.8131,14,0.8131,0.0,0.8131,False,
MAT015,MAT016,0.6339,15,0.9232,0.0,0.9232,False,
MAT015,MAT017,0.1616,45,0.9232,0.0,0.9232,False,
MAT015,MAT018,0.1718,30,0.9232,0.0,0.9232,False,
MAT015,MAT035,0.9232,1,0.9232,0.0,0.9232,False,
MAT015,MAT036,0.6339,16,0.9232,0.0,0.9232,False,
MAT015,MAT037,0.1616,46,0.9232,0.0,0.9232,False,
MAT015,MAT038,0.1718,31,0.9232,0.0,0.9232,False,
MAT015,MAT055,0.9232,2,0.9232,0.0,0.9232,False,
MAT015,MAT056,0.6339,17,0.9232,0.0,0.9232,False,
MAT015,MAT057,0.1616,47,0.9232,0.0,0.9232,False,
MAT015,MAT058,0.1718,32,0.9232,0.0,0.9232,False,
MAT015,MAT075,0.9232,3,0.9232,0.0,0.9232,False,
MAT015,MAT076,0.6339,18,0.9232,0.0,0.9232,False,
MAT015,MAT077,0.1616,48,0.9232,0.0,0.9232,False,
MAT015,MAT078,0.1718,33,0.9232,0.0,0.9232,False,
MAT015,MAT095,0.9232,4,0.9232,0.0,0.9232,False,
MAT015,MAT096,0.6339,19,0.9232,0.0,0.9232,False,
MAT015,MAT097,0.1616,49,0.9232,0.0,0.9232,False,
MAT015,MAT098,0.1718,34,0.9232,0.0,0.9232,False,
MAT015,MAT115,0.9232,5,0.9232,0.0,0.9232,False,
MAT015,MAT116,0.6339,20,0.9232,0.0,0.9232,False,
MAT015,MAT117,0.1616,50,0.9232,0.0,0.9232,False,
MAT015,MAT118,0.1718,35,0.9232,0.0,0.9232,False,
MAT015,MAT135,0.9232,6,0.9232,0.0,0.9232,False,
MAT015,MAT136,0.6339,21,0.9232,0.0,0.9232,False,
MAT015,MAT137,0.1616,51,0.9232,0.0,0.9232,False,
MAT015,MAT138,0.1718,36,0.9232,0.0,0.9232,False,
MAT015,MAT155,0.9232,7,0.9232,0.0,0.9232,False,
MAT015,MAT156,0.6339,22,0.9232,0.0,0.9232,False,
MAT015,MAT157,0.1616,52,0.9232,0.0,0.9232,False,
MAT015,MAT158,0.1718,37,0.9232,0.0,0.9232,False,
MAT015,MAT175,0.9232,8,0.9232,0.0,0.9232,False,
MAT015,MAT176,0.6339,23,0.9232,0.0,0.9232,False,
MAT015,MAT177,0.1616,53,0.9232,0.0,0.9232,False,
MAT015,MAT178,0.1718,38,0.9232,0.0,0.9232,False,
MAT015,MAT195,0.9232,9,0.9232,0.0,0.9232,False,
MAT015,MAT196,0.6339,24,0.9232,0.0,0.9232,False,
MAT015,MAT197,0.1616,54,0.9232,0.0,0.9232,False,
MAT015,MAT198,0.1718,39,0.9232,0.0,0.9232,False,
MAT015,MAT215,0.9232,10,0.9232,0.0,0.9232,False,
MAT015,MAT216,0.6339,25,0.9232,0.0,0.9232,False,
MAT015,MAT217,0.1616,55,0.9232,0.0,0.9232,False,
MAT015,MAT218,0.1718,40,0.9232,0.0,0.9232,False,
MAT015,MAT235,0.9232,11,0.9232,0.0,0.9232,False,
MAT015,MAT236,0.6339,26,0.9232,0.0,0.9232,False,
MAT015,MAT237,0.1616,56,0.9232,0.0,0.9232,False,
MAT015,MAT238,0.1718,41,0.9232,0.0,0.9232,False,
MAT015,MAT255,0.9232,12,0.9232,0.0,0.9232,False,
MAT015,MAT256,0.6339,27,0.9232,0.0,0.9232,False,
MAT015,MAT257,0.1616,57,0.9232,0.0,0.9232,False,
MAT015,MAT258,0.1718,42,0.9232,0.0,0.9232,False,
MAT015,MAT275,0.9232,13,0.9232,0.0,0.9232,False,
MAT015,MAT276,0.6339,28,0.9232,0.0,0.9232,False,
MAT015,MAT277,0.1616,58,0.9232,0.0,0.9232,False,
MAT015,MAT278,0.1718,43,0.9232,0.0,0.9232,False,
MAT015,MAT295,0.9232,14,0.9232,0.0,0.9232,False,
MAT015,MAT296,0.6339,29,0.9232,0.0,0.9232,False,
MAT015,MAT297,0.1616,59,0.9232,0.0,0.9232,False,
MAT015,MAT298,0.1718,44,0.9232,0.0,0.9232,False,
MAT016,MAT017,0.1597,44,0.9232,0.0,0.9232,False,
MAT016,MAT018,0.1687,29,0.9232,0.0,0.9232,False,
MAT016,MAT035,0.6339,15,0.9232,0.0,0.9232,False,
MAT016,MAT036,0.9232,1,0.9232,0.0,0.9232,False,
MAT016,MAT037,0.1597,45,0.9232,0.0,0.9232,False,
MAT016,MAT038,0.1687,30,0.9232,0.0,0.9232,False,
MAT016,MAT055,0.6339,16,0.9232,0.0,0.9232,False,
MAT016,MAT056,0.9232,2,0.9232,0.0,0.9232,False,
MAT016,MAT057,0.1597,46,0.9232,0.0,0.9232,False,
MAT016,MAT058,0.1687,31,0.9232,0.0,0.9232,False,
MAT016,MAT075,0.6339,17,0.9232,0.0,0.9232,False,
MAT016,MAT076,0.9232,3,0.9232,0.0,0.9232,False,
MAT016,MAT077,0.1597,47,0.9232,0.0,0.9232,False,
MAT016,MAT078,0.1687,32,0.9232,0.0,0.9232,False,
MAT016,MAT095,0.6339,18,0.9232,0.0,0.9232,False,
MAT016,MAT096,0.9232,4,0.9232,0.0,0.9232,False,
MAT016,MAT097,0.1597,48,0.9232,0.0,0.9232,False,
MAT016,MAT098,0.1687,33,0.9232,0.0,0.9232,False,
MAT016,MAT115,0.6339,19,0.9232,0.0,0.9232,False,
MAT016,MAT116,0.9232,5,0.9232,0.0,0.9232,False,
MAT016,MAT117,0.1597,49,0.9232,0.0,0.9232,False,
MAT016,MAT118,0.1687,34,0.9232,0.0,0.9232,False,
MAT016,MAT135,0.6339,20,0.9232,0.0,0.9232,False,
MAT016,MAT136,0.9232,6,0.9232,0.0,0.9232,False,
MAT016,MAT137,0.1597,50,0.9232,0.0,0.9232,False,
MAT016,MAT138,0.1687,35,0.9232,0.0,0.9232,False,
MAT016,MAT155,0.6339,21,0.9232,0.0,0.9232,False,
MAT016,MAT156,0.9232,7,0.9232,0.0,0.9232,False,
MAT016,MAT157,0.1597,51,0.9232,0.0,0.9232,False,
MAT016,MAT158,0.1687,36,0.9232,0.0,0.9232,False,
MAT016,MAT175,0.6339,22,0.9232,0.0,0.9232,False,
MAT016,MAT176,0.9232,8,0.9232,0.0,0.9232,False,
MAT016,MAT177,0.1597,52,0.9232,0.0,0.9232,False,
MAT016,MAT178,0.1687,37,0.9232,0.0,0.9232,False,
MAT016,MAT195,0.6339,23,0.9232,0.0,0.9232,False,
MAT016,MAT196,0.9232,9,0.9232,0.0,0.9232,False,
MAT016,MAT197,0.1597,53,0.9232,0.0,0.9232,False,
MAT016,MAT198,0.1687,38,0.9232,0.0,0.9232,False,
MAT016,MAT215,0.6339,24,0.9232,0.0,0.9232,False,
MAT016,MAT216,0.9232,10,0.9232,0.0,0.9232,False,
MAT016,MAT217,0.1597,54,0.9232,0.0,0.9232,False,
MAT016,MAT218,0.1687,39,0.9232,0.0,0.9232,False,
MAT016,MAT235,0.6339,25,0.9232,0.0,0.9232,False,
MAT016,MAT236,0.9232,11,0.9232,0.0,0.9232,False,
MAT016,MAT237,0.1597,55,0.9232,0.0,0.9232,False,
MAT016,MAT238,0.1687,40,0.9232,0.0,0.9232,False,
MAT016,MAT255,0.6339,26,0.9232,0.0,0.9232,False,
MAT016,MAT256,0.9232,12,0.9232,0.0,0.9232,False,
MAT016,MAT257,0.1597,56,0.9232,0.0,0.9232,False,
MAT016,MAT258,0.1687,41,0.9232,0.0,0.9232,False,
MAT016,MAT275,0.6339,27,0.9232,0.0,0.9232,False,
MAT016,MAT276,0.9232,13,0.9232,0.0,0.9232,False,
MAT016,MAT277,0.1597,57,0.9232,0.0,0.9232,False,
MAT016,MAT278,0.1687,42,0.9232,0.0,0.9232,False,
MAT016,MAT295,0.6339,28,0.9232,0.0,0.9232,False,
MAT016,MAT296,0.9232,14,0.9232,0.0,0.9232,False,
MAT016,MAT297,0.1597,58,0.9232,0.0,0.9232,False,
MAT016,MAT298,0.1687,43,0.9232,0.0,0.9232,False,
MAT017,MAT018,0.7218,15,0.7464,0.0,0.7464,False,
MAT017,MAT035,0.1616,30,0.7464,0.0,0.7464,False,
MAT017,MAT036,0.1597,44,0.7464,0.0,0.7464,False,
MAT017,MAT037,0.7464,1,0.7464,0.0,0.7464,False,
MAT017,MAT038,0.7218,16,0.7464,0.0,0.7464,False,
MAT017,MAT055,0.1616,31,0.7464,0.0,0.7464,False,
MAT017,MAT056,0.1597,45,0.7464,0.0,0.7464,False,
MAT017,MAT057,0.7464,2,0.7464,0.0,0.7464,False,
MAT017,MAT058,0.7218,17,0.7464,0.0,0.7464,False,
MAT017,MAT075,0.1616,32,0.7464,0.0,0.7464,False,
MAT017,MAT076,0.1597,46,0.7464,0.0,0.7464,False,
MAT017,MAT077,0.7464,3,0.7464,0.0,0.7464,False,
MAT017,MAT078,0.7218,18,0.7464,0.0,0.7464,False,
MAT017,MAT095,0.1616,33,0.7464,0.0,0.7464,False,
MAT017,MAT096,0.1597,47,0.7464,0.0,0.7464,False,
MAT017,MAT097,0.7464,4,0.7464,0.0,0.7464,False,
MAT017,MAT098,0.7218,19,0.7464,0.0,0.7464,False,
MAT017,MAT115,0.1616,34,0.7464,0.0,0.7464,False,
MAT017,MAT116,0.1597,48,0.7464,0.0,0.7464,False,
MAT017,MAT117,0.7464,5,0.7464,0.0,0.7464,False,
MAT017,MAT118,0.7218,20,0.7464,0.0,0.7464,False,
MAT017,MAT135,0.1616,35,0.7464,0.0,0.7464,False,
MAT017,MAT136,0.1597,49,0.7464,0.0,0.7464,False,
MAT017,MAT137,0.7464,6,0.7464,0.0,0.7464,False,
MAT017,MAT138,0.7218,21,0.7464,0.0,0.7464,False,
MAT017,MAT155,0.1616,36,0.7464,0.0,0.7464,False,
MAT017,MAT156,0.1597,50,0.7464,0.0,0.7464,False,
MAT017,MAT157,0.7464,7,0.7464,0.0,0.7464,False,
MAT017,MAT158,0.7218,22,0.7464,0.0,0.7464,False,
MAT017,MAT175,0.1616,37,0.7464,0.0,0.7464,False,
MAT017,MAT176,0.1597,51,0.7464,0.0,0.7464,False,
MAT017,MAT177,0.7464,8,0.7464,0.0,0.7464,False,
MAT017,MAT178,0.7218,23,0.7464,0.0,0.7464,False,
MAT017,MAT195,0.1616,38,0.7464,0.0,0.7464,False,
MAT017,MAT196,0.1597,52,0.7464,0.0,0.7464,False,
MAT017,MAT197,0.7464,9,0.7464,0.0,0.7464,False,
MAT017,MAT198,0.7218,24,0.7464,0.0,0.7464,False,
MAT017,MAT215,0.1616,39,0.7464,0.0,0.7464,False,
MAT017,MAT216,0.1597,53,0.7464,0.0,0.7464,False,
MAT017,MAT217,0.7464,10,0.7464,0.0,0.7464,False,
MAT017,MAT218,0.7218,25,0.7464,0.0,0.7464,False,
MAT017,MAT235,0.1616,40,0.7464,0.0,0.7464,False,
MAT017,MAT236,0.1597,54,0.7464,0.0,0.7464,False,
MAT017,MAT237,0.7464,11,0.7464,0.0,0.7464,False,
MAT017,MAT238,0.7218,26,0.7464,0.0,0.7464,False,
MAT017,MAT255,0.1616,41,0.7464,0.0,0.7464,False,
MAT017,MAT256,0.1597,55,0.7464,0.0,0.7464,False,
MAT017,MAT257,0.7464,12,0.7464,0.0,0.7464,False,
MAT017,MAT258,0.7218,27,0.7464,0.0,0.7464,False,
MAT017,MAT275,0.1616,42,0.7464,0.0,0.7464,False,
MAT017,MAT276,0.1597,56,0.7464,0.0,0.7464,False,
MAT017,MAT277,0.7464,13,0.7464,0.0,0.7464,False,
MAT017,MAT278,0.7218,28,0.7464,0.0,0.7464,False,
MAT017,MAT295,0.1616,43,0.7464,0.0,0.7464,False,
MAT017,MAT296,0.1597,57,0.7464,0.0,0.7464,False,
MAT017,MAT297,0.7464,14,0.7464,0.0,0.7464,False,
MAT017,MAT298,0.7218,29,0.7464,0.0,0.7464,False,
MAT018,MAT035,0.1718,29,0.7464,0.0,0.7464,False,
MAT018,MAT036,0.1687,43,0.7464,0.0,0.7464,False,
MAT018,MAT037,0.7218,15,0.7464,0.0,0.7464,False,
MAT018,MAT038,0.7464,1,0.7464,0.0,0.7464,False,
MAT018,MAT055,0.1718,30,0.7464,0.0,0.7464,False,
MAT018,MAT056,0.1687,44,0.7464,0.0,0.7464,False,
MAT018,MAT057,0.7218,16,0.7464,0.0,0.7464,False,
MAT018,MAT058,0.7464,2,0.7464,0.0,0.7464,False,
MAT018,MAT075,0.1718,31,0.7464,0.0,0.7464,False,
MAT018,MAT076,0.1687,45,0.7464,0.0,0.7464,False,
MAT018,MAT077,0.7218,17,0.7464,0.0,0.7464,False,
MAT018,MAT078,0.7464,3,0.7464,0.0,0.7464,False,
MAT018,MAT095,0.1718,32,0.7464,0.0,0.7464,False,
MAT018,MAT096,0.1687,46,0.7464,0.0,0.7464,False,
MAT018,MAT097,0.7218,18,0.7464,0.0,0.7464,False,
MAT018,MAT098,0.7464,4,0.7464,0.0,0.7464,False,
MAT018,MAT115,0.1718,33,0.7464,0.0,0.7464,False,
MAT018,MAT116,0.1687,47,0.7464,0.0,0.7464,False,
MAT018,MAT117,0.7218,19,0.7464,0.0,0.7464,False,
MAT018,MAT118,0.7464,5,0.7464,0.0,0.7464,False,
MAT018,MAT135,0.1718,34,0.7464,0.0,0.7464,False,
MAT018,MAT136,0.1687,48,0.7464,0.0,0.7464,False,
MAT018,MAT137,0.7218,20,0.7464,0.0,0.7464,False,
MAT018,MAT138,0.7464,6,0.7464,0.0,0.7464,False,
MAT018,MAT155,0.1718,35,0.7464,0.0,0.7464,False,
MAT018,MAT156,0.1687,49,0.7464,0.0,0.7464,False,
MAT018,MAT157,0.7218,21,0.7464,0.0,0.7464,False,
MAT018,MAT158,0.7464,7,0.7464,0.0,0.7464,False,
MAT018,MAT175,0.1718,36,0.7464,0.0,0.7464,False,
MAT018,MAT176,0.1687,50,0.7464,0.0,0.7464,False,
MAT018,MAT177,0.7218,22,0.7464,0.0,0.7464,False,
MAT018,MAT178,0.7464,8,0.7464,0.0,0.7464,False,
MAT018,MAT195,0.1718,37,0.7464,0.0,0.7464,False,
MAT018,MAT196,0.1687,51,0.7464,0.0,0.7464,False,
MAT018,MAT197,0.7218,23,0.7464,0.0,0.7464,False,
MAT018,MAT198,0.7464,9,0.7464,0.0,0.7464,False,
MAT018,MAT215,0.1718,38,0.7464,0.0,0.7464,False,
MAT018,MAT216,0.1687,52,0.7464,0.0,0.7464,False,
MAT018,MAT217,0.7218,24,0.7464,0.0,0.7464,False,
MAT018,MAT218,0.7464,10,0.7464,0.0,0.7464,False,
MAT018,MAT235,0.1718,39,0.7464,0.0,0.7464,False,
MAT018,MAT236,0.1687,53,0.7464,0.0,0.7464,False,
MAT018,MAT237,0.7218,25,0.7464,0.0,0.7464,False,
MAT018,MAT238,0.7464,11,0.7464,0.0,0.7464,False,
MAT018,MAT255,0.1718,40,0.7464,0.0,0.7464,False,
MAT018,MAT256,0.1687,54,0.7464,0.0,0.7464,False,
MAT018,MAT257,0.7218,26,0.7464,0.0,0.7464,False,
MAT018,MAT258,0.7464,12,0.7464,0.0,0.7464,False,
MAT018,MAT275,0.1718,41,0.7464,0.0,0.7464,False,
MAT018,MAT276,0.1687,55,0.7464,0.0,0.7464,False,
MAT018,MAT277,0.7218,27,0.7464,0.0,0.7464,False,
MAT018,MAT278,0.7464,13,0.7464,0.0,0.7464,False,
MAT018,MAT295,0.1718,42,0.7464,0.0,0.7464,False,
MAT018,MAT296,0.1687,56,0.7464,0.0,0.7464,False,
MAT018,MAT297,0.7218,28,0.7464,0.0,0.7464,False,
MAT018,MAT298,0.7464,14,0.7464,0.0,0.7464,False,
MAT019,MAT020,0.7059,15,0.7464,0.0,0.7464,False,
MAT019,MAT039,0.7464,1,0.7464,0.0,0.7464,False,
MAT019,MAT040,0.7059,16,0.7464,0.0,0.7464,False,
MAT019,MAT059,0.7464,2,0.7464,0.0,0.7464,False,
MAT019,MAT060,0.7059,17,0.7464,0.0,0.7464,False,
MAT019,MAT079,0.7464,3,0.7464,0.0,0.7464,False,
MAT019,MAT080,0.7059,18,0.7464,0.0,0.7464,False,
MAT019,MAT099,0.7464,4,0.7464,0.0,0.7464,False,
MAT019,MAT100,0.7059,19,0.7464,0.0,0.7464,False,
MAT019,MAT119,0.7464,5,0.7464,0.0,0.7464,False,
MAT019,MAT120,0.7059,20,0.7464,0.0,0.7464,False,
MAT019,MAT139,0.7464,6,0.7464,0.0,0.7464,False,
MAT019,MAT140,0.7059,21,0.7464,0.0,0.7464,False,
MAT019,MAT159,0.7464,7,0.7464,0.0,0.7464,False,
MAT019,MAT160,0.7059,22,0.7464,0.0,0.7464,False,
MAT019,MAT179,0.7464,8,0.7464,0.0,0.7464,False,
MAT019,MAT180,0.7059,23,0.7464,0.0,0.7464,False,
MAT019,MAT199,0.7464,9,0.7464,0.0,0.7464,False,
MAT019,MAT200,0.7059,24,0.7464,0.0,0.7464,False,
MAT019,MAT219,0.7464,10,0.7464,0.0,0.7464,False,
MAT019,MAT220,0.7059,25,0.7464,0.0,0.7464,False,
MAT019,MAT239,0.7464,11,0.7464,0.0,0.7464,False,
MAT019,MAT240,0.7059,26,0.7464,0.0,0.7464,False,
MAT019,MAT259,0.7464,12,0.7464,0.0,0.7464,False,
MAT019,MAT260,0.7059,27,0.7464,0.0,0.7464,False,
MAT019,MAT279,0.7464,13,0.7464,0.0,0.7464,False,
MAT019,MAT280,0.7059,28,0.7464,0.0,0.7464,False,
MAT019,MAT299,0.7464,14,0.7464,0.0,0.7464,False,
MAT019,MAT300,0.7059,29,0.7464,0.0,0.7464,False,
MAT020,MAT039,0.7059,15,0.7464,0.0,0.7464,False,
MAT020,MAT040,0.7464,1,0.7464,0.0,0.7464,False,
MAT020,MAT059,0.7059,16,0.7464,0.0,0.7464,False,
MAT020,MAT060,0.7464,2,0.7464,0.0,0.7464,False,
MAT020,MAT079,0.7059,17,0.7464,0.0,0.7464,False,
MAT020,MAT080,0.7464,3,0.7464,0.0,0.7464,False,
MAT020,MAT099,0.7059,18,0.7464,0.0,0.7464,False,
MAT020,MAT100,0.7464,4,0.7464,0.0,0.7464,False,
MAT020,MAT119,0.7059,19,0.7464,0.0,0.7464,False,
MAT020,MAT120,0.7464,5,0.7464,0.0,0.7464,False,
MAT020,MAT139,0.7059,20,0.7464,0.0,0.7464,False,
MAT020,MAT140,0.7464,6,0.7464,0.0,0.7464,False,
MAT020,MAT159,0.7059,21,0.7464,0.0,0.7464,False,
MAT020,MAT160,0.7464,7,0.7464,0.0,0.7464,False,
MAT020,MAT179,0.7059,22,0.7464,0.0,0.7464,False,
MAT020,MAT180,0.7464,8,0.7464,0.0,0.7464,False,
MAT020,MAT199,0.7059,23,0.7464,0.0,0.7464,False,
MAT020,MAT200,0.7464,9,0.7464,0.0,0.7464,False,
MAT020,MAT219,0.7059,24,0.7464,0.0,0.7464,False,
MAT020,MAT220,0.7464,10,0.7464,0.0,0.7464,False,
MAT020,MAT239,0.7059,25,0.7464,0.0,0.7464,False,
MAT020,MAT240,0.7464,11,0.7464,0.0,0.7464,False,
MAT020,MAT259,0.7059,26,0.7464,0.0,0.7464,False,
MAT020,MAT260,0.7464,12,0.7464,0.0,0.7464,False,
MAT020,MAT279,0.7059,27,0.7464,0.0,0.7464,False,
MAT020,MAT280,0.7464,13,0.7464,0.0,0.7464,False,
MAT020,MAT299,0.7059,28,0.7464,0.0,0.7464,False,
MAT020,MAT300,0.7464,14,0.7464,0.0,0.7464,False,
MAT021,MAT022,0.7159,28,0.7976,0.0,0.7976,False,
MAT021,MAT023,0.7339,14,0.7976,0.0,0.7976,False,
MAT021,MAT024,0.6961,42,0.7976,0.0,0.7976,False,
MAT021,MAT026,0.4851,56,0.7976,0.0,0.7976,False,
MAT021,MAT041,0.7976,1,0.7976,0.0,0.7976,False,
MAT021,MAT042,0.7159,29,0.7976,0.0,0.7976,False,
MAT021,MAT043,0.7339,15,0.7976,0.0,0.7976,False,
MAT021,MAT044,0.6961,43,0.7976,0.0,0.7976,False,
MAT021,MAT046,0.4851,57,0.7976,0.0,0.7976,False,
MAT021,MAT061,0.7976,2,0.7976,0.0,0.7976,False,
MAT021,MAT062,0.7159,30,0.7976,0.0,0.7976,False,
MAT021,MAT063,0.7339,16,0.7976,0.0,0.7976,False,
MAT021,MAT064,0.6961,44,0.7976,0.0,0.7976,False,
MAT021,MAT066,0.4851,58,0.7976,0.0,0.7976,False,
MAT021,MAT081,0.7976,3,0.7976,0.0,0.7976,False,
MAT021,MAT082,0.7159,31,0.7976,0.0,0.7976,False,
MAT021,MAT083,0.7339,17,0.7976,0.0,0.7976,False,
MAT021,MAT084,0.6961,45,0.7976,0.0,0.7976,False,
MAT021,MAT086,0.4851,59,0.7976,0.0,0.7976,False,
MAT021,MAT101,0.7976,4,0.7976,0.0,0.7976,False,
MAT021,MAT102,0.7159,32,0.7976,0.0,0.7976,False,
MAT021,MAT103,0.7339,18,0.7976,0.0,0.7976,False,
MAT021,MAT104,0.6961,46,0.7976,0.0,0.7976,False,
MAT021,MAT106,0.4851,60,0.7976,0.0,0.7976,False,
MAT021,MAT121,0.7976,5,0.7976,0.0,0.7976,False,
MAT021,MAT122,0.7159,33,0.7976,0.0,0.7976,False,
MAT021,MAT123,0.7339,19,0.7976,0.0,0.7976,False,
MAT021,MAT124,0.6961,47,0.7976,0.0,0.7976,False,
MAT021,MAT126,0.4851,61,0.7976,0.0,0.7976,False,
MAT021,MAT141,0.7976,6,0.7976,0.0,0.7976,False,
MAT021,MAT142,0.7159,34,0.7976,0.0,0.7976,False,
MAT021,MAT143,0.7339,20,0.7976,0.0,0.7976,False,
MAT021,MAT144,0.6961,48,0.7976,0.0,0.7976,False,
MAT021,MAT146,0.4851,62,0.7976,0.0,0.7976,False,
MAT021,MAT161,0.7976,7,0.7976,0.0,0.7976,False,
MAT021,MAT162,0.7159,35,0.7976,0.0,0.7976,False,
MAT021,MAT163,0.7339,21,0.7976,0.0,0.7976,False,
MAT021,MAT164,0.6961,49,0.7976,0.0,0.7976,False,
MAT021,MAT166,0.4851,63,0.7976,0.0,0.7976,False,
MAT021,MAT181,0.7976,8,0.7976,0.0,0.7976,False,
MAT021,MAT182,0.7159,36,0.7976,0.0,0.7976,False,
MAT021,MAT183,0.7339,22,0.7976,0.0,0.7976,False,
MAT021,MAT184,0.6961,50,0.7976,0.0,0.7976,False,
MAT021,MAT186,0.4851,64,0.7976,0.0,0.7976,False,
MAT021,MAT201,0.7976,9,0.7976,0.0,0.7976,False,
MAT021,MAT202,0.7159,37,0.7976,0.0,0.7976,False,
MAT021,MAT203,0.7339,23,0.7976,0.0,0.7976,False,
MAT021,MAT204,0.6961,51,0.7976,0.0,0.7976,False,
MAT021,MAT206,0.4851,65,0.7976,0.0,0.7976,False,
MAT021,MAT221,0.7976,10,0.7976,0.0,0.7976,False,
MAT021,MAT222,0.7159,38,0.7976,0.0,0.7976,False,
MAT021,MAT223,0.7339,24,0.7976,0.0,0.7976,False,
MAT021,MAT224,0.6961,52,0.7976,0.0,0.7976,False,
MAT021,MAT226,0.4851,66,0.7976,0.0,0.7976,False,
MAT021,MAT241,0.7976,11,0.7976,0.0,0.7976,False,
MAT021,MAT242,0.7159,39,0.7976,0.0,0.7976,False,
MAT021,MAT243,0.7339,25,0.7976,0.0,0.7976,False,
MAT021,MAT244,0.6961,53,0.7976,0.0,0.7976,False,
MAT021,MAT246,0.4851,67,0.7976,0.0,0.7976,False,
MAT021,MAT261,0.7976,12,0.7976,0.0,0.7976,False,
MAT021,MAT262,0.7159,40,0.7976,0.0,0.7976,False,
MAT021,MAT263,0.7339,26,0.7976,0.0,0.7976,False,
MAT021,MAT264,0.6961,54,0.7976,0.0,0.7976,False,
MAT021,MAT266,0.4851,68,0.7976,0.0,0.7976,False,
MAT021,MAT281,0.7976,13,0.7976,0.0,0.7976,False,
MAT021,MAT282,0.7159,41,0.7976,0.0,0.7976,False,
MAT021,MAT283,0.7339,27,0.7976,0.0,0.7976,False,
MAT021,MAT284,0.6961,55,0.7976,0.0,0.7976,False,
MAT021,MAT286,0.4851,69,0.7976,0.0,0.7976,False,
MAT022,MAT023,0.6282,41,0.9232,0.0,0.9232,False,
MAT022,MAT024,0.8089,14,0.9232,0.0,0.9232,False,
MAT022,MAT026,0.5088,55,0.9232,0.0,0.9232,False,
MAT022,MAT041,0.7159,28,0.9232,0.0,0.9232,False,
MAT022,MAT042,0.9232,1,0.9232,0.0,0.9232,False,
MAT022,MAT043,0.6282,42,0.9232,0.0,0.9232,False,
MAT022,MAT044,0.8089,15,0.9232,0.0,0.9232,False,
MAT022,MAT046,0.5088,56,0.9232,0.0,0.9232,False,
MAT022,MAT061,0.7159,29,0.9232,0.0,0.9232,False,
MAT022,MAT062,0.9232,2,0.9232,0.0,0.9232,False,
MAT022,MAT063,0.6282,43,0.9232,0.0,0.9232,False,
MAT022,MAT064,0.8089,16,0.9232,0.0,0.9232,False,
MAT022,MAT066,0.5088,57,0.9232,0.0,0.9232,False,
MAT022,MAT081,0.7159,30,0.9232,0.0,0.9232,False,
MAT022,MAT082,0.9232,3,0.9232,0.0,0.9232,False,
MAT022,MAT083,0.6282,44,0.9232,0.0,0.9232,False,
MAT022,MAT084,0.8089,17,0.9232,0.0,0.9232,False,
MAT022,MAT086,0.5088,58,0.9232,0.0,0.9232,False,
MAT022,MAT101,0.7159,31,0.9232,0.0,0.9232,False,
MAT022,MAT102,0.9232,4,0.9232,0.0,0.9232,False,
MAT022,MAT103,0.6282,45,0.9232,0.0,0.9232,False,
MAT022,MAT104,0.8089,18,0.9232,0.0,0.9232,False,
MAT022,MAT106,0.5088,59,0.9232,0.0,0.9232,False,
MAT022,MAT121,0.7159,32,0.9232,0.0,0.9232,False,
MAT022,MAT122,0.9232,5,0.9232,0.0,0.9232,False,
MAT022,MAT123,0.6282,46,0.9232,0.0,0.9232,False,
MAT022,MAT124,0.8089,19,0.9232,0.0,0.9232,False,
MAT022,MAT126,0.5088,60,0.9232,0.0,0.9232,False,
MAT022,MAT141,0.7159,33,0.9232,0.0,0.9232,False,
MAT022,MAT142,0.9232,6,0.9232,0.0,0.9232,False,
MAT022,MAT143,0.6282,47,0.9232,0.0,0.9232,False,
MAT022,MAT144,0.8089,20,0.9232,0.0,0.9232,False,
MAT022,MAT146,0.5088,61,0.9232,0.0,0.9232,False,
MAT022,MAT161,0.7159,34,0.9232,0.0,0.9232,False,
MAT022,MAT162,0.9232,7,0.9232,0.0,0.9232,False,
MAT022,MAT163,0.6282,48,0.9232,0.0,0.9232,False,
MAT022,MAT164,0.8089,21,0.9232,0.0,0.9232,False,
MAT022,MAT166,0.5088,62,0.9232,0.0,0.9232,False,
MAT022,MAT181,0.7159,35,0.9232,0.0,0.9232,False,
MAT022,MAT182,0.9232,8,0.9232,0.0,0.9232,False,
MAT022,MAT183,0.6282,49,0.9232,0.0,0.9232,False,
MAT022,MAT184,0.8089,22,0.9232,0.0,0.9232,False,
MAT022,MAT186,0.5088,63,0.9232,0.0,0.9232,False,
MAT022,MAT201,0.7159,36,0.9232,0.0,0.9232,False,
MAT022,MAT202,0.9232,9,0.9232,0.0,0.9232,False,
MAT022,MAT203,0.6282,50,0.9232,0.0,0.9232,False,
MAT022,MAT204,0.8089,23,0.9232,0.0,0.9232,False,
MAT022,MAT206,0.5088,64,0.9232,0.0,0.9232,False,
MAT022,MAT221,0.7159,37,0.9232,0.0,0.9232,False,
MAT022,MAT222,0.9232,10,0.9232,0.0,0.9232,False,
MAT022,MAT223,0.6282,51,0.9232,0.0,0.9232,False,
MAT022,MAT224,0.8089,24,0.9232,0.0,0.9232,False,
MAT022,MAT226,0.5088,65,0.9232,0.0,0.9232,False,
MAT022,MAT241,0.7159,38,0.9232,0.0,0.9232,False,
MAT022,MAT242,0.9232,11,0.9232,0.0,0.9232,False,
MAT022,MAT243,0.6282,52,0.9232,0.0,0.9232,False,
MAT022,MAT244,0.8089,25,0.9232,0.0,0.9232,False,
MAT022,MAT246,0.5088,66,0.9232,0.0,0.9232,False,
MAT022,MAT261,0.7159,39,0.9232,0.0,0.9232,False,
MAT022,MAT262,0.9232,12,0.9232,0.0,0.9232,False,
MAT022,MAT263,0.6282,53,0.9232,0.0,0.9232,False,
MAT022,MAT264,0.8089,26,0.9232,0.0,0.9232,False,
MAT022,MAT266,0.5088,67,0.9232,0.0,0.9232,False,
MAT022,MAT281,0.7159,40,0.9232,0.0,0.9232,False,
MAT022,MAT282,0.9232,13,0.9232,0.0,0.9232,False,
MAT022,MAT283,0.6282,54,0.9232,0.0,0.9232,False,
MAT022,MAT284,0.8089,27,0.9232,0.0,0.9232,False,
MAT022,MAT286,0.5088,68,0.9232,0.0,0.9232,False,
MAT023,MAT024,0.7511,14,0.772,0.0,0.772,False,
MAT023,MAT026,0.4978,54,0.772,0.0,0.772,False,
MAT023,MAT041,0.7339,28,0.772,0.0,0.772,False,
MAT023,MAT042,0.6282,41,0.772,0.0,0.772,False,
MAT023,MAT043,0.772,1,0.772,0.0,0.772,False,
MAT023,MAT044,0.7511,15,0.772,0.0,0.772,False,
MAT023,MAT046,0.4978,55,0.772,0.0,0.772,False,
MAT023,MAT061,0.7339,29,0.772,0.0,0.772,False,
MAT023,MAT062,0.6282,42,0.772,0.0,0.772,False,
MAT023,MAT063,0.772,2,0.772,0.0,0.772,False,
MAT023,MAT064,0.7511,16,0.772,0.0,0.772,False,
MAT023,MAT066,0.4978,56,0.772,0.0,0.772,False,
MAT023,MAT081,0.7339,30,0.772,0.0,0.772,False,
MAT023,MAT082,0.6282,43,0.772,0.0,0.772,False,
MAT023,MAT083,0.772,3,0.772,0.0,0.772,False,
MAT023,MAT084,0.7511,17,0.772,0.0,0.772,False,
MAT023,MAT086,0.4978,57,0.772,0.0,0.772,False,
MAT023,MAT101,0.7339,31,0.772,0.0,0.772,False,
MAT023,MAT102,0.6282,44,0.772,0.0,0.772,False,
MAT023,MAT103,0.772,4,0.772,0.0,0.772,False,
MAT023,MAT104,0.7511,18,0.772,0.0,0.772,False,
MAT023,MAT106,0.4978,58,0.772,0.0,0.772,False,
MAT023,MAT121,0.7339,32,0.772,0.0,0.772,False,
MAT023,MAT122,0.6282,45,0.772,0.0,0.772,False,
MAT023,MAT123,0.772,5,0.772,0.0,0.772,False,
MAT023,MAT124,0.7511,19,0.772,0.0,0.772,False,
MAT023,MAT126,0.4978,59,0.772,0.0,0.772,False,
MAT023,MAT141,0.7339,33,0.772,0.0,0.772,False,
MAT023,MAT142,0.6282,46,0.772,0.0,0.772,False,
MAT023,MAT143,0.772,6,0.772,0.0,0.772,False,
MAT023,MAT144,0.7511,20,0.772,0.0,0.772,False,
MAT023,MAT146,0.4978,60,0.772,0.0,0.772,False,
MAT023,MAT161,0.7339,34,0.772,0.0,0.772,False,
MAT023,MAT162,0.6282,47,0.772,0.0,0.772,False,
MAT023,MAT163,0.772,7,0.772,0.0,0.772,False,
MAT023,MAT164,0.7511,21,0.772,0.0,0.772,False,
MAT023,MAT166,0.4978,61,0.772,0.0,0.772,False,
MAT023,MAT181,0.7339,35,0.772,0.0,0.772,False,
MAT023,MAT182,0.6282,48,0.772,0.0,0.772,False,
MAT023,MAT183,0.772,8,0.772,0.0,0.772,False,
MAT023,MAT184,0.7511,22,0.772,0.0,0.772,False,
MAT023,MAT186,0.4978,62,0.772,0.0,0.772,False,
MAT023,MAT201,0.7339,36,0.772,0.0,0.772,False,
MAT023,MAT202,0.6282,49,0.772,0.0,0.772,False,
MAT023,MAT203,0.772,9,0.772,0.0,0.772,False,
MAT023,MAT204,0.7511,23,0.772,0.0,0.772,False,
MAT023,MAT206,0.4978,63,0.772,0.0,0.772,False,
MAT023,MAT221,0.7339,37,0.772,0.0,0.772,False,
MAT023,MAT222,0.6282,50,0.772,0.0,0.772,False,
MAT023,MAT223,0.772,10,0.772,0.0,0.772,False,
MAT023,MAT224,0.7511,24,0.772,0.0,0.772,False,
MAT023,MAT226,0.4978,64,0.772,0.0,0.772,False,
MAT023,MAT241,0.7339,38,0.772,0.0,0.772,False,
MAT023,MAT242,0.6282,51,0.772,0.0,0.772,False,
MAT023,MAT243,0.772,11,0.772,0.0,0.772,False,
MAT023,MAT244,0.7511,25,0.772,0.0,0.772,False,
MAT023,MAT246,0.4978,65,0.772,0.0,0.772,False,
MAT023,MAT261,0.7339,39,0.772,0.0,0.772,False,
MAT023,MAT262,0.6282,52,0.772,0.0,0.772,False,
MAT023,MAT263,0.772,12,0.772,0.0,0.772,False,
MAT023,MAT264,0.7511,26,0.772,0.0,0.772,False,
MAT023,MAT266,0.4978,66,0.772,0.0,0.772,False,
MAT023,MAT281,0.7339,40,0.772,0.0,0.772,False,
MAT023,MAT282,0.6282,53,0.772,0.0,0.772,False,
MAT023,MAT283,0.772,13,0.772,0.0,0.772,False,
MAT023,MAT284,0.7511,27,0.772,0.0,0.772,False,
MAT023,MAT286,0.4978,67,0.772,0.0,0.772,False,
MAT024,MAT025,0.4181,67,0.8976,0.0,0.8976,False,
MAT024,MAT026,0.5166,53,0.8976,0.0,0.8976,False,
MAT024,MAT041,0.6961,40,0.8976,0.0,0.8976,False,
MAT024,MAT042,0.8089,14,0.8976,0.0,0.8976,False,
MAT024,MAT043,0.7511,27,0.8976,0.0,0.8976,False,
MAT024,MAT044,0.8976,1,0.8976,0.0,0.8976,False,
MAT024,MAT045,0.4181,68,0.8976,0.0,0.8976,False,
MAT024,MAT046,0.5166,54,0.8976,0.0,0.8976,False,
MAT024,MAT061,0.6961,41,0.8976,0.0,0.8976,False,
MAT024,MAT062,0.8089,15,0.8976,0.0,0.8976,False,
MAT024,MAT063,0.7511,28,0.8976,0.0,0.8976,False,
MAT024,MAT064,0.8976,2,0.8976,0.0,0.8976,False,
MAT024,MAT065,0.4181,69,0.8976,0.0,0.8976,False,
MAT024,MAT066,0.5166,55,0.8976,0.0,0.8976,False,
MAT024,MAT081,0.6961,42,0.8976,0.0,0.8976,False,
MAT024,MAT082,0.8089,16,0.8976,0.0,0.8976,False,
MAT024,MAT083,0.7511,29,0.8976,0.0,0.8976,False,
MAT024,MAT084,0.8976,3,0.8976,0.0,0.8976,False,
MAT024,MAT085,0.4181,70,0.8976,0.0,0.8976,False,
MAT024,MAT086,0.5166,56,0.8976,0.0,0.8976,False,
MAT024,MAT101,0.6961,43,0.8976,0.0,0.8976,False,
MAT024,MAT102,0.8089,17,0.8976,0.0,0.8976,False,
MAT024,MAT103,0.7511,30,0.8976,0.0,0.8976,False,
MAT024,MAT104,0.8976,4,0.8976,0.0,0.8976,False,
MAT024,MAT105,0.4181,71,0.8976,0.0,0.8976,False,
MAT024,MAT106,0.5166,57,0.8976,0.0,0.8976,False,
MAT024,MAT121,0.6961,44,0.8976,0.0,0.8976,False,
MAT024,MAT122,0.8089,18,0.8976,0.0,0.8976,False,
MAT024,MAT123,0.7511,31,0.8976,0.0,0.8976,False,
MAT024,MAT124,0.8976,5,0.8976,0.0,0.8976,False,
MAT024,MAT125,0.4181,72,0.8976,0.0,0.8976,False,
MAT024,MAT126,0.5166,58,0.8976,0.0,0.8976,False,
MAT024,MAT141,0.6961,45,0.8976,0.0,0.8976,False,
MAT024,MAT142,0.8089,19,0.8976,0.0,0.8976,False,
MAT024,MAT143,0.7511,32,0.8976,0.0,0.8976,False,
MAT024,MAT144,0.8976,6,0.8976,0.0,0.8976,False,
MAT024,MAT145,0.4181,73,0.8976,0.0,0.8976,False,
MAT024,MAT146,0.5166,59,0.8976,0.0,0.8976,False,
MAT024,MAT161,0.6961,46,0.8976,0.0,0.8976,False,
MAT024,MAT162,0.8089,20,0.8976,0.0,0.8976,False,
MAT024,MAT163,0.7511,33,0.8976,0.0,0.8976,False,
MAT024,MAT164,0.8976,7,0.8976,0.0,0.8976,False,
MAT024,MAT165,0.4181,74,0.8976,0.0,0.8976,False,
MAT024,MAT166,0.5166,60,0.8976,0.0,0.8976,False,
MAT024,MAT181,0.6961,47,0.8976,0.0,0.8976,False,
MAT024,MAT182,0.8089,21,0.8976,0.0,0.8976,False,
MAT024,MAT183,0.7511,34,0.8976,0.0,0.8976,False,
MAT024,MAT184,0.8976,8,0.8976,0.0,0.8976,False,
MAT024,MAT185,0.4181,75,0.8976,0.0,0.8976,False,
MAT024,MAT186,0.5166,61,0.8976,0.0,0.8976,False,
MAT024,MAT201,0.6961,48,0.8976,0.0,0.8976,False,
MAT024,MAT202,0.8089,22,0.8976,0.0,0.8976,False,
MAT024,MAT203,0.7511,35,0.8976,0.0,0.8976,False,
MAT024,MAT204,0.8976,9,0.8976,0.0,0.8976,False,
MAT024,MAT205,0.4181,76,0.8976,0.0,0.8976,False,
MAT024,MAT206,0.5166,62,0.8976,0.0,0.8976,False,
MAT024,MAT221,0.6961,49,0.8976,0.0,0.8976,False,
MAT024,MAT222,0.8089,23,0.8976,0.0,0.8976,False,
MAT024,MAT223,0.7511,36,0.8976,0.0,0.8976,False,
MAT024,MAT224,0.8976,10,0.8976,0.0,0.8976,False,
MAT024,MAT225,0.4181,77,0.8976,0.0,0.8976,False,
MAT024,MAT226,0.5166,63,0.8976,0.0,0.8976,False,
MAT024,MAT241,0.6961,50,0.8976,0.0,0.8976,False,
MAT024,MAT242,0.8089,24,0.8976,0.0,0.8976,False,
MAT024,MAT243,0.7511,37,0.8976,0.0,0.8976,False,
MAT024,MAT244,0.8976,11,0.8976,0.0,0.8976,False,
MAT024,MAT245,0.4181,78,0.8976,0.0,0.8976,False,
MAT024,MAT246,0.5166,64,0.8976,0.0,0.8976,False,
MAT024,MAT261,0.6961,51,0.8976,0.0,0.8976,False,
MAT024,MAT262,0.8089,25,0.8976,0.0,0.8976,False,
MAT024,MAT263,0.7511,38,0.8976,0.0,0.8976,False,
MAT024,MAT264,0.8976,12,0.8976,0.0,0.8976,False,
MAT024,MAT265,0.4181,79,0.8976,0.0,0.8976,False,
MAT024,MAT266,0.5166,65,0.8976,0.0,0.8976,False,
MAT024,MAT281,0.6961,52,0.8976,0.0,0.8976,False,
MAT024,MAT282,0.8089,26,0.8976,0.0,0.8976,False,
MAT024,MAT283,0.7511,39,0.8976,0.0,0.8976,False,
MAT024,MAT284,0.8976,13,0.8976,0.0,0.8976,False,
MAT024,MAT285,0.4181,80,0.8976,0.0,0.8976,False,
MAT024,MAT286,0.5166,66,0.8976,0.0,0.8976,False,
MAT025,MAT026,0.6342,14,0.7131,0.0,0.7131,False,
MAT025,MAT044,0.4181,28,0.7131,0.0,0.7131,False,
MAT025,MAT045,0.7131,1,0.7131,0.0,0.7131,False,
MAT025,MAT046,0.6342,15,0.7131,0.0,0.7131,False,
MAT025,MAT064,0.4181,29,0.7131,0.0,0.7131,False,
MAT025,MAT065,0.7131,2,0.7131,0.0,0.7131,False,
MAT025,MAT066,0.6342,16,0.7131,0.0,0.7131,False,
MAT025,MAT084,0.4181,30,0.7131,0.0,0.7131,False,
MAT025,MAT085,0.7131,3,0.7131,0.0,0.7131,False,
MAT025,MAT086,0.6342,17,0.7131,0.0,0.7131,False,
MAT025,MAT104,0.4181,31,0.7131,0.0,0.7131,False,
MAT025,MAT105,0.7131,4,0.7131,0.0,0.7131,False,
MAT025,MAT106,0.6342,18,0.7131,0.0,0.7131,False,
MAT025,MAT124,0.4181,32,0.7131,0.0,0.7131,False,
MAT025,MAT125,0.7131,5,0.7131,0.0,0.7131,False,
MAT025,MAT126,0.6342,19,0.7131,0.0,0.7131,False,
MAT025,MAT144,0.4181,33,0.7131,0.0,0.7131,False,
MAT025,MAT145,0.7131,6,0.7131,0.0,0.7131,False,
MAT025,MAT146,0.6342,20,0.7131,0.0,0.7131,False,
MAT025,MAT164,0.4181,34,0.7131,0.0,0.7131,False,
MAT025,MAT165,0.7131,7,0.7131,0.0,0.7131,False,
MAT025,MAT166,0.6342,21,0.7131,0.0,0.7131,False,
MAT025,MAT184,0.4181,35,0.7131,0.0,0.7131,False,
MAT025,MAT185,0.7131,8,0.7131,0.0,0.7131,False,
MAT025,MAT186,0.6342,22,0.7131,0.0,0.7131,False,
MAT025,MAT204,0.4181,36,0.7131,0.0,0.7131,False,
MAT025,MAT205,0.7131,9,0.7131,0.0,0.7131,False,
MAT025,MAT206,0.6342,23,0.7131,0.0,0.7131,False,
MAT025,MAT224,0.4181,37,0.7131,0.0,0.7131,False,
MAT025,MAT225,0.7131,10,0.7131,0.0,0.7131,False,
MAT025,MAT226,0.6342,24,0.7131,0.0,0.7131,False,
MAT025,MAT244,0.4181,38,0.7131,0.0,0.7131,False,
MAT025,MAT245,0.7131,11,0.7131,0.0,0.7131,False,
MAT025,MAT246,0.6342,25,0.7131,0.0,0.7131,False,
MAT025,MAT264,0.4181,39,0.7131,0.0,0.7131,False,
MAT025,MAT265,0.7131,12,0.7131,0.0,0.7131,False,
MAT025,MAT266,0.6342,26,0.7131,0.0,0.7131,False,
MAT025,MAT284,0.4181,40,0.7131,0.0,0.7131,False,
MAT025,MAT285,0.7131,13,0.7131,0.0,0.7131,False,
MAT025,MAT286,0.6342,27,0.7131,0.0,0.7131,False,
MAT026,MAT041,0.4851,66,0.772,0.0,0.772,False,
MAT026,MAT042,0.5088,40,0.772,0.0,0.772,False,
MAT026,MAT043,0.4978,53,0.772,0.0,0.772,False,
MAT026,MAT044,0.5166,27,0.772,0.0,0.772,False,
MAT026,MAT045,0.6342,14,0.772,0.0,0.772,False,
MAT026,MAT046,0.772,1,0.772,0.0,0.772,False,
MAT026,MAT061,0.4851,67,0.772,0.0,0.772,False,
MAT026,MAT062,0.5088,41,0.772,0.0,0.772,False,
MAT026,MAT063,0.4978,54,0.772,0.0,0.772,False,
MAT026,MAT064,0.5166,28,0.772,0.0,0.772,False,
MAT026,MAT065,0.6342,15,0.772,0.0,0.772,False,
MAT026,MAT066,0.772,2,0.772,0.0,0.772,False,
MAT026,MAT081,0.4851,68,0.772,0.0,0.772,False,
MAT026,MAT082,0.5088,42,0.772,0.0,0.772,False,
MAT026,MAT083,0.4978,55,0.772,0.0,0.772,False,
MAT026,MAT084,0.5166,29,0.772,0.0,0.772,False,
MAT026,MAT085,0.6342,16,0.772,0.0,0.772,False,
MAT026,MAT086,0.772,3,0.772,0.0,0.772,False,
MAT026,MAT101,0.4851,69,0.772,0.0,0.772,False,
MAT026,MAT102,0.5088,43,0.772,0.0,0.772,False,
MAT026,MAT103,0.4978,56,0.772,0.0,0.772,False,
MAT026,MAT104,0.5166,30,0.772,0.0,0.772,False,
MAT026,MAT105,0.6342,17,0.772,0.0,0.772,False,
MAT026,MAT106,0.772,4,0.772,0.0,0.772,False,
MAT026,MAT121,0.4851,70,0.772,0.0,0.772,False,
MAT026,MAT122,0.5088,44,0.772,0.0,0.772,False,
MAT026,MAT123,0.4978,57,0.772,0.0,0.772,False,
MAT026,MAT124,0.5166,31,0.772,0.0,0.772,False,
MAT026,MAT125,0.6342,18,0.772,0.0,0.772,False,
MAT026,MAT126,0.772,5,0.772,0.0,0.772,False,
MAT026,MAT141,0.4851,71,0.772,0.0,0.772,False,
MAT026,MAT142,0.5088,45,0.772,0.0,0.772,False,
MAT026,MAT143,0.4978,58,0.772,0.0,0.772,False,
MAT026,MAT144,0.5166,32,0.772,0.0,0.772,False,
MAT026,MAT145,0.6342,19,0.772,0.0,0.772,False,
MAT026,MAT146,0.772,6,0.772,0.0,0.772,False,
MAT026,MAT161,0.4851,72,0.772,0.0,0.772,False,
MAT026,MAT162,0.5088,46,0.772,0.0,0.772,False,
MAT026,MAT163,0.4978,59,0.772,0.0,0.772,False,
MAT026,MAT164,0.5166,33,0.772,0.0,0.772,False,
MAT026,MAT165,0.6342,20,0.772,0.0,0.772,False,
MAT026,MAT166,0.772,7,0.772,0.0,0.772,False,
MAT026,MAT181,0.4851,73,0.772,0.0,0.772,False,
MAT026,MAT182,0.5088,47,0.772,0.0,0.772,False,
MAT026,MAT183,0.4978,60,0.772,0.0,0.772,False,
MAT026,MAT184,0.5166,34,0.772,0.0,0.772,False,
MAT026,MAT185,0.6342,21,0.772,0.0,0.772,False,
MAT026,MAT186,0.772,8,0.772,0.0,0.772,False,
MAT026,MAT201,0.4851,74,0.772,0.0,0.772,False,
MAT026,MAT202,0.5088,48,0.772,0.0,0.772,False,
MAT026,MAT203,0.4978,61,0.772,0.0,0.772,False,
MAT026,MAT204,0.5166,35,0.772,0.0,0.772,False,
MAT026,MAT205,0.6342,22,0.772,0.0,0.772,False,
MAT026,MAT206,0.772,9,0.772,0.0,0.772,False,
MAT026,MAT221,0.4851,75,0.772,0.0,0.772,False,
MAT026,MAT222,0.5088,49,0.772,0.0,0.772,False,
MAT026,MAT223,0.4978,62,0.772,0.0,0.772,False,
MAT026,MAT224,0.5166,36,0.772,0.0,0.772,False,
MAT026,MAT225,0.6342,23,0.772,0.0,0.772,False,
MAT026,MAT226,0.772,10,0.772,0.0,0.772,False,
MAT026,MAT241,0.4851,76,0.772,0.0,0.772,False,
MAT026,MAT242,0.5088,50,0.772,0.0,0.772,False,
MAT026,MAT243,0.4978,63,0.772,0.0,0.772,False,
MAT026,MAT244,0.5166,37,0.772,0.0,0.772,False,
MAT026,MAT245,0.6342,24,0.772,0.0,0.772,False,
MAT026,MAT246,0.772,11,0.772,0.0,0.772,False,
MAT026,MAT261,0.4851,77,0.772,0.0,0.772,False,
MAT026,MAT262,0.5088,51,0.772,0.0,0.772,False,
MAT026,MAT263,0.4978,64,0.772,0.0,0.772,False,
MAT026,MAT264,0.5166,38,0.772,0.0,0.772,False,
MAT026,MAT265,0.6342,25,0.772,0.0,0.772,False,
MAT026,MAT266,0.772,12,0.772,0.0,0.772,False,
MAT026,MAT281,0.4851,78,0.772,0.0,0.772,False,
MAT026,MAT282,0.5088,52,0.772,0.0,0.772,False,
MAT026,MAT283,0.4978,65,0.772,0.0,0.772,False,
MAT026,MAT284,0.5166,39,0.772,0.0,0.772,False,
MAT026,MAT285,0.6342,26,0.772,0.0,0.772,False,
MAT026,MAT286,0.772,13,0.772,0.0,0.772,False,
MAT027,MAT028,0.8131,1,0.8131,0.0,0.8131,False,
MAT027,MAT029,0.2442,42,0.8131,0.0,0.8131,False,
MAT027,MAT030,0.4921,28,0.8131,0.0,0.8131,False,
MAT027,MAT047,0.8131,2,0.8131,0.0,0.8131,False,
MAT027,MAT048,0.8131,3,0.8131,0.0,0.8131,False,
MAT027,MAT049,0.2442,43,0.8131,0.0,0.8131,False,
MAT027,MAT050,0.4921,29,0.8131,0.0,0.8131,False,
MAT027,MAT067,0.8131,4,0.8131,0.0,0.8131,False,
MAT027,MAT068,0.8131,5,0.8131,0.0,0.8131,False,
MAT027,MAT069,0.2442,44,0.8131,0.0,0.8131,False,
MAT027,MAT070,0.4921,30,0.8131,0.0,0.8131,False,
MAT027,MAT087,0.8131,6,0.8131,0.0,0.8131,False,
MAT027,MAT088,0.8131,7,0.8131,0.0,0.8131,False,
MAT027,MAT089,0.2442,45,0.8131,0.0,0.8131,False,
MAT027,MAT090,0.4921,31,0.8131,0.0,0.8131,False,
MAT027,MAT107,0.8131,8,0.8131,0.0,0.8131,False,
MAT027,MAT108,0.8131,9,0.8131,0.0,0.8131,False,
MAT027,MAT109,0.2442,46,0.8131,0.0,0.8131,False,
MAT027,MAT110,0.4921,32,0.8131,0.0,0.8131,False,
MAT027,MAT127,0.8131,10,0.8131,0.0,0.8131,False,
MAT027,MAT128,0.8131,11,0.8131,0.0,0.8131,False,
MAT027,MAT129,0.2442,47,0.8131,0.0,0.8131,False,
MAT027,MAT130,0.4921,33,0.8131,0.0,0.8131,False,
MAT027,MAT147,0.8131,12,0.8131,0.0,0.8131,False,
MAT027,MAT148,0.8131,13,0.8131,0.0,0.8131,False,
MAT027,MAT149,0.2442,48,0.8131,0.0,0.8131,False,
MAT027,MAT150,0.4921,34,0.8131,0.0,0.8131,False,
MAT027,MAT167,0.8131,14,0.8131,0.0,0.8131,False,
MAT027,MAT168,0.8131,15,0.8131,0.0,0.8131,False,
MAT027,MAT169,0.2442,49,0.8131,0.0,0.8131,False,
MAT027,MAT170,0.4921,35,0.8131,0.0,0.8131,False,
MAT027,MAT187,0.8131,16,0.8131,0.0,0.8131,False,
MAT027,MAT188,0.8131,17,0.8131,0.0,0.8131,False,
MAT027,MAT189,0.2442,50,0.8131,0.0,0.8131,False,
MAT027,MAT190,0.4921,36,0.8131,0.0,0.8131,False,
MAT027,MAT207,0.8131,18,0.8131,0.0,0.8131,False,
MAT027,MAT208,0.8131,19,0.8131,0.0,0.8131,False,
MAT027,MAT209,0.2442,51,0.8131,0.0,0.8131,False,
MAT027,MAT210,0.4921,37,0.8131,0.0,0.8131,False,
MAT027,MAT227,0.8131,20,0.8131,0.0,0.8131,False,
MAT027,MAT228,0.8131,21,0.8131,0.0,0.8131,False,
MAT027,MAT229,0.2442,52,0.8131,0.0,0.8131,False,
MAT027,MAT230,0.4921,38,0.8131,0.0,0.8131,False,
MAT027,MAT247,0.8131,22,0.8131,0.0,0.8131,False,
MAT027,MAT248,0.8131,23,0.8131,0.0,0.8131,False,
MAT027,MAT249,0.2442,53,0.8131,0.0,0.8131,False,
MAT027,MAT250,0.4921,39,0.8131,0.0,0.8131,False,
MAT027,MAT267,0.8131,24,0.8131,0.0,0.8131,False,
MAT027,MAT268,0.8131,25,0.8131,0.0,0.8131,False,
MAT027,MAT269,0.2442,54,0.8131,0.0,0.8131,False,
MAT027,MAT270,0.4921,40,0.8131,0.0,0.8131,False,
MAT027,MAT287,0.8131,26,0.8131,0.0,0.8131,False,
MAT027,MAT288,0.8131,27,0.8131,0.0,0.8131,False,
MAT027,MAT289,0.2442,55,0.8131,0.0,0.8131,False,
MAT027,MAT290,0.4921,41,0.8131,0.0,0.8131,False,
MAT028,MAT029,0.2206,41,0.8131,0.0,0.8131,False,
MAT028,MAT030,0.4685,27,0.8131,0.0,0.8131,False,
MAT028,MAT047,0.8131,1,0.8131,0.0,0.8131,False,
MAT028,MAT048,0.8131,2,0.8131,0.0,0.8131,False,
MAT028,MAT049,0.2206,42,0.8131,0.0,0.8131,False,
MAT028,MAT050,0.4685,28,0.8131,0.0,0.8131,False,
MAT028,MAT067,0.8131,3,0.8131,0.0,0.8131,False,
MAT028,MAT068,0.8131,4,0.8131,0.0,0.8131,False,
MAT028,MAT069,0.2206,43,0.8131,0.0,0.8131,False,
MAT028,MAT070,0.4685,29,0.8131,0.0,0.8131,False,
MAT028,MAT087,0.8131,5,0.8131,0.0,0.8131,False,
MAT028,MAT088,0.8131,6,0.8131,0.0,0.8131,False,
MAT028,MAT089,0.2206,44,0.8131,0.0,0.8131,False,
MAT028,MAT090,0.4685,30,0.8131,0.0,0.8131,False,
MAT028,MAT107,0.8131,7,0.8131,0.0,0.8131,False,
MAT028,MAT108,0.8131,8,0.8131,0.0,0.8131,False,
MAT028,MAT109,0.2206,45,0.8131,0.0,0.8131,False,
MAT028,MAT110,0.4685,31,0.8131,0.0,0.8131,False,
MAT028,MAT127,0.8131,9,0.8131,0.0,0.8131,False,
MAT028,MAT128,0.8131,10,0.8131,0.0,0.8131,False,
MAT028,MAT129,0.2206,46,0.8131,0.0,0.8131,False,
MAT028,MAT130,0.4685,32,0.8131,0.0,0.8131,False,
MAT028,MAT147,0.8131,11,0.8131,0.0,0.8131,False,
MAT028,MAT148,0.8131,12,0.8131,0.0,0.8131,False,
MAT028,MAT149,0.2206,47,0.8131,0.0,0.8131,False,
MAT028,MAT150,0.4685,33,0.8131,0.0,0.8131,False,
MAT028,MAT167,0.8131,13,0.8131,0.0,0.8131,False,
MAT028,MAT168,0.8131,14,0.8131,0.0,0.8131,False,
MAT028,MAT169,0.2206,48,0.8131,0.0,0.8131,False,
MAT028,MAT170,0.4685,34,0.8131,0.0,0.8131,False,
MAT028,MAT187,0.8131,15,0.8131,0.0,0.8131,False,
MAT028,MAT188,0.8131,16,0.8131,0.0,0.8131,False,
MAT028,MAT189,0.2206,49,0.8131,0.0,0.8131,False,
MAT028,MAT190,0.4685,35,0.8131,0.0,0.8131,False,
MAT028,MAT207,0.8131,17,0.8131,0.0,0.8131,False,
MAT028,MAT208,0.8131,18,0.8131,0.0,0.8131,False,
MAT028,MAT209,0.2206,50,0.8131,0.0,0.8131,False,
MAT028,MAT210,0.4685,36,0.8131,0.0,0.8131,False,
MAT028,MAT227,0.8131,19,0.8131,0.0,0.8131,False,
MAT028,MAT228,0.8131,20,0.8131,0.0,0.8131,False,
MAT028,MAT229,0.2206,51,0.8131,0.0,0.8131,False,
MAT028,MAT230,0.4685,37,0.8131,0.0,0.8131,False,
MAT028,MAT247,0.8131,21,0.8131,0.0,0.8131,False,
MAT028,MAT248,0.8131,22,0.8131,0.0,0.8131,False,
MAT028,MAT249,0.2206,52,0.8131,0.0,0.8131,False,
MAT028,MAT250,0.4685,38,0.8131,0.0,0.8131,False,
MAT028,MAT267,0.8131,23,0.8131,0.0,0.8131,False,
MAT028,MAT268,0.8131,24,0.8131,0.0,0.8131,False,
MAT028,MAT269,0.2206,53,0.8131,0.0,0.8131,False,
MAT028,MAT270,0.4685,39,0.8131,0.0,0.8131,False,
MAT028,MAT287,0.8131,25,0.8131,0.0,0.8131,False,
MAT028,MAT288,0.8131,26,0.8131,0.0,0.8131,False,
MAT028,MAT289,0.2206,54,0.8131,0.0,0.8131,False,
MAT028,MAT290,0.4685,40,0.8131,0.0,0.8131,False,
MAT029,MAT030,0.5989,14,0.8131,0.0,0.8131,False,
MAT029,MAT047,0.2442,28,0.8131,0.0,0.8131,False,
MAT029,MAT048,0.2206,41,0.8131,0.0,0.8131,False,
MAT029,MAT049,0.8131,1,0.8131,0.0,0.8131,False,
MAT029,MAT050,0.5989,15,0.8131,0.0,0.8131,False,
MAT029,MAT067,0.2442,29,0.8131,0.0,0.8131,False,
MAT029,MAT068,0.2206,42,0.8131,0.0,0.8131,False,
MAT029,MAT069,0.8131,2,0.8131,0.0,0.8131,False,
MAT029,MAT070,0.5989,16,0.8131,0.0,0.8131,False,
MAT029,MAT087,0.2442,30,0.8131,0.0,0.8131,False,
MAT029,MAT088,0.2206,43,0.8131,0.0,0.8131,False,
MAT029,MAT089,0.8131,3,0.8131,0.0,0.8131,False,
MAT029,MAT090,0.5989,17,0.8131,0.0,0.8131,False,
MAT029,MAT107,0.2442,31,0.8131,0.0,0.8131,False,
MAT029,MAT108,0.2206,44,0.8131,0.0,0.8131,False,
MAT029,MAT109,0.8131,4,0.8131,0.0,0.8131,False,
MAT029,MAT110,0.5989,18,0.8131,0.0,0.8131,False,
MAT029,MAT127,0.2442,32,0.8131,0.0,0.8131,False,
MAT029,MAT128,0.2206,45,0.8131,0.0,0.8131,False,
MAT029,MAT129,0.8131,5,0.8131,0.0,0.8131,False,
MAT029,MAT130,0.5989,19,0.8131,0.0,0.8131,False,
MAT029,MAT147,0.2442,33,0.8131,0.0,0.8131,False,
MAT029,MAT148,0.2206,46,0.8131,0.0,0.8131,False,
MAT029,MAT149,0.8131,6,0.8131,0.0,0.8131,False,
MAT029,MAT150,0.5989,20,0.8131,0.0,0.8131,False,
MAT029,MAT167,0.2442,34,0.8131,0.0,0.8131,False,
MAT029,MAT168,0.2206,47,0.8131,0.0,0.8131,False,
MAT029,MAT169,0.8131,7,0.8131,0.0,0.8131,False,
MAT029,MAT170,0.5989,21,0.8131,0.0,0.8131,False,
MAT029,MAT187,0.2442,35,0.8131,0.0,0.8131,False,
MAT029,MAT188,0.2206,48,0.8131,0.0,0.8131,False,
MAT029,MAT189,0.8131,8,0.8131,0.0,0.8131,False,
MAT029,MAT190,0.5989,22,0.8131,0.0,0.8131,False,
MAT029,MAT207,0.2442,36,0.8131,0.0,0.8131,False,
MAT029,MAT208,0.2206,49,0.8131,0.0,0.8131,False,
MAT029,MAT209,0.8131,9,0.8131,0.0,0.8131,False,
MAT029,MAT210,0.5989,23,0.8131,0.0,0.8131,False,
MAT029,MAT227,0.2442,37,0.8131,0.0,0.8131,False,
MAT029,MAT228,0.2206,50,0.8131,0.0,0.8131,False,
MAT029,MAT229,0.8131,10,0.8131,0.0,0.8131,False,
MAT029,MAT230,0.5989,24,0.8131,0.0,0.8131,False,
MAT029,MAT247,0.2442,38,0.8131,0.0,0.8131,False,
MAT029,MAT248,0.2206,51,0.8131,0.0,0.8131,False,
MAT029,MAT249,0.8131,11,0.8131,0.0,0.8131,False,
MAT029,MAT250,0.5989,25,0.8131,0.0,0.8131,False,
MAT029,MAT267,0.2442,39,0.8131,0.0,0.8131,False,
MAT029,MAT268,0.2206,52,0.8131,0.0,0.8131,False,
MAT029,MAT269,0.8131,12,0.8131,0.0,0.8131,False,
MAT029,MAT270,0.5989,26,0.8131,0.0,0.8131,False,
MAT029,MAT287,0.2442,40,0.8131,0.0,0.8131,False,
MAT029,MAT288,0.2206,53,0.8131,0.0,0.8131,False,
MAT029,MAT289,0.8131,13,0.8131,0.0,0.8131,False,
MAT029,MAT290,0.5989,27,0.8131,0.0,0.8131,False,
MAT030,MAT047,0.4921,27,0.6875,0.0,0.6875,False,
MAT030,MAT048,0.4685,40,0.6875,0.0,0.6875,False,
MAT030,MAT049,0.5989,14,0.6875,0.0,0.6875,False,
MAT030,MAT050,0.6875,1,0.6875,0.0,0.6875,False,
MAT030,MAT067,0.4921,28,0.6875,0.0,0.6875,False,
MAT030,MAT068,0.4685,41,0.6875,0.0,0.6875,False,
MAT030,MAT069,0.5989,15,0.6875,0.0,0.6875,False,
MAT030,MAT070,0.6875,2,0.6875,0.0,0.6875,False,
MAT030,MAT087,0.4921,29,0.6875,0.0,0.6875,False,
MAT030,MAT088,0.4685,42,0.6875,0.0,0.6875,False,
MAT030,MAT089,0.5989,16,0.6875,0.0,0.6875,False,
MAT030,MAT090,0.6875,3,0.6875,0.0,0.6875,False,
MAT030,MAT107,0.4921,30,0.6875,0.0,0.6875,False,
MAT030,MAT108,0.4685,43,0.6875,0.0,0.6875,False,
MAT030,MAT109,0.5989,17,0.6875,0.0,0.6875,False,
MAT030,MAT110,0.6875,4,0.6875,0.0,0.6875,False,
MAT030,MAT127,0.4921,31,0.6875,0.0,0.6875,False,
MAT030,MAT128,0.4685,44,0.6875,0.0,0.6875,False,
MAT030,MAT129,0.5989,18,0.6875,0.0,0.6875,False,
MAT030,MAT130,0.6875,5,0.6875,0.0,0.6875,False,
MAT030,MAT147,0.4921,32,0.6875,0.0,0.6875,False,
MAT030,MAT148,0.4685,45,0.6875,0.0,0.6875,False,
MAT030,MAT149,0.5989,19,0.6875,0.0,0.6875,False,
MAT030,MAT150,0.6875,6,0.6875,0.0,0.6875,False,
MAT030,MAT167,0.4921,33,0.6875,0.0,0.6875,False,
MAT030,MAT168,0.4685,46,0.6875,0.0,0.6875,False,
MAT030,MAT169,0.5989,20,0.6875,0.0,0.6875,False,
MAT030,MAT170,0.6875,7,0.6875,0.0,0.6875,False,
MAT030,MAT187,0.4921,34,0.6875,0.0,0.6875,False,
MAT030,MAT188,0.4685,47,0.6875,0.0,0.6875,False,
MAT030,MAT189,0.5989,21,0.6875,0.0,0.6875,False,
MAT030,MAT190,0.6875,8,0.6875,0.0,0.6875,False,
MAT030,MAT207,0.4921,35,0.6875,0.0,0.6875,False,
MAT030,MAT208,0.4685,48,0.6875,0.0,0.6875,False,
MAT030,MAT209,0.5989,22,0.6875,0.0,0.6875,False,
MAT030,MAT210,0.6875,9,0.6875,0.0,0.6875,False,
MAT030,MAT227,0.4921,36,0.6875,0.0,0.6875,False,
MAT030,MAT228,0.4685,49,0.6875,0.0,0.6875,False,
MAT030,MAT229,0.5989,23,0.6875,0.0,0.6875,False,
MAT030,MAT230,0.6875,10,0.6875,0.0,0.6875,False,
MAT030,MAT247,0.4921,37,0.6875,0.0,0.6875,False,
MAT030,MAT248,0.4685,50,0.6875,0.0,0.6875,False,
MAT030,MAT249,0.5989,24,0.6875,0.0,0.6875,False,
MAT030,MAT250,0.6875,11,0.6875,0.0,0.6875,False,
MAT030,MAT267,0.4921,38,0.6875,0.0,0.6875,False,
MAT030,MAT268,0.4685,51,0.6875,0.0,0.6875,False,
MAT030,MAT269,0.5989,25,0.6875,0.0,0.6875,False,
MAT030,MAT270,0.6875,12,0.6875,0.0,0.6875,False,
MAT030,MAT287,0.4921,39,0.6875,0.0,0.6875,False,
MAT030,MAT288,0.4685,52,0.6875,0.0,0.6875,False,
MAT030,MAT289,0.5989,26,0.6875,0.0,0.6875,False,
MAT030,MAT290,0.6875,13,0.6875,0.0,0.6875,False,
MAT031,MAT032,0.7008,14,0.8131,0.0,0.8131,False,
MAT031,MAT034,0.2852,28,0.8131,0.0,0.8131,False,
MAT031,MAT051,0.8131,1,0.8131,0.0,0.8131,False,
MAT031,MAT052,0.7008,15,0.8131,0.0,0.8131,False,
MAT031,MAT054,0.2852,29,0.8131,0.0,0.8131,False,
MAT031,MAT071,0.8131,2,0.8131,0.0,0.8131,False,
MAT031,MAT072,0.7008,16,0.8131,0.0,0.8131,False,
MAT031,MAT074,0.2852,30,0.8131,0.0,0.8131,False,
MAT031,MAT091,0.8131,3,0.8131,0.0,0.8131,False,
MAT031,MAT092,0.7008,17,0.8131,0.0,0.8131,False,
MAT031,MAT094,0.2852,31,0.8131,0.0,0.8131,False,
MAT031,MAT111,0.8131,4,0.8131,0.0,0.8131,False,
MAT031,MAT112,0.7008,18,0.8131,0.0,0.8131,False,
MAT031,MAT114,0.2852,32,0.8131,0.0,0.8131,False,
MAT031,MAT131,0.8131,5,0.8131,0.0,0.8131,False,
MAT031,MAT132,0.7008,19,0.8131,0.0,0.8131,False,
MAT031,MAT134,0.2852,33,0.8131,0.0,0.8131,False,
MAT031,MAT151,0.8131,6,0.8131,0.0,0.8131,False,
MAT031,MAT152,0.7008,20,0.8131,0.0,0.8131,False,
MAT031,MAT154,0.2852,34,0.8131,0.0,0.8131,False,
MAT031,MAT171,0.8131,7,0.8131,0.0,0.8131,False,
MAT031,MAT172,0.7008,21,0.8131,0.0,0.8131,False,
MAT031,MAT174,0.2852,35,0.8131,0.0,0.8131,False,
MAT031,MAT191,0.8131,8,0.8131,0.0,0.8131,False,
MAT031,MAT192,0.7008,22,0.8131,0.0,0.8131,False,
MAT031,MAT194,0.2852,36,0.8131,0.0,0.8131,False,
MAT031,MAT211,0.8131,9,0.8131,0.0,0.8131,False,
MAT031,MAT212,0.7008,23,0.8131,0.0,0.8131,False,
MAT031,MAT214,0.2852,37,0.8131,0.0,0.8131,False,
MAT031,MAT231,0.8131,10,0.8131,0.0,0.8131,False,
MAT031,MAT232,0.7008,24,0.8131,0.0,0.8131,False,
MAT031,MAT234,0.2852,38,0.8131,0.0,0.8131,False,
MAT031,MAT251,0.8131,11,0.8131,0.0,0.8131,False,
MAT031,MAT252,0.7008,25,0.8131,0.0,0.8131,False,
MAT031,MAT254,0.2852,39,0.8131,0.0,0.8131,False,
MAT031,MAT271,0.8131,12,0.8131,0.0,0.8131,False,
MAT031,MAT272,0.7008,26,0.8131,0.0,0.8131,False,
MAT031,MAT274,0.2852,40,0.8131,0.0,0.8131,False,
MAT031,MAT291,0.8131,13,0.8131,0.0,0.8131,False,
MAT031,MAT292,0.7008,27,0.8131,0.0,0.8131,False,
MAT031,MAT294,0.2852,41,0.8131,0.0,0.8131,False,
MAT032,MAT051,0.7008,14,0.8131,0.0,0.8131,False,
MAT032,MAT052,0.8131,1,0.8131,0.0,0.8131,False,
MAT032,MAT071,0.7008,15,0.8131,0.0,0.8131,False,
MAT032,MAT072,0.8131,2,0.8131,0.0,0.8131,False,
MAT032,MAT091,0.7008,16,0.8131,0.0,0.8131,False,
MAT032,MAT092,0.8131,3,0.8131,0.0,0.8131,False,
MAT032,MAT111,0.7008,17,0.8131,0.0,0.8131,False,
MAT032,MAT112,0.8131,4,0.8131,0.0,0.8131,False,
MAT032,MAT131,0.7008,18,0.8131,0.0,0.8131,False,
MAT032,MAT132,0.8131,5,0.8131,0.0,0.8131,False,
MAT032,MAT151,0.7008,19,0.8131,0.0,0.8131,False,
MAT032,MAT152,0.8131,6,0.8131,0.0,0.8131,False,
MAT032,MAT171,0.7008,20,0.8131,0.0,0.8131,False,
MAT032,MAT172,0.8131,7,0.8131,0.0,0.8131,False,
MAT032,MAT191,0.7008,21,0.8131,0.0,0.8131,False,
MAT032,MAT192,0.8131,8,0.8131,0.0,0.8131,False,
MAT032,MAT211,0.7008,22,0.8131,0.0,0.8131,False,
MAT032,MAT212,0.8131,9,0.8131,0.0,0.8131,False,
MAT032,MAT231,0.7008,23,0.8131,0.0,0.8131,False,
MAT032,MAT232,0.8131,10,0.8131,0.0,0.8131,False,
MAT032,MAT251,0.7008,24,0.8131,0.0,0.8131,False,
MAT032,MAT252,0.8131,11,0.8131,0.0,0.8131,False,
MAT032,MAT271,0.7008,25,0.8131,0.0,0.8131,False,
MAT032,MAT272,0.8131,12,0.8131,0.0,0.8131,False,
MAT032,MAT291,0.7008,26,0.8131,0.0,0.8131,False,
MAT032,MAT292,0.8131,13,0.8131,0.0,0.8131,False,
MAT033,MAT034,0.7695,14,0.8131,0.0,0.8131,False,
MAT033,MAT053,0.8131,1,0.8131,0.0,0.8131,False,
MAT033,MAT054,0.7695,15,0.8131,0.0,0.8131,False,
MAT033,MAT073,0.8131,2,0.8131,0.0,0.8131,False,
MAT033,MAT074,0.7695,16,0.8131,0.0,0.8131,False,
MAT033,MAT093,0.8131,3,0.8131,0.0,0.8131,False,
MAT033,MAT094,0.7695,17,0.8131,0.0,0.8131,False,
MAT033,MAT113,0.8131,4,0.8131,0.0,0.8131,False,
MAT033,MAT114,0.7695,18,0.8131,0.0,0.8131,False,
MAT033,MAT133,0.8131,5,0.8131,0.0,0.8131,False,
MAT033,MAT134,0.7695,19,0.8131,0.0,0.8131,False,
MAT033,MAT153,0.8131,6,0.8131,0.0,0.8131,False,
MAT033,MAT154,0.7695,20,0.8131,0.0,0.8131,False,
MAT033,MAT173,0.8131,7,0.8131,0.0,0.8131,False,
MAT033,MAT174,0.7695,21,0.8131,0.0,0.8131,False,
MAT033,MAT193,0.8131,8,0.8131,0.0,0.8131,False,
MAT033,MAT194,0.7695,22,0.8131,0.0,0.8131,False,
MAT033,MAT213,0.8131,9,0.8131,0.0,0.8131,False,
MAT033,MAT214,0.7695,23,0.8131,0.0,0.8131,False,
MAT033,MAT233,0.8131,10,0.8131,0.0,0.8131,False,
MAT033,MAT234,0.7695,24,0.8131,0.0,0.8131,False,
MAT033,MAT253,0.8131,11,0.8131,0.0,0.8131,False,
MAT033,MAT254,0.7695,25,0.8131,0.0,0.8131,False,
MAT033,MAT273,0.8131,12,0.8131,0.0,0.8131,False,
MAT033,MAT274,0.7695,26,0.8131,0.0,0.8131,False,
MAT033,MAT293,0.8131,13,0.8131,0.0,0.8131,False,
MAT033,MAT294,0.7695,27,0.8131,0.0,0.8131,False,
MAT034,MAT051,0.2852,27,0.8131,0.0,0.8131,False,
MAT034,MAT053,0.7695,14,0.8131,0.0,0.8131,False,
MAT034,MAT054,0.8131,1,0.8131,0.0,0.8131,False,
MAT034,MAT071,0.2852,28,0.8131,0.0,0.8131,False,
MAT034,MAT073,0.7695,15,0.8131,0.0,0.8131,False,
MAT034,MAT074,0.8131,2,0.8131,0.0,0.8131,False,
MAT034,MAT091,0.2852,29,0.8131,0.0,0.8131,False,
MAT034,MAT093,0.7695,16,0.8131,0.0,0.8131,False,
MAT034,MAT094,0.8131,3,0.8131,0.0,0.8131,False,
MAT034,MAT111,0.2852,30,0.8131,0.0,0.8131,False,
MAT034,MAT113,0.7695,17,0.8131,0.0,0.8131,False,
MAT034,MAT114,0.8131,4,0.8131,0.0,0.8131,False,
MAT034,MAT131,0.2852,31,0.8131,0.0,0.8131,False,
MAT034,MAT133,0.7695,18,0.8131,0.0,0.8131,False,
MAT034,MAT134,0.8131,5,0.8131,0.0,0.8131,False,
MAT034,MAT151,0.2852,32,0.8131,0.0,0.8131,False,
MAT034,MAT153,0.7695,19,0.8131,0.0,0.8131,False,
MAT034,MAT154,0.8131,6,0.8131,0.0,0.8131,False,
MAT034,MAT171,0.2852,33,0.8131,0.0,0.8131,False,
MAT034,MAT173,0.7695,20,0.8131,0.0,0.8131,False,
MAT034,MAT174,0.8131,7,0.8131,0.0,0.8131,False,
MAT034,MAT191,0.2852,34,0.8131,0.0,0.8131,False,
MAT034,MAT193,0.7695,21,0.8131,0.0,0.8131,False,
MAT034,MAT194,0.8131,8,0.8131,0.0,0.8131,False,
MAT034,MAT211,0.2852,35,0.8131,0.0,0.8131,False,
MAT034,MAT213,0.7695,22,0.8131,0.0,0.8131,False,
MAT034,MAT214,0.8131,9,0.8131,0.0,0.8131,False,
MAT034,MAT231,0.2852,36,0.8131,0.0,0.8131,False,
MAT034,MAT233,0.7695,23,0.8131,0.0,0.8131,False,
MAT034,MAT234,0.8131,10,0.8131,0.0,0.8131,False,
MAT034,MAT251,0.2852,37,0.8131,0.0,0.8131,False,
MAT034,MAT253,0.7695,24,0.8131,0.0,0.8131,False,
MAT034,MAT254,0.8131,11,0.8131,0.0,0.8131,False,
MAT034,MAT271,0.2852,38,0.8131,0.0,0.8131,False,
MAT034,MAT273,0.7695,25,0.8131,0.0,0.8131,False,
MAT034,MAT274,0.8131,12,0.8131,0.0,0.8131,False,
MAT034,MAT291,0.2852,39,0.8131,0.0,0.8131,False,
MAT034,MAT293,0.7695,26,0.8131,0.0,0.8131,False,
MAT034,MAT294,0.8131,13,0.8131,0.0,0.8131,False,
MAT035,MAT036,0.6339,14,0.9232,0.0,0.9232,False,
MAT035,MAT037,0.1616,42,0.9232,0.0,0.9232,False,
MAT035,MAT038,0.1718,28,0.9232,0.0,0.9232,False,
MAT035,MAT055,0.9232,1,0.9232,0.0,0.9232,False,
MAT035,MAT056,0.6339,15,0.9232,0.0,0.9232,False,
MAT035,MAT057,0.1616,43,0.9232,0.0,0.9232,False,
MAT035,MAT058,0.1718,29,0.9232,0.0,0.9232,False,
MAT035,MAT075,0.9232,2,0.9232,0.0,0.9232,False,
MAT035,MAT076,0.6339,16,0.9232,0.0,0.9232,False,
MAT035,MAT077,0.1616,44,0.9232,0.0,0.9232,False,
MAT035,MAT078,0.1718,30,0.9232,0.0,0.9232,False,
MAT035,MAT095,0.9232,3,0.9232,0.0,0.9232,False,
MAT035,MAT096,0.6339,17,0.9232,0.0,0.9232,False,
MAT035,MAT097,0.1616,45,0.9232,0.0,0.9232,False,
MAT035,MAT098,0.1718,31,0.9232,0.0,0.9232,False,
MAT035,MAT115,0.9232,4,0.9232,0.0,0.9232,False,
MAT035,MAT116,0.6339,18,0.9232,0.0,0.9232,False,
MAT035,MAT117,0.1616,46,0.9232,0.0,0.9232,False,
MAT035,MAT118,0.1718,32,0.9232,0.0,0.9232,False,
MAT035,MAT135,0.9232,5,0.9232,0.0,0.9232,False,
MAT035,MAT136,0.6339,19,0.9232,0.0,0.9232,False,
MAT035,MAT137,0.1616,47,0.9232,0.0,0.9232,False,
MAT035,MAT138,0.1718,33,0.9232,0.0,0.9232,False,
MAT035,MAT155,0.9232,6,0.9232,0.0,0.9232,False,
MAT035,MAT156,0.6339,20,0.9232,0.0,0.9232,False,
MAT035,MAT157,0.1616,48,0.9232,0.0,0.9232,False,
MAT035,MAT158,0.1718,34,0.9232,0.0,0.9232,False,
MAT035,MAT175,0.9232,7,0.9232,0.0,0.9232,False,
MAT035,MAT176,0.6339,21,0.9232,0.0,0.9232,False,
MAT035,MAT177,0.1616,49,0.9232,0.0,0.9232,False,
MAT035,MAT178,0.1718,35,0.9232,0.0,0.9232,False,
MAT035,MAT195,0.9232,8,0.9232,0.0,0.9232,False,
MAT035,MAT196,0.6339,22,0.9232,0.0,0.9232,False,
MAT035,MAT197,0.1616,50,0.9232,0.0,0.9232,False,
MAT035,MAT198,0.1718,36,0.9232,0.0,0.9232,False,
MAT035,MAT215,0.9232,9,0.9232,0.0,0.9232,False,
MAT035,MAT216,0.6339,23,0.9232,0.0,0.9232,False,
MAT035,MAT217,0.1616,51,0.9232,0.0,0.9232,False,
MAT035,MAT218,0.1718,37,0.9232,0.0,0.9232,False,
MAT035,MAT235,0.9232,10,0.9232,0.0,0.9232,False,
MAT035,MAT236,0.6339,24,0.9232,0.0,0.9232,False,
MAT035,MAT237,0.1616,52,0.9232,0.0,0.9232,False,
MAT035,MAT238,0.1718,38,0.9232,0.0,0.9232,False,
MAT035,MAT255,0.9232,11,0.9232,0.0,0.9232,False,
MAT035,MAT256,0.6339,25,0.9232,0.0,0.9232,False,
MAT035,MAT257,0.1616,53,0.9232,0.0,0.9232,False,
MAT035,MAT258,0.1718,39,0.9232,0.0,0.9232,False,
MAT035,MAT275,0.9232,12,0.9232,0.0,0.9232,False,
MAT035,MAT276,0.6339,26,0.9232,0.0,0.9232,False,
MAT035,MAT277,0.1616,54,0.9232,0.0,0.9232,False,
MAT035,MAT278,0.1718,40,0.9232,0.0,0.9232,False,
MAT035,MAT295,0.9232,13,0.9232,0.0,0.9232,False,
MAT035,MAT296,0.6339,27,0.9232,0.0,0.9232,False,
MAT035,MAT297,0.1616,55,0.9232,0.0,0.9232,False,
MAT035,MAT298,0.1718,41,0.9232,0.0,0.9232,False,
MAT036,MAT037,0.1597,41,0.9232,0.0,0.9232,False,
MAT036,MAT038,0.1687,27,0.9232,0.0,0.9232,False,
MAT036,MAT055,0.6339,14,0.9232,0.0,0.9232,False,
MAT036,MAT056,0.9232,1,0.9232,0.0,0.9232,False,
MAT036,MAT057,0.1597,42,0.9232,0.0,0.9232,False,
MAT036,MAT058,0.1687,28,0.9232,0.0,0.9232,False,
MAT036,MAT075,0.6339,15,0.9232,0.0,0.9232,False,
MAT036,MAT076,0.9232,2,0.9232,0.0,0.9232,False,
MAT036,MAT077,0.1597,43,0.9232,0.0,0.9232,False,
MAT036,MAT078,0.1687,29,0.9232,0.0,0.9232,False,
MAT036,MAT095,0.6339,16,0.9232,0.0,0.9232,False,
MAT036,MAT096,0.9232,3,0.9232,0.0,0.9232,False,
MAT036,MAT097,0.1597,44,0.9232,0.0,0.9232,False,
MAT036,MAT098,0.1687,30,0.9232,0.0,0.9232,False,
MAT036,MAT115,0.6339,17,0.9232,0.0,0.9232,False,
MAT036,MAT116,0.9232,4,0.9232,0.0,0.9232,False,
MAT036,MAT117,0.1597,45,0.9232,0.0,0.9232,False,
MAT036,MAT118,0.1687,31,0.9232,0.0,0.9232,False,
MAT036,MAT135,0.6339,18,0.9232,0.0,0.9232,False,
MAT036,MAT136,0.9232,5,0.9232,0.0,0.9232,False,
MAT036,MAT137,0.1597,46,0.9232,0.0,0.9232,False,
MAT036,MAT138,0.1687,32,0.9232,0.0,0.9232,False,
MAT036,MAT155,0.6339,19,0.9232,0.0,0.9232,False,
MAT036,MAT156,0.9232,6,0.9232,0.0,0.9232,False,
MAT036,MAT157,0.1597,47,0.9232,0.0,0.9232,False,
MAT036,MAT158,0.1687,33,0.9232,0.0,0.9232,False,
MAT036,MAT175,0.6339,20,0.9232,0.0,0.9232,False,
MAT036,MAT176,0.9232,7,0.9232,0.0,0.9232,False,
MAT036,MAT177,0.1597,48,0.9232,0.0,0.9232,False,
MAT036,MAT178,0.1687,34,0.9232,0.0,0.9232,False,
MAT036,MAT195,0.6339,21,0.9232,0.0,0.9232,False,
MAT036,MAT196,0.9232,8,0.9232,0.0,0.9232,False,
MAT036,MAT197,0.1597,49,0.9232,0.0,0.9232,False,
MAT036,MAT198,0.1687,35,0.9232,0.0,0.9232,False,
MAT036,MAT215,0.6339,22,0.9232,0.0,0.9232,False,
MAT036,MAT216,0.9232,9,0.9232,0.0,0.9232,False,
MAT036,MAT217,0.1597,50,0.9232,0.0,0.9232,False,
MAT036,MAT218,0.1687,36,0.9232,0.0,0.9232,False,
MAT036,MAT235,0.6339,23,0.9232,0.0,0.9232,False,
MAT036,MAT236,0.9232,10,0.9232,0.0,0.9232,False,
MAT036,MAT237,0.1597,51,0.9232,0.0,0.9232,False,
MAT036,MAT238,0.1687,37,0.9232,0.0,0.9232,False,
MAT036,MAT255,0.6339,24,0.9232,0.0,0.9232,False,
MAT036,MAT256,0.9232,11,0.9232,0.0,0.9232,False,
MAT036,MAT257,0.1597,52,0.9232,0.0,0.9232,False,
MAT036,MAT258,0.1687,38,0.9232,0.0,0.9232,False,
MAT036,MAT275,0.6339,25,0.9232,0.0,0.9232,False,
MAT036,MAT276,0.9232,12,0.9232,0.0,0.9232,False,
MAT036,MAT277,0.1597,53,0.9232,0.0,0.9232,False,
MAT036,MAT278,0.1687,39,0.9232,0.0,0.9232,False,
MAT036,MAT295,0.6339,26,0.9232,0.0,0.9232,False,
MAT036,MAT296,0.9232,13,0.9232,0.0,0.9232,False,
MAT036,MAT297,0.1597,54,0.9232,0.0,0.9232,False,
MAT036,MAT298,0.1687,40,0.9232,0.0,0.9232,False,
MAT037,MAT038,0.7218,14,0.7464,0.0,0.7464,False,
MAT037,MAT055,0.1616,28,0.7464,0.0,0.7464,False,
MAT037,MAT056,0.1597,41,0.7464,0.0,0.7464,False,
MAT037,MAT057,0.7464,1,0.7464,0.0,0.7464,False,
MAT037,MAT058,0.7218,15,0.7464,0.0,0.7464,False,
MAT037,MAT075,0.1616,29,0.7464,0.0,0.7464,False,
MAT037,MAT076,0.1597,42,0.7464,0.0,0.7464,False,
MAT037,MAT077,0.7464,2,0.7464,0.0,0.7464,False,
MAT037,MAT078,0.7218,16,0.7464,0.0,0.7464,False,
MAT037,MAT095,0.1616,30,0.7464,0.0,0.7464,False,
MAT037,MAT096,0.1597,43,0.7464,0.0,0.7464,False,
MAT037,MAT097,0.7464,3,0.7464,0.0,0.7464,False,
MAT037,MAT098,0.7218,17,0.7464,0.0,0.7464,False,
MAT037,MAT115,0.1616,31,0.7464,0.0,0.7464,False,
MAT037,MAT116,0.1597,44,0.7464,0.0,0.7464,False,
MAT037,MAT117,0.7464,4,0.7464,0.0,0.7464,False,
MAT037,MAT118,0.7218,18,0.7464,0.0,0.7464,False,
MAT037,MAT135,0.1616,32,0.7464,0.0,0.7464,False,
MAT037,MAT136,0.1597,45,0.7464,0.0,0.7464,False,
MAT037,MAT137,0.7464,5,0.7464,0.0,0.7464,False,
MAT037,MAT138,0.7218,19,0.7464,0.0,0.7464,False,
MAT037,MAT155,0.1616,33,0.7464,0.0,0.7464,False,
MAT037,MAT156,0.1597,46,0.7464,0.0,0.7464,False,
MAT037,MAT157,0.7464,6,0.7464,0.0,0.7464,False,
MAT037,MAT158,0.7218,20,0.7464,0.0,0.7464,False,
MAT037,MAT175,0.1616,34,0.7464,0.0,0.7464,False,
MAT037,MAT176,0.1597,47,0.7464,0.0,0.7464,False,
MAT037,MAT177,0.7464,7,0.7464,0.0,0.7464,False,
MAT037,MAT178,0.7218,21,0.7464,0.0,0.7464,False,
MAT037,MAT195,0.1616,35,0.7464,0.0,0.7464,False,
MAT037,MAT196,0.1597,48,0.7464,0.0,0.7464,False,
MAT037,MAT197,0.7464,8,0.7464,0.0,0.7464,False,
MAT037,MAT198,0.7218,22,0.7464,0.0,0.7464,False,
MAT037,MAT215,0.1616,36,0.7464,0.0,0.7464,False,
MAT037,MAT216,0.1597,49,0.7464,0.0,0.7464,False,
MAT037,MAT217,0.7464,9,0.7464,0.0,0.7464,False,
MAT037,MAT218,0.7218,23,0.7464,0.0,0.7464,False,
MAT037,MAT235,0.1616,37,0.7464,0.0,0.7464,False,
MAT037,MAT236,0.1597,50,0.7464,0.0,0.7464,False,
MAT037,MAT237,0.7464,10,0.7464,0.0,0.7464,False,
MAT037,MAT238,0.7218,24,0.7464,0.0,0.7464,False,
MAT037,MAT255,0.1616,38,0.7464,0.0,0.7464,False,
MAT037,MAT256,0.1597,51,0.7464,0.0,0.7464,False,
MAT037,MAT257,0.7464,11,0.7464,0.0,0.7464,False,
MAT037,MAT258,0.7218,25,0.7464,0.0,0.7464,False,
MAT037,MAT275,0.1616,39,0.7464,0.0,0.7464,False,
MAT037,MAT276,0.1597,52,0.7464,0.0,0.7464,False,
MAT037,MAT277,0.7464,12,0.7464,0.0,0.7464,False,
MAT037,MAT278,0.7218,26,0.7464,0.0,0.7464,False,
MAT037,MAT295,0.1616,40,0.7464,0.0,0.7464,False,
MAT037,MAT296,0.1597,53,0.7464,0.0,0.7464,False,
MAT037,MAT297,0.7464,13,0.7464,0.0,0.7464,False,
MAT037,MAT298,0.7218,27,0.7464,0.0,0.7464,False,
MAT038,MAT055,0.1718,27,0.7464,0.0,0.7464,False,
MAT038,MAT056,0.1687,40,0.7464,0.0,0.7464,False,
MAT038,MAT057,0.7218,14,0.7464,0.0,0.7464,False,
MAT038,MAT058,0.7464,1,0.7464,0.0,0.7464,False,
MAT038,MAT075,0.1718,28,0.7464,0.0,0.7464,False,
MAT038,MAT076,0.1687,41,0.7464,0.0,0.7464,False,
MAT038,MAT077,0.7218,15,0.7464,0.0,0.7464,False,
MAT038,MAT078,0.7464,2,0.7464,0.0,0.7464,False,
MAT038,MAT095,0.1718,29,0.7464,0.0,0.7464,False,
MAT038,MAT096,0.1687,42,0.7464,0.0,0.7464,False,
MAT038,MAT097,0.7218,16,0.7464,0.0,0.7464,False,
MAT038,MAT098,0.7464,3,0.7464,0.0,0.7464,False,
MAT038,MAT115,0.1718,30,0.7464,0.0,0.7464,False,
MAT038,MAT116,0.1687,43,0.7464,0.0,0.7464,False,
MAT038,MAT117,0.7218,17,0.7464,0.0,0.7464,False,
MAT038,MAT118,0.7464,4,0.7464,0.0,0.7464,False,
MAT038,MAT135,0.1718,31,0.7464,0.0,0.7464,False,
MAT038,MAT136,0.1687,44,0.7464,0.0,0.7464,False,
MAT038,MAT137,0.7218,18,0.7464,0.0,0.7464,False,
MAT038,MAT138,0.7464,5,0.7464,0.0,0.7464,False,
MAT038,MAT155,0.1718,32,0.7464,0.0,0.7464,False,
MAT038,MAT156,0.1687,45,0.7464,0.0,0.7464,False,
MAT038,MAT157,0.7218,19,0.7464,0.0,0.7464,False,
MAT038,MAT158,0.7464,6,0.7464,0.0,0.7464,False,
MAT038,MAT175,0.1718,33,0.7464,0.0,0.7464,False,
MAT038,MAT176,0.1687,46,0.7464,0.0,0.7464,False,
MAT038,MAT177,0.7218,20,0.7464,0.0,0.7464,False,
MAT038,MAT178,0.7464,7,0.7464,0.0,0.7464,False,
MAT038,MAT195,0.1718,34,0.7464,0.0,0.7464,False,
MAT038,MAT196,0.1687,47,0.7464,0.0,0.7464,False,
MAT038,MAT197,0.7218,21,0.7464,0.0,0.7464,False,
MAT038,MAT198,0.7464,8,0.7464,0.0,0.7464,False,
MAT038,MAT215,0.1718,35,0.7464,0.0,0.7464,False,
MAT038,MAT216,0.1687,48,0.7464,0.0,0.7464,False,
MAT038,MAT217,0.7218,22,0.7464,0.0,0.7464,False,
MAT038,MAT218,0.7464,9,0.7464,0.0,0.7464,False,
MAT038,MAT235,0.1718,36,0.7464,0.0,0.7464,False,
MAT038,MAT236,0.1687,49,0.7464,0.0,0.7464,False,
MAT038,MAT237,0.7218,23,0.7464,0.0,0.7464,False,
MAT038,MAT238,0.7464,10,0.7464,0.0,0.7464,False,
MAT038,MAT255,0.1718,37,0.7464,0.0,0.7464,False,
MAT038,MAT256,0.1687,50,0.7464,0.0,0.7464,False,
MAT038,MAT257,0.7218,24,0.7464,0.0,0.7464,False,
MAT038,MAT258,0.7464,11,0.7464,0.0,0.7464,False,
MAT038,MAT275,0.1718,38,0.7464,0.0,0.7464,False,
MAT038,MAT276,0.1687,51,0.7464,0.0,0.7464,False,
MAT038,MAT277,0.7218,25,0.7464,0.0,0.7464,False,
MAT038,MAT278,0.7464,12,0.7464,0.0,0.7464,False,
MAT038,MAT295,0.1718,39,0.7464,0.0,0.7464,False,
MAT038,MAT296,0.1687,52,0.7464,0.0,0.7464,False,
MAT038,MAT297,0.7218,26,0.7464,0.0,0.7464,False,
MAT038,MAT298,0.7464,13,0.7464,0.0,0.7464,False,
MAT039,MAT040,0.7059,14,0.7464,0.0,0.7464,False,
MAT039,MAT059,0.7464,1,0.7464,0.0,0.7464,False,
MAT039,MAT060,0.7059,15,0.7464,0.0,0.7464,False,
MAT039,MAT079,0.7464,2,0.7464,0.0,0.7464,False,
MAT039,MAT080,0.7059,16,0.7464,0.0,0.7464,False,
MAT039,MAT099,0.7464,3,0.7464,0.0,0.7464,False,
MAT039,MAT100,0.7059,17,0.7464,0.0,0.7464,False,
MAT039,MAT119,0.7464,4,0.7464,0.0,0.7464,False,
MAT039,MAT120,0.7059,18,0.7464,0.0,0.7464,False,
MAT039,MAT139,0.7464,5,0.7464,0.0,0.7464,False,
MAT039,MAT140,0.7059,19,0.7464,0.0,0.7464,False,
MAT039,MAT159,0.7464,6,0.7464,0.0,0.7464,False,
MAT039,MAT160,0.7059,20,0.7464,0.0,0.7464,False,
MAT039,MAT179,0.7464,7,0.7464,0.0,0.7464,False,
MAT039,MAT180,0.7059,21,0.7464,0.0,0.7464,False,
MAT039,MAT199,0.7464,8,0.7464,0.0,0.7464,False,
MAT039,MAT200,0.7059,22,0.7464,0.0,0.7464,False,
MAT039,MAT219,0.7464,9,0.7464,0.0,0.7464,False,
MAT039,MAT220,0.7059,23,0.7464,0.0,0.7464,False,
MAT039,MAT239,0.7464,10,0.7464,0.0,0.7464,False,
MAT039,MAT240,0.7059,24,0.7464,0.0,0.7464,False,
MAT039,MAT259,0.7464,11,0.7464,0.0,0.7464,False,
MAT039,MAT260,0.7059,25,0.7464,0.0,0.7464,False,
MAT039,MAT279,0.7464,12,0.7464,0.0,0.7464,False,
MAT039,MAT280,0.7059,26,0.7464,0.0,0.7464,False,
MAT039,MAT299,0.7464,13,0.7464,0.0,0.7464,False,
MAT039,MAT300,0.7059,27,0.7464,0.0,0.7464,False,
MAT040,MAT059,0.7059,14,0.7464,0.0,0.7464,False,
MAT040,MAT060,0.7464,1,0.7464,0.0,0.7464,False,
MAT040,MAT079,0.7059,15,0.7464,0.0,0.7464,False,
MAT040,MAT080,0.7464,2,0.7464,0.0,0.7464,False,
MAT040,MAT099,0.7059,16,0.7464,0.0,0.7464,False,
MAT040,MAT100,0.7464,3,0.7464,0.0,0.7464,False,
MAT040,MAT119,0.7059,17,0.7464,0.0,0.7464,False,
MAT040,MAT120,0.7464,4,0.7464,0.0,0.7464,False,
MAT040,MAT139,0.7059,18,0.7464,0.0,0.7464,False,
MAT040,MAT140,0.7464,5,0.7464,0.0,0.7464,False,
MAT040,MAT159,0.7059,19,0.7464,0.0,0.7464,False,
MAT040,MAT160,0.7464,6,0.7464,0.0,0.7464,False,
MAT040,MAT179,0.7059,20,0.7464,0.0,0.7464,False,
MAT040,MAT180,0.7464,7,0.7464,0.0,0.7464,False,
MAT040,MAT199,0.7059,21,0.7464,0.0,0.7464,False,
MAT040,MAT200,0.7464,8,0.7464,0.0,0.7464,False,
MAT040,MAT219,0.7059,22,0.7464,0.0,0.7464,False,
MAT040,MAT220,0.7464,9,0.7464,0.0,0.7464,False,
MAT040,MAT239,0.7059,23,0.7464,0.0,0.7464,False,
MAT040,MAT240,0.7464,10,0.7464,0.0,0.7464,False,
MAT040,MAT259,0.7059,24,0.7464,0.0,0.7464,False,
MAT040,MAT260,0.7464,11,0.7464,0.0,0.7464,False,
MAT040,MAT279,0.7059,25,0.7464,0.0,0.7464,False,
MAT040,MAT280,0.7464,12,0.7464,0.0,0.7464,False,
MAT040,MAT299,0.7059,26,0.7464,0.0,0.7464,False,
MAT040,MAT300,0.7464,13,0.7464,0.0,0.7464,False,
MAT041,MAT042,0.7159,26,0.7976,0.0,0.7976,False,
MAT041,MAT043,0.7339,13,0.7976,0.0,0.7976,False,
MAT041,MAT044,0.6961,39,0.7976,0.0,0.7976,False,
MAT041,MAT046,0.4851,52,0.7976,0.0,0.7976,False,
MAT041,MAT061,0.7976,1,0.7976,0.0,0.7976,False,
MAT041,MAT062,0.7159,27,0.7976,0.0,0.7976,False,
MAT041,MAT063,0.7339,14,0.7976,0.0,0.7976,False,
MAT041,MAT064,0.6961,40,0.7976,0.0,0.7976,False,
MAT041,MAT066,0.4851,53,0.7976,0.0,0.7976,False,
MAT041,MAT081,0.7976,2,0.7976,0.0,0.7976,False,
MAT041,MAT082,0.7159,28,0.7976,0.0,0.7976,False,
MAT041,MAT083,0.7339,15,0.7976,0.0,0.7976,False,
MAT041,MAT084,0.6961,41,0.7976,0.0,0.7976,False,
MAT041,MAT086,0.4851,54,0.7976,0.0,0.7976,False,
MAT041,MAT101,0.7976,3,0.7976,0.0,0.7976,False,
MAT041,MAT102,0.7159,29,0.7976,0.0,0.7976,False,
MAT041,MAT103,0.7339,16,0.7976,0.0,0.7976,False,
MAT041,MAT104,0.6961,42,0.7976,0.0,0.7976,False,
MAT041,MAT106,0.4851,55,0.7976,0.0,0.7976,False,
MAT041,MAT121,0.7976,4,0.7976,0.0,0.7976,False,
MAT041,MAT122,0.7159,30,0.7976,0.0,0.7976,False,
MAT041,MAT123,0.7339,17,0.7976,0.0,0.7976,False,
MAT041,MAT124,0.6961,43,0.7976,0.0,0.7976,False,
MAT041,MAT126,0.4851,56,0.7976,0.0,0.7976,False,
MAT041,MAT141,0.7976,5,0.7976,0.0,0.7976,False,
MAT041,MAT142,0.7159,31,0.7976,0.0,0.7976,False,
MAT041,MAT143,0.7339,18,0.7976,0.0,0.7976,False,
MAT041,MAT144,0.6961,44,0.7976,0.0,0.7976,False,
MAT041,MAT146,0.4851,57,0.7976,0.0,0.7976,False,
MAT041,MAT161,0.7976,6,0.7976,0.0,0.7976,False,
MAT041,MAT162,0.7159,32,0.7976,0.0,0.7976,False,
MAT041,MAT163,0.7339,19,0.7976,0.0,0.7976,False,
MAT041,MAT164,0.6961,45,0.7976,0.0,0.7976,False,
MAT041,MAT166,0.4851,58,0.7976,0.0,0.7976,False,
MAT041,MAT181,0.7976,7,0.7976,0.0,0.7976,False,
MAT041,MAT182,0.7159,33,0.7976,0.0,0.7976,False,
MAT041,MAT183,0.7339,20,0.7976,0.0,0.7976,False,
MAT041,MAT184,0.6961,46,0.7976,0.0,0.7976,False,
MAT041,MAT186,0.4851,59,0.7976,0.0,0.7976,False,
MAT041,MAT201,0.7976,8,0.7976,0.0,0.7976,False,
MAT041,MAT202,0.7159,34,0.7976,0.0,0.7976,False,
MAT041,MAT203,0.7339,21,0.7976,0.0,0.7976,False,
MAT041,MAT204,0.6961,47,0.7976,0.0,0.7976,False,
MAT041,MAT206,0.4851,60,0.7976,0.0,0.7976,False,
MAT041,MAT221,0.7976,9,0.7976,0.0,0.7976,False,
MAT041,MAT222,0.7159,35,0.7976,0.0,0.7976,False,
MAT041,MAT223,0.7339,22,0.7976,0.0,0.7976,False,
MAT041,MAT224,0.6961,48,0.7976,0.0,0.7976,False,
MAT041,MAT226,0.4851,61,0.7976,0.0,0.7976,False,
MAT041,MAT241,0.7976,10,0.7976,0.0,0.7976,False,
MAT041,MAT242,0.7159,36,0.7976,0.0,0.7976,False,
MAT041,MAT243,0.7339,23,0.7976,0.0,0.7976,False,
MAT041,MAT244,0.6961,49,0.7976,0.0,0.7976,False,
MAT041,MAT246,0.4851,62,0.7976,0.0,0.7976,False,
MAT041,MAT261,0.7976,11,0.7976,0.0,0.7976,False,
MAT041,MAT262,0.7159,37,0.7976,0.0,0.7976,False,
MAT041,MAT263,0.7339,24,0.7976,0.0,0.7976,False,
MAT041,MAT264,0.6961,50,0.7976,0.0,0.7976,False,
MAT041,MAT266,0.4851,63,0.7976,0.0,0.7976,False,
MAT041,MAT281,0.7976,12,0.7976,0.0,0.7976,False,
MAT041,MAT282,0.7159,38,0.7976,0.0,0.7976,False,
MAT041,MAT283,0.7339,25,0.7976,0.0,0.7976,False,
MAT041,MAT284,0.6961,51,0.7976,0.0,0.7976,False,
MAT041,MAT286,0.4851,64,0.7976,0.0,0.7976,False,
MAT042,MAT043,0.6282,38,0.9232,0.0,0.9232,False,
MAT042,MAT044,0.8089,13,0.9232,0.0,0.9232,False,
MAT042,MAT046,0.5088,51,0.9232,0.0,0.9232,False,
MAT042,MAT061,0.7159,26,0.9232,0.0,0.9232,False,
MAT042,MAT062,0.9232,1,0.9232,0.0,0.9232,False,
MAT042,MAT063,0.6282,39,0.9232,0.0,0.9232,False,
MAT042,MAT064,0.8089,14,0.9232,0.0,0.9232,False,
MAT042,MAT066,0.5088,52,0.9232,0.0,0.9232,False,
MAT042,MAT081,0.7159,27,0.9232,0.0,0.9232,False,
MAT042,MAT082,0.9232,2,0.9232,0.0,0.9232,False,
MAT042,MAT083,0.6282,40,0.9232,0.0,0.9232,False,
MAT042,MAT084,0.8089,15,0.9232,0.0,0.9232,False,
MAT042,MAT086,0.5088,53,0.9232,0.0,0.9232,False,
MAT042,MAT101,0.7159,28,0.9232,0.0,0.9232,False,
MAT042,MAT102,0.9232,3,0.9232,0.0,0.9232,False,
MAT042,MAT103,0.6282,41,0.9232,0.0,0.9232,False,
MAT042,MAT104,0.8089,16,0.9232,0.0,0.9232,False,
MAT042,MAT106,0.5088,54,0.9232,0.0,0.9232,False,
MAT042,MAT121,0.7159,29,0.9232,0.0,0.9232,False,
MAT042,MAT122,0.9232,4,0.9232,0.0,0.9232,False,
MAT042,MAT123,0.6282,42,0.9232,0.0,0.9232,False,
MAT042,MAT124,0.8089,17,0.9232,0.0,0.9232,False,
MAT042,MAT126,0.5088,55,0.9232,0.0,0.9232,False,
MAT042,MAT141,0.7159,30,0.9232,0.0,0.9232,False,
MAT042,MAT142,0.9232,5,0.9232,0.0,0.9232,False,
MAT042,MAT143,0.6282,43,0.9232,0.0,0.9232,False,
MAT042,MAT144,0.8089,18,0.9232,0.0,0.9232,False,
MAT042,MAT146,0.5088,56,0.9232,0.0,0.9232,False,
MAT042,MAT161,0.7159,31,0.9232,0.0,0.9232,False,
MAT042,MAT162,0.9232,6,0.9232,0.0,0.9232,False,
MAT042,MAT163,0.6282,44,0.9232,0.0,0.9232,False,
MAT042,MAT164,0.8089,19,0.9232,0.0,0.9232,False,
MAT042,MAT166,0.5088,57,0.9232,0.0,0.9232,False,
MAT042,MAT181,0.7159,32,0.9232,0.0,0.9232,False,
MAT042,MAT182,0.9232,7,0.9232,0.0,0.9232,False,
MAT042,MAT183,0.6282,45,0.9232,0.0,0.9232,False,
MAT042,MAT184,0.8089,20,0.9232,0.0,0.9232,False,
MAT042,MAT186,0.5088,58,0.9232,0.0,0.9232,False,
MAT042,MAT201,0.7159,33,0.9232,0.0,0.9232,False,
MAT042,MAT202,0.9232,8,0.9232,0.0,0.9232,False,
MAT042,MAT203,0.6282,46,0.9232,0.0,0.9232,False,
MAT042,MAT204,0.8089,21,0.9232,0.0,0.9232,False,
MAT042,MAT206,0.5088,59,0.9232,0.0,0.9232,False,
MAT042,MAT221,0.7159,34,0.9232,0.0,0.9232,False,
MAT042,MAT222,0.9232,9,0.9232,0.0,0.9232,False,
MAT042,MAT223,0.6282,47,0.9232,0.0,0.9232,False,
MAT042,MAT224,0.8089,22,0.9232,0.0,0.9232,False,
MAT042,MAT226,0.5088,60,0.9232,0.0,0.9232,False,
MAT042,MAT241,0.7159,35,0.9232,0.0,0.9232,False,
MAT042,MAT242,0.9232,10,0.9232,0.0,0.9232,False,
MAT042,MAT243,0.6282,48,0.9232,0.0,0.9232,False,
MAT042,MAT244,0.8089,23,0.9232,0.0,0.9232,False,
MAT042,MAT246,0.5088,61,0.9232,0.0,0.9232,False,
MAT042,MAT261,0.7159,36,0.9232,0.0,0.9232,False,
MAT042,MAT262,0.9232,11,0.9232,0.0,0.9232,False,
MAT042,MAT263,0.6282,49,0.9232,0.0,0.9232,False,
MAT042,MAT264,0.8089,24,0.9232,0.0,0.9232,False,
MAT042,MAT266,0.5088,62,0.9232,0.0,0.9232,False,
MAT042,MAT281,0.7159,37,0.9232,0.0,0.9232,False,
MAT042,MAT282,0.9232,12,0.9232,0.0,0.9232,False,
MAT042,MAT283,0.6282,50,0.9232,0.0,0.9232,False,
MAT042,MAT284,0.8089,25,0.9232,0.0,0.9232,False,
MAT042,MAT286,0.5088,63,0.9232,0.0,0.9232,False,
MAT043,MAT044,0.7511,13,0.772,0.0,0.772,False,
MAT043,MAT046,0.4978,50,0.772,0.0,0.772,False,
MAT043,MAT061,0.7339,26,0.772,0.0,0.772,False,
MAT043,MAT062,0.6282,38,0.772,0.0,0.772,False,
MAT043,MAT063,0.772,1,0.772,0.0,0.772,False,
MAT043,MAT064,0.7511,14,0.772,0.0,0.772,False,
MAT043,MAT066,0.4978,51,0.772,0.0,0.772,False,
MAT043,MAT081,0.7339,27,0.772,0.0,0.772,False,
MAT043,MAT082,0.6282,39,0.772,0.0,0.772,False,
MAT043,MAT083,0.772,2,0.772,0.0,0.772,False,
MAT043,MAT084,0.7511,15,0.772,0.0,0.772,False,
MAT043,MAT086,0.4978,52,0.772,0.0,0.772,False,
MAT043,MAT101,0.7339,28,0.772,0.0,0.772,False,
MAT043,MAT102,0.6282,40,0.772,0.0,0.772,False,
MAT043,MAT103,0.772,3,0.772,0.0,0.772,False,
MAT043,MAT104,0.7511,16,0.772,0.0,0.772,False,
MAT043,MAT106,0.4978,53,0.772,0.0,0.772,False,
MAT043,MAT121,0.7339,29,0.772,0.0,0.772,False,
MAT043,MAT122,0.6282,41,0.772,0.0,0.772,False,
MAT043,MAT123,0.772,4,0.772,0.0,0.772,False,
MAT043,MAT124,0.7511,17,0.772,0.0,0.772,False,
MAT043,MAT126,0.4978,54,0.772,0.0,0.772,False,
MAT043,MAT141,0.7339,30,0.772,0.0,0.772,False,
MAT043,MAT142,0.6282,42,0.772,0.0,0.772,False,
MAT043,MAT143,0.772,5,0.772,0.0,0.772,False,
MAT043,MAT144,0.7511,18,0.772,0.0,0.772,False,
MAT043,MAT146,0.4978,55,0.772,0.0,0.772,False,
MAT043,MAT161,0.7339,31,0.772,0.0,0.772,False,
MAT043,MAT162,0.6282,43,0.772,0.0,0.772,False,
MAT043,MAT163,0.772,6,0.772,0.0,0.772,False,
MAT043,MAT164,0.7511,19,0.772,0.0,0.772,False,
MAT043,MAT166,0.4978,56,0.772,0.0,0.772,False,
MAT043,MAT181,0.7339,32,0.772,0.0,0.772,False,
MAT043,MAT182,0.6282,44,0.772,0.0,0.772,False,
MAT043,MAT183,0.772,7,0.772,0.0,0.772,False,
MAT043,MAT184,0.7511,20,0.772,0.0,0.772,False,
MAT043,MAT186,0.4978,57,0.772,0.0,0.772,False,
MAT043,MAT201,0.7339,33,0.772,0.0,0.772,False,
MAT043,MAT202,0.6282,45,0.772,0.0,0.772,False,
MAT043,MAT203,0.772,8,0.772,0.0,0.772,False,
MAT043,MAT204,0.7511,21,0.772,0.0,0.772,False,
MAT043,MAT206,0.4978,58,0.772,0.0,0.772,False,
MAT043,MAT221,0.7339,34,0.772,0.0,0.772,False,
MAT043,MAT222,0.6282,46,0.772,0.0,0.772,False,
MAT043,MAT223,0.772,9,0.772,0.0,0.772,False,
MAT043,MAT224,0.7511,22,0.772,0.0,0.772,False,
MAT043,MAT226,0.4978,59,0.772,0.0,0.772,False,
MAT043,MAT241,0.7339,35,0.772,0.0,0.772,False,
MAT043,MAT242,0.6282,47,0.772,0.0,0.772,False,
MAT043,MAT243,0.772,10,0.772,0.0,0.772,False,
MAT043,MAT244,0.7511,23,0.772,0.0,0.772,False,
MAT043,MAT246,0.4978,60,0.772,0.0,0.772,False,
MAT043,MAT261,0.7339,36,0.772,0.0,0.772,False,
MAT043,MAT262,0.6282,48,0.772,0.0,0.772,False,
MAT043,MAT263,0.772,11,0.772,0.0,0.772,False,
MAT043,MAT264,0.7511,24,0.772,0.0,0.772,False,
MAT043,MAT266,0.4978,61,0.772,0.0,0.772,False,
MAT043,MAT281,0.7339,37,0.772,0.0,0.772,False,
MAT043,MAT282,0.6282,49,0.772,0.0,0.772,False,
MAT043,MAT283,0.772,12,0.772,0.0,0.772,False,
MAT043,MAT284,0.7511,25,0.772,0.0,0.772,False,
MAT043,MAT286,0.4978,62,0.772,0.0,0.772,False,
MAT044,MAT045,0.4181,62,0.8976,0.0,0.8976,False,
MAT044,MAT046,0.5166,49,0.8976,0.0,0.8976,False,
MAT044,MAT061,0.6961,37,0.8976,0.0,0.8976,False,
MAT044,MAT062,0.8089,13,0.8976,0.0,0.8976,False,
MAT044,MAT063,0.7511,25,0.8976,0.0,0.8976,False,
MAT044,MAT064,0.8976,1,0.8976,0.0,0.8976,False,
MAT044,MAT065,0.4181,63,0.8976,0.0,0.8976,False,
MAT044,MAT066,0.5166,50,0.8976,0.0,0.8976,False,
MAT044,MAT081,0.6961,38,0.8976,0.0,0.8976,False,
MAT044,MAT082,0.8089,14,0.8976,0.0,0.8976,False,
MAT044,MAT083,0.7511,26,0.8976,0.0,0.8976,False,
MAT044,MAT084,0.8976,2,0.8976,0.0,0.8976,False,
MAT044,MAT085,0.4181,64,0.8976,0.0,0.8976,False,
MAT044,MAT086,0.5166,51,0.8976,0.0,0.8976,False,
MAT044,MAT101,0.6961,39,0.8976,0.0,0.8976,False,
MAT044,MAT102,0.8089,15,0.8976,0.0,0.8976,False,
MAT044,MAT103,0.7511,27,0.8976,0.0,0.8976,False,
MAT044,MAT104,0.8976,3,0.8976,0.0,0.8976,False,
MAT044,MAT105,0.4181,65,0.8976,0.0,0.8976,False,
MAT044,MAT106,0.5166,52,0.8976,0.0,0.8976,False,
MAT044,MAT121,0.6961,40,0.8976,0.0,0.8976,False,
MAT044,MAT122,0.8089,16,0.8976,0.0,0.8976,False,
MAT044,MAT123,0.7511,28,0.8976,0.0,0.8976,False,
MAT044,MAT124,0.8976,4,0.8976,0.0,0.8976,False,
MAT044,MAT125,0.4181,66,0.8976,0.0,0.8976,False,
MAT044,MAT126,0.5166,53,0.8976,0.0,0.8976,False,
MAT044,MAT141,0.6961,41,0.8976,0.0,0.8976,False,
MAT044,MAT142,0.8089,17,0.8976,0.0,0.8976,False,
MAT044,MAT143,0.7511,29,0.8976,0.0,0.8976,False,
MAT044,MAT144,0.8976,5,0.8976,0.0,0.8976,False,
MAT044,MAT145,0.4181,67,0.8976,0.0,0.8976,False,
MAT044,MAT146,0.5166,54,0.8976,0.0,0.8976,False,
MAT044,MAT161,0.6961,42,0.8976,0.0,0.8976,False,
MAT044,MAT162,0.8089,18,0.8976,0.0,0.8976,False,
MAT044,MAT163,0.7511,30,0.8976,0.0,0.8976,False,
MAT044,MAT164,0.8976,6,0.8976,0.0,0.8976,False,
MAT044,MAT165,0.4181,68,0.8976,0.0,0.8976,False,
MAT044,MAT166,0.5166,55,0.8976,0.0,0.8976,False,
MAT044,MAT181,0.6961,43,0.8976,0.0,0.8976,False,
MAT044,MAT182,0.8089,19,0.8976,0.0,0.8976,False,
MAT044,MAT183,0.7511,31,0.8976,0.0,0.8976,False,
MAT044,MAT184,0.8976,7,0.8976,0.0,0.8976,False,
MAT044,MAT185,0.4181,69,0.8976,0.0,0.8976,False,
MAT044,MAT186,0.5166,56,0.8976,0.0,0.8976,False,
MAT044,MAT201,0.6961,44,0.8976,0.0,0.8976,False,
MAT044,MAT202,0.8089,20,0.8976,0.0,0.8976,False,
MAT044,MAT203,0.7511,32,0.8976,0.0,0.8976,False,
MAT044,MAT204,0.8976,8,0.8976,0.0,0.8976,False,
MAT044,MAT205,0.4181,70,0.8976,0.0,0.8976,False,
MAT044,MAT206,0.5166,57,0.8976,0.0,0.8976,False,
MAT044,MAT221,0.6961,45,0.8976,0.0,0.8976,False,
MAT044,MAT222,0.8089,21,0.8976,0.0,0.8976,False,
MAT044,MAT223,0.7511,33,0.8976,0.0,0.8976,False,
MAT044,MAT224,0.8976,9,0.8976,0.0,0.8976,False,
MAT044,MAT225,0.4181,71,0.8976,0.0,0.8976,False,
MAT044,MAT226,0.5166,58,0.8976,0.0,0.8976,False,
MAT044,MAT241,0.6961,46,0.8976,0.0,0.8976,False,
MAT044,MAT242,0.8089,22,0.8976,0.0,0.8976,False,
MAT044,MAT243,0.7511,34,0.8976,0.0,0.8976,False,
MAT044,MAT244,0.8976,10,0.8976,0.0,0.8976,False,
MAT044,MAT245,0.4181,72,0.8976,0.0,0.8976,False,
MAT044,MAT246,0.5166,59,0.8976,0.0,0.8976,False,
MAT044,MAT261,0.6961,47,0.8976,0.0,0.8976,False,
MAT044,MAT262,0.8089,23,0.8976,0.0,0.8976,False,
MAT044,MAT263,0.7511,35,0.8976,0.0,0.8976,False,
MAT044,MAT264,0.8976,11,0.8976,0.0,0.8976,False,
MAT044,MAT265,0.4181,73,0.8976,0.0,0.8976,False,
MAT044,MAT266,0.5166,60,0.8976,0.0,0.8976,False,
MAT044,MAT281,0.6961,48,0.8976,0.0,0.8976,False,
MAT044,MAT282,0.8089,24,0.8976,0.0,0.8976,False,
MAT044,MAT283,0.7511,36,0.8976,0.0,0.8976,False,
MAT044,MAT284,0.8976,12,0.8976,0.0,0.8976,False,
MAT044,MAT285,0.4181,74,0.8976,0.0,0.8976,False,
MAT044,MAT286,0.5166,61,0.8976,0.0,0.8976,False,
MAT045,MAT046,0.6342,13,0.7131,0.0,0.7131,False,
MAT045,MAT064,0.4181,26,0.7131,0.0,0.7131,False,
MAT045,MAT065,0.7131,1,0.7131,0.0,0.7131,False,
MAT045,MAT066,0.6342,14,0.7131,0.0,0.7131,False,
MAT045,MAT084,0.4181,27,0.7131,0.0,0.7131,False,
MAT045,MAT085,0.7131,2,0.7131,0.0,0.7131,False,
MAT045,MAT086,0.6342,15,0.7131,0.0,0.7131,False,
MAT045,MAT104,0.4181,28,0.7131,0.0,0.7131,False,
MAT045,MAT105,0.7131,3,0.7131,0.0,0.7131,False,
MAT045,MAT106,0.6342,16,0.7131,0.0,0.7131,False,
MAT045,MAT124,0.4181,29,0.7131,0.0,0.7131,False,
MAT045,MAT125,0.7131,4,0.7131,0.0,0.7131,False,
MAT045,MAT126,0.6342,17,0.7131,0.0,0.7131,False,
MAT045,MAT144,0.4181,30,0.7131,0.0,0.7131,False,
MAT045,MAT145,0.7131,5,0.7131,0.0,0.7131,False,
MAT045,MAT146,0.6342,18,0.7131,0.0,0.7131,False,
MAT045,MAT164,0.4181,31,0.7131,0.0,0.7131,False,
MAT045,MAT165,0.7131,6,0.7131,0.0,0.7131,False,
MAT045,MAT166,0.6342,19,0.7131,0.0,0.7131,False,
MAT045,MAT184,0.4181,32,0.7131,0.0,0.7131,False,
MAT045,MAT185,0.7131,7,0.7131,0.0,0.7131,False,
MAT045,MAT186,0.6342,20,0.7131,0.0,0.7131,False,
MAT045,MAT204,0.4181,33,0.7131,0.0,0.7131,False,
MAT045,MAT205,0.7131,8,0.7131,0.0,0.7131,False,
MAT045,MAT206,0.6342,21,0.7131,0.0,0.7131,False,
MAT045,MAT224,0.4181,34,0.7131,0.0,0.7131,False,
MAT045,MAT225,0.7131,9,0.7131,0.0,0.7131,False,
MAT045,MAT226,0.6342,22,0.7131,0.0,0.7131,False,
MAT045,MAT244,0.4181,35,0.7131,0.0,0.7131,False,
MAT045,MAT245,0.7131,10,0.7131,0.0,0.7131,False,
MAT045,MAT246,0.6342,23,0.7131,0.0,0.7131,False,
MAT045,MAT264,0.4181,36,0.7131,0.0,0.7131,False,
MAT045,MAT265,0.7131,11,0.7131,0.0,0.7131,False,
MAT045,MAT266,0.6342,24,0.7131,0.0,0.7131,False,
MAT045,MAT284,0.4181,37,0.7131,0.0,0.7131,False,
MAT045,MAT285,0.7131,12,0.7131,0.0,0.7131,False,
MAT045,MAT286,0.6342,25,0.7131,0.0,0.7131,False,
MAT046,MAT061,0.4851,61,0.772,0.0,0.772,False,
MAT046,MAT062,0.5088,37,0.772,0.0,0.772,False,
MAT046,MAT063,0.4978,49,0.772,0.0,0.772,False,
MAT046,MAT064,0.5166,25,0.772,0.0,0.772,False,
MAT046,MAT065,0.6342,13,0.772,0.0,0.772,False,
MAT046,MAT066,0.772,1,0.772,0.0,0.772,False,
MAT046,MAT081,0.4851,62,0.772,0.0,0.772,False,
MAT046,MAT082,0.5088,38,0.772,0.0,0.772,False,
MAT046,MAT083,0.4978,50,0.772,0.0,0.772,False,
MAT046,MAT084,0.5166,26,0.772,0.0,0.772,False,
MAT046,MAT085,0.6342,14,0.772,0.0,0.772,False,
MAT046,MAT086,0.772,2,0.772,0.0,0.772,False,
MAT046,MAT101,0.4851,63,0.772,0.0,0.772,False,
MAT046,MAT102,0.5088,39,0.772,0.0,0.772,False,
MAT046,MAT103,0.4978,51,0.772,0.0,0.772,False,
MAT046,MAT104,0.5166,27,0.772,0.0,0.772,False,
MAT046,MAT105,0.6342,15,0.772,0.0,0.772,False,
MAT046,MAT106,0.772,3,0.772,0.0,0.772,False,
MAT046,MAT121,0.4851,64,0.772,0.0,0.772,False,
MAT046,MAT122,0.5088,40,0.772,0.0,0.772,False,
MAT046,MAT123,0.4978,52,0.772,0.0,0.772,False,
MAT046,MAT124,0.5166,28,0.772,0.0,0.772,False,
MAT046,MAT125,0.6342,16,0.772,0.0,0.772,False,
MAT046,MAT126,0.772,4,0.772,0.0,0.772,False,
MAT046,MAT141,0.4851,65,0.772,0.0,0.772,False,
MAT046,MAT142,0.5088,41,0.772,0.0,0.772,False,
MAT046,MAT143,0.4978,53,0.772,0.0,0.772,False,
MAT046,MAT144,0.5166,29,0.772,0.0,0.772,False,
MAT046,MAT145,0.6342,17,0.772,0.0,0.772,False,
MAT046,MAT146,0.772,5,0.772,0.0,0.772,False,
MAT046,MAT161,0.4851,66,0.772,0.0,0.772,False,
MAT046,MAT162,0.5088,42,0.772,0.0,0.772,False,
MAT046,MAT163,0.4978,54,0.772,0.0,0.772,False,
MAT046,MAT164,0.5166,30,0.772,0.0,0.772,False,
MAT046,MAT165,0.6342,18,0.772,0.0,0.772,False,
MAT046,MAT166,0.772,6,0.772,0.0,0.772,False,
MAT046,MAT181,0.4851,67,0.772,0.0,0.772,False,
MAT046,MAT182,0.5088,43,0.772,0.0,0.772,False,
MAT046,MAT183,0.4978,55,0.772,0.0,0.772,False,
MAT046,MAT184,0.5166,31,0.772,0.0,0.772,False,
MAT046,MAT185,0.6342,19,0.772,0.0,0.772,False,
MAT046,MAT186,0.772,7,0.772,0.0,0.772,False,
MAT046,MAT201,0.4851,68,0.772,0.0,0.772,False,
MAT046,MAT202,0.5088,44,0.772,0.0,0.772,False,
MAT046,MAT203,0.4978,56,0.772,0.0,0.772,False,
MAT046,MAT204,0.5166,32,0.772,0.0,0.772,False,
MAT046,MAT205,0.6342,20,0.772,0.0,0.772,False,
MAT046,MAT206,0.772,8,0.772,0.0,0.772,False,
MAT046,MAT221,0.4851,69,0.772,0.0,0.772,False,
MAT046,MAT222,0.5088,45,0.772,0.0,0.772,False,
MAT046,MAT223,0.4978,57,0.772,0.0,0.772,False,
MAT046,MAT224,0.5166,33,0.772,0.0,0.772,False,
MAT046,MAT225,0.6342,21,0.772,0.0,0.772,False,
MAT046,MAT226,0.772,9,0.772,0.0,0.772,False,
MAT046,MAT241,0.4851,70,0.772,0.0,0.772,False,
MAT046,MAT242,0.5088,46,0.772,0.0,0.772,False,
MAT046,MAT243,0.4978,58,0.772,0.0,0.772,False,
MAT046,MAT244,0.5166,34,0.772,0.0,0.772,False,
MAT046,MAT245,0.6342,22,0.772,0.0,0.772,False,
MAT046,MAT246,0.772,10,0.772,0.0,0.772,False,
MAT046,MAT261,0.4851,71,0.772,0.0,0.772,False,
MAT046,MAT262,0.5088,47,0.772,0.0,0.772,False,
MAT046,MAT263,0.4978,59,0.772,0.0,0.772,False,
MAT046,MAT264,0.5166,35,0.772,0.0,0.772,False,
MAT046,MAT265,0.6342,23,0.772,0.0,0.772,False,
MAT046,MAT266,0.772,11,0.772,0.0,0.772,False,
MAT046,MAT281,0.4851,72,0.772,0.0,0.772,False,
MAT046,MAT282,0.5088,48,0.772,0.0,0.772,False,
MAT046,MAT283,0.4978,60,0.772,0.0,0.772,False,
MAT046,MAT284,0.5166,36,0.772,0.0,0.772,False,
MAT046,MAT285,0.6342,24,0.772,0.0,0.772,False,
MAT046,MAT286,0.772,12,0.772,0.0,0.772,False,
MAT047,MAT048,0.8131,1,0.8131,0.0,0.8131,False,
MAT047,MAT049,0.2442,39,0.8131,0.0,0.8131,False,
MAT047,MAT050,0.4921,26,0.8131,0.0,0.8131,False,
MAT047,MAT067,0.8131,2,0.8131,0.0,0.8131,False,
MAT047,MAT068,0.8131,3,0.8131,0.0,0.8131,False,
MAT047,MAT069,0.2442,40,0.8131,0.0,0.8131,False,
MAT047,MAT070,0.4921,27,0.8131,0.0,0.8131,False,
MAT047,MAT087,0.8131,4,0.8131,0.0,0.8131,False,
MAT047,MAT088,0.8131,5,0.8131,0.0,0.8131,False,
MAT047,MAT089,0.2442,41,0.8131,0.0,0.8131,False,
MAT047,MAT090,0.4921,28,0.8131,0.0,0.8131,False,
MAT047,MAT107,0.8131,6,0.8131,0.0,0.8131,False,
MAT047,MAT108,0.8131,7,0.8131,0.0,0.8131,False,
MAT047,MAT109,0.2442,42,0.8131,0.0,0.8131,False,
MAT047,MAT110,0.4921,29,0.8131,0.0,0.8131,False,
MAT047,MAT127,0.8131,8,0.8131,0.0,0.8131,False,
MAT047,MAT128,0.8131,9,0.8131,0.0,0.8131,False,
MAT047,MAT129,0.2442,43,0.8131,0.0,0.8131,False,
MAT047,MAT130,0.4921,30,0.8131,0.0,0.8131,False,
MAT047,MAT147,0.8131,10,0.8131,0.0,0.8131,False,
MAT047,MAT148,0.8131,11,0.8131,0.0,0.8131,False,
MAT047,MAT149,0.2442,44,0.8131,0.0,0.8131,False,
MAT047,MAT150,0.4921,31,0.8131,0.0,0.8131,False,
MAT047,MAT167,0.8131,12,0.8131,0.0,0.8131,False,
MAT047,MAT168,0.8131,13,0.8131,0.0,0.8131,False,
MAT047,MAT169,0.2442,45,0.8131,0.0,0.8131,False,
MAT047,MAT170,0.4921,32,0.8131,0.0,0.8131,False,
MAT047,MAT187,0.8131,14,0.8131,0.0,0.8131,False,
MAT047,MAT188,0.8131,15,0.8131,0.0,0.8131,False,
MAT047,MAT189,0.2442,46,0.8131,0.0,0.8131,False,
MAT047,MAT190,0.4921,33,0.8131,0.0,0.8131,False,
MAT047,MAT207,0.8131,16,0.8131,0.0,0.8131,False,
MAT047,MAT208,0.8131,17,0.8131,0.0,0.8131,False,
MAT047,MAT209,0.2442,47,0.8131,0.0,0.8131,False,
MAT047,MAT210,0.4921,34,0.8131,0.0,0.8131,False,
MAT047,MAT227,0.8131,18,0.8131,0.0,0.8131,False,
MAT047,MAT228,0.8131,19,0.8131,0.0,0.8131,False,
MAT047,MAT229,0.2442,48,0.8131,0.0,0.8131,False,
MAT047,MAT230,0.4921,35,0.8131,0.0,0.8131,False,
MAT047,MAT247,0.8131,20,0.8131,0.0,0.8131,False,
MAT047,MAT248,0.8131,21,0.8131,0.0,0.8131,False,
MAT047,MAT249,0.2442,49,0.8131,0.0,0.8131,False,
MAT047,MAT250,0.4921,36,0.8131,0.0,0.8131,False,
MAT047,MAT267,0.8131,22,0.8131,0.0,0.8131,False,
MAT047,MAT268,0.8131,23,0.8131,0.0,0.8131,False,
MAT047,MAT269,0.2442,50,0.8131,0.0,0.8131,False,
MAT047,MAT270,0.4921,37,0.8131,0.0,0.8131,False,
MAT047,MAT287,0.8131,24,0.8131,0.0,0.8131,False,
MAT047,MAT288,0.8131,25,0.8131,0.0,0.8131,False,
MAT047,MAT289,0.2442,51,0.8131,0.0,0.8131,False,
MAT047,MAT290,0.4921,38,0.8131,0.0,0.8131,False,
MAT048,MAT049,0.2206,38,0.8131,0.0,0.8131,False,
MAT048,MAT050,0.4685,25,0.8131,0.0,0.8131,False,
MAT048,MAT067,0.8131,1,0.8131,0.0,0.8131,False,
MAT048,MAT068,0.8131,2,0.8131,0.0,0.8131,False,
MAT048,MAT069,0.2206,39,0.8131,0.0,0.8131,False,
MAT048,MAT070,0.4685,26,0.8131,0.0,0.8131,False,
MAT048,MAT087,0.8131,3,0.8131,0.0,0.8131,False,
MAT048,MAT088,0.8131,4,0.8131,0.0,0.8131,False,
MAT048,MAT089,0.2206,40,0.8131,0.0,0.8131,False,
MAT048,MAT090,0.4685,27,0.8131,0.0,0.8131,False,
MAT048,MAT107,0.8131,5,0.8131,0.0,0.8131,False,
MAT048,MAT108,0.8131,6,0.8131,0.0,0.8131,False,
MAT048,MAT109,0.2206,41,0.8131,0.0,0.8131,False,
MAT048,MAT110,0.4685,28,0.8131,0.0,0.8131,False,
MAT048,MAT127,0.8131,7,0.8131,0.0,0.8131,False,
MAT048,MAT128,0.8131,8,0.8131,0.0,0.8131,False,
MAT048,MAT129,0.2206,42,0.8131,0.0,0.8131,False,
MAT048,MAT130,0.4685,29,0.8131,0.0,0.8131,False,
MAT048,MAT147,0.8131,9,0.8131,0.0,0.8131,False,
MAT048,MAT148,0.8131,10,0.8131,0.0,0.8131,False,
MAT048,MAT149,0.2206,43,0.8131,0.0,0.8131,False,
MAT048,MAT150,0.4685,30,0.8131,0.0,0.8131,False,
MAT048,MAT167,0.8131,11,0.8131,0.0,0.8131,False,
MAT048,MAT168,0.8131,12,0.8131,0.0,0.8131,False,
MAT048,MAT169,0.2206,44,0.8131,0.0,0.8131,False,
MAT048,MAT170,0.4685,31,0.8131,0.0,0.8131,False,
MAT048,MAT187,0.8131,13,0.8131,0.0,0.8131,False,
MAT048,MAT188,0.8131,14,0.8131,0.0,0.8131,False,
MAT048,MAT189,0.2206,45,0.8131,0.0,0.8131,False,
MAT048,MAT190,0.4685,32,0.8131,0.0,0.8131,False,
MAT048,MAT207,0.8131,15,0.8131,0.0,0.8131,False,
MAT048,MAT208,0.8131,16,0.8131,0.0,0.8131,False,
MAT048,MAT209,0.2206,46,0.8131,0.0,0.8131,False,
MAT048,MAT210,0.4685,33,0.8131,0.0,0.8131,False,
MAT048,MAT227,0.8131,17,0.8131,0.0,0.8131,False,
MAT048,MAT228,0.8131,18,0.8131,0.0,0.8131,False,
MAT048,MAT229,0.2206,47,0.8131,0.0,0.8131,False,
MAT048,MAT230,0.4685,34,0.8131,0.0,0.8131,False,
MAT048,MAT247,0.8131,19,0.8131,0.0,0.8131,False,
MAT048,MAT248,0.8131,20,0.8131,0.0,0.8131,False,
MAT048,MAT249,0.2206,48,0.8131,0.0,0.8131,False,
MAT048,MAT250,0.4685,35,0.8131,0.0,0.8131,False,
MAT048,MAT267,0.8131,21,0.8131,0.0,0.8131,False,
MAT048,MAT268,0.8131,22,0.8131,0.0,0.8131,False,
MAT048,MAT269,0.2206,49,0.8131,0.0,0.8131,False,
MAT048,MAT270,0.4685,36,0.8131,0.0,0.8131,False,
MAT048,MAT287,0.8131,23,0.8131,0.0,0.8131,False,
MAT048,MAT288,0.8131,24,0.8131,0.0,0.8131,False,
MAT048,MAT289,0.2206,50,0.8131,0.0,0.8131,False,
MAT048,MAT290,0.4685,37,0.8131,0.0,0.8131,False,
MAT049,MAT050,0.5989,13,0.8131,0.0,0.8131,False,
MAT049,MAT067,0.2442,26,0.8131,0.0,0.8131,False,
MAT049,MAT068,0.2206,38,0.8131,0.0,0.8131,False,
MAT049,MAT069,0.8131,1,0.8131,0.0,0.8131,False,
MAT049,MAT070,0.5989,14,0.8131,0.0,0.8131,False,
MAT049,MAT087,0.2442,27,0.8131,0.0,0.8131,False,
MAT049,MAT088,0.2206,39,0.8131,0.0,0.8131,False,
MAT049,MAT089,0.8131,2,0.8131,0.0,0.8131,False,
MAT049,MAT090,0.5989,15,0.8131,0.0,0.8131,False,
MAT049,MAT107,0.2442,28,0.8131,0.0,0.8131,False,
MAT049,MAT108,0.2206,40,0.8131,0.0,0.8131,False,
MAT049,MAT109,0.8131,3,0.8131,0.0,0.8131,False,
MAT049,MAT110,0.5989,16,0.8131,0.0,0.8131,False,
MAT049,MAT127,0.2442,29,0.8131,0.0,0.8131,False,
MAT049,MAT128,0.2206,41,0.8131,0.0,0.8131,False,
MAT049,MAT129,0.8131,4,0.8131,0.0,0.8131,False,
MAT049,MAT130,0.5989,17,0.8131,0.0,0.8131,False,
MAT049,MAT147,0.2442,30,0.8131,0.0,0.8131,False,
MAT049,MAT148,0.2206,42,0.8131,0.0,0.8131,False,
MAT049,MAT149,0.8131,5,0.8131,0.0,0.8131,False,
MAT049,MAT150,0.5989,18,0.8131,0.0,0.8131,False,
MAT049,MAT167,0.2442,31,0.8131,0.0,0.8131,False,
MAT049,MAT168,0.2206,43,0.8131,0.0,0.8131,False,
MAT049,MAT169,0.8131,6,0.8131,0.0,0.8131,False,
MAT049,MAT170,0.5989,19,0.8131,0.0,0.8131,False,
MAT049,MAT187,0.2442,32,0.8131,0.0,0.8131,False,
MAT049,MAT188,0.2206,44,0.8131,0.0,0.8131,False,
MAT049,MAT189,0.8131,7,0.8131,0.0,0.8131,False,
MAT049,MAT190,0.5989,20,0.8131,0.0,0.8131,False,
MAT049,MAT207,0.2442,33,0.8131,0.0,0.8131,False,
MAT049,MAT208,0.2206,45,0.8131,0.0,0.8131,False,
MAT049,MAT209,0.8131,8,0.8131,0.0,0.8131,False,
MAT049,MAT210,0.5989,21,0.8131,0.0,0.8131,False,
MAT049,MAT227,0.2442,34,0.8131,0.0,0.8131,False,
MAT049,MAT228,0.2206,46,0.8131,0.0,0.8131,False,
MAT049,MAT229,0.8131,9,0.8131,0.0,0.8131,False,
MAT049,MAT230,0.5989,22,0.8131,0.0,0.8131,False,
MAT049,MAT247,0.2442,35,0.8131,0.0,0.8131,False,
MAT049,MAT248,0.2206,47,0.8131,0.0,0.8131,False,
MAT049,MAT249,0.8131,10,0.8131,0.0,0.8131,False,
MAT049,MAT250,0.5989,23,0.8131,0.0,0.8131,False,
MAT049,MAT267,0.2442,36,0.8131,0.0,0.8131,False,
MAT049,MAT268,0.2206,48,0.8131,0.0,0.8131,False,
MAT049,MAT269,0.8131,11,0.8131,0.0,0.8131,False,
MAT049,MAT270,0.5989,24,0.8131,0.0,0.8131,False,
MAT049,MAT287,0.2442,37,0.8131,0.0,0.8131,False,
MAT049,MAT288,0.2206,49,0.8131,0.0,0.8131,False,
MAT049,MAT289,0.8131,12,0.8131,0.0,0.8131,False,
MAT049,MAT290,0.5989,25,0.8131,0.0,0.8131,False,
MAT050,MAT067,0.4921,25,0.6875,0.0,0.6875,False,
MAT050,MAT068,0.4685,37,0.6875,0.0,0.6875,False,
MAT050,MAT069,0.5989,13,0.6875,0.0,0.6875,False,
MAT050,MAT070,0.6875,1,0.6875,0.0,0.6875,False,
MAT050,MAT087,0.4921,26,0.6875,0.0,0.6875,False,
MAT050,MAT088,0.4685,38,0.6875,0.0,0.6875,False,
MAT050,MAT089,0.5989,14,0.6875,0.0,0.6875,False,
MAT050,MAT090,0.6875,2,0.6875,0.0,0.6875,False,
MAT050,MAT107,0.4921,27,0.6875,0.0,0.6875,False,
MAT050,MAT108,0.4685,39,0.6875,0.0,0.6875,False,
MAT050,MAT109,0.5989,15,0.6875,0.0,0.6875,False,
MAT050,MAT110,0.6875,3,0.6875,0.0,0.6875,False,
MAT050,MAT127,0.4921,28,0.6875,0.0,0.6875,False,
MAT050,MAT128,0.4685,40,0.6875,0.0,0.6875,False,
MAT050,MAT129,0.5989,16,0.6875,0.0,0.6875,False,
MAT050,MAT130,0.6875,4,0.6875,0.0,0.6875,False,
MAT050,MAT147,0.4921,29,0.6875,0.0,0.6875,False,
MAT050,MAT148,0.4685,41,0.6875,0.0,0.6875,False,
MAT050,MAT149,0.5989,17,0.6875,0.0,0.6875,False,
MAT050,MAT150,0.6875,5,0.6875,0.0,0.6875,False,
MAT050,MAT167,0.4921,30,0.6875,0.0,0.6875,False,
MAT050,MAT168,0.4685,42,0.6875,0.0,0.6875,False,
MAT050,MAT169,0.5989,18,0.6875,0.0,0.6875,False,
MAT050,MAT170,0.6875,6,0.6875,0.0,0.6875,False,
MAT050,MAT187,0.4921,31,0.6875,0.0,0.6875,False,
MAT050,MAT188,0.4685,43,0.6875,0.0,0.6875,False,
MAT050,MAT189,0.5989,19,0.6875,0.0,0.6875,False,
MAT050,MAT190,0.6875,7,0.6875,0.0,0.6875,False,
MAT050,MAT207,0.4921,32,0.6875,0.0,0.6875,False,
MAT050,MAT208,0.4685,44,0.6875,0.0,0.6875,False,
MAT050,MAT209,0.5989,20,0.6875,0.0,0.6875,False,
MAT050,MAT210,0.6875,8,0.6875,0.0,0.6875,False,
MAT050,MAT227,0.4921,33,0.6875,0.0,0.6875,False,
MAT050,MAT228,0.4685,45,0.6875,0.0,0.6875,False,
MAT050,MAT229,0.5989,21,0.6875,0.0,0.6875,False,
MAT050,MAT230,0.6875,9,0.6875,0.0,0.6875,False,
MAT050,MAT247,0.4921,34,0.6875,0.0,0.6875,False,
MAT050,MAT248,0.4685,46,0.6875,0.0,0.6875,False,
MAT050,MAT249,0.5989,22,0.6875,0.0,0.6875,False,
MAT050,MAT250,0.6875,10,0.6875,0.0,0.6875,False,
MAT050,MAT267,0.4921,35,0.6875,0.0,0.6875,False,
MAT050,MAT268,0.4685,47,0.6875,0.0,0.6875,False,
MAT050,MAT269,0.5989,23,0.6875,0.0,0.6875,False,
MAT050,MAT270,0.6875,11,0.6875,0.0,0.6875,False,
MAT050,MAT287,0.4921,36,0.6875,0.0,0.6875,False,
MAT050,MAT288,0.4685,48,0.6875,0.0,0.6875,False,
MAT050,MAT289,0.5989,24,0.6875,0.0,0.6875,False,
MAT050,MAT290,0.6875,12,0.6875,0.0,0.6875,False,
MAT051,MAT052,0.7008,13,0.8131,0.0,0.8131,False,
MAT051,MAT054,0.2852,26,0.8131,0.0,0.8131,False,
MAT051,MAT071,0.8131,1,0.8131,0.0,0.8131,False,
MAT051,MAT072,0.7008,14,0.8131,0.0,0.8131,False,
MAT051,MAT074,0.2852,27,0.8131,0.0,0.8131,False,
MAT051,MAT091,0.8131,2,0.8131,0.0,0.8131,False,
MAT051,MAT092,0.7008,15,0.8131,0.0,0.8131,False,
MAT051,MAT094,0.2852,28,0.8131,0.0,0.8131,False,
MAT051,MAT111,0.8131,3,0.8131,0.0,0.8131,False,
MAT051,MAT112,0.7008,16,0.8131,0.0,0.8131,False,
MAT051,MAT114,0.2852,29,0.8131,0.0,0.8131,False,
MAT051,MAT131,0.8131,4,0.8131,0.0,0.8131,False,
MAT051,MAT132,0.7008,17,0.8131,0.0,0.8131,False,
MAT051,MAT134,0.2852,30,0.8131,0.0,0.8131,False,
MAT051,MAT151,0.8131,5,0.8131,0.0,0.8131,False,
MAT051,MAT152,0.7008,18,0.8131,0.0,0.8131,False,
MAT051,MAT154,0.2852,31,0.8131,0.0,0.8131,False,
MAT051,MAT171,0.8131,6,0.8131,0.0,0.8131,False,
MAT051,MAT172,0.7008,19,0.8131,0.0,0.8131,False,
MAT051,MAT174,0.2852,32,0.8131,0.0,0.8131,False,
MAT051,MAT191,0.8131,7,0.8131,0.0,0.8131,False,
MAT051,MAT192,0.7008,20,0.8131,0.0,0.8131,False,
MAT051,MAT194,0.2852,33,0.8131,0.0,0.8131,False,
MAT051,MAT211,0.8131,8,0.8131,0.0,0.8131,False,
MAT051,MAT212,0.7008,21,0.8131,0.0,0.8131,False,
MAT051,MAT214,0.2852,34,0.8131,0.0,0.8131,False,
MAT051,MAT231,0.8131,9,0.8131,0.0,0.8131,False,
MAT051,MAT232,0.7008,22,0.8131,0.0,0.8131,False,
MAT051,MAT234,0.2852,35,0.8131,0.0,0.8131,False,
MAT051,MAT251,0.8131,10,0.8131,0.0,0.8131,False,
MAT051,MAT252,0.7008,23,0.8131,0.0,0.8131,False,
MAT051,MAT254,0.2852,36,0.8131,0.0,0.8131,False,
MAT051,MAT271,0.8131,11,0.8131,0.0,0.8131,False,
MAT051,MAT272,0.7008,24,0.8131,0.0,0.8131,False,
MAT051,MAT274,0.2852,37,0.8131,0.0,0.8131,False,
MAT051,MAT291,0.8131,12,0.8131,0.0,0.8131,False,
MAT051,MAT292,0.7008,25,0.8131,0.0,0.8131,False,
MAT051,MAT294,0.2852,38,0.8131,0.0,0.8131,False,
MAT052,MAT071,0.7008,13,0.8131,0.0,0.8131,False,
MAT052,MAT072,0.8131,1,0.8131,0.0,0.8131,False,
MAT052,MAT091,0.7008,14,0.8131,0.0,0.8131,False,
MAT052,MAT092,0.8131,2,0.8131,0.0,0.8131,False,
MAT052,MAT111,0.7008,15,0.8131,0.0,0.8131,False,
MAT052,MAT112,0.8131,3,0.8131,0.0,0.8131,False,
MAT052,MAT131,0.7008,16,0.8131,0.0,0.8131,False,
MAT052,MAT132,0.8131,4,0.8131,0.0,0.8131,False,
MAT052,MAT151,0.7008,17,0.8131,0.0,0.8131,False,
MAT052,MAT152,0.8131,5,0.8131,0.0,0.8131,False,
MAT052,MAT171,0.7008,18,0.8131,0.0,0.8131,False,
MAT052,MAT172,0.8131,6,0.8131,0.0,0.8131,False,
MAT052,MAT191,0.7008,19,0.8131,0.0,0.8131,False,
MAT052,MAT192,0.8131,7,0.8131,0.0,0.8131,False,
MAT052,MAT211,0.7008,20,0.8131,0.0,0.8131,False,
MAT052,MAT212,0.8131,8,0.8131,0.0,0.8131,False,
MAT052,MAT231,0.7008,21,0.8131,0.0,0.8131,False,
MAT052,MAT232,0.8131,9,0.8131,0.0,0.8131,False,
MAT052,MAT251,0.7008,22,0.8131,0.0,0.8131,False,
MAT052,MAT252,0.8131,10,0.8131,0.0,0.8131,False,
MAT052,MAT271,0.7008,23,0.8131,0.0,0.8131,False,
MAT052,MAT272,0.8131,11,0.8131,0.0,0.8131,False,
MAT052,MAT291,0.7008,24,0.8131,0.0,0.8131,False,
MAT052,MAT292,0.8131,12,0.8131,0.0,0.8131,False,
MAT053,MAT054,0.7695,13,0.8131,0.0,0.8131,False,
MAT053,MAT073,0.8131,1,0.8131,0.0,0.8131,False,
MAT053,MAT074,0.7695,14,0.8131,0.0,0.8131,False,
MAT053,MAT093,0.8131,2,0.8131,0.0,0.8131,False,
MAT053,MAT094,0.7695,15,0.8131,0.0,0.8131,False,
MAT053,MAT113,0.8131,3,0.8131,0.0,0.8131,False,
MAT053,MAT114,0.7695,16,0.8131,0.0,0.8131,False,
MAT053,MAT133,0.8131,4,0.8131,0.0,0.8131,False,
MAT053,MAT134,0.7695,17,0.8131,0.0,0.8131,False,
MAT053,MAT153,0.8131,5,0.8131,0.0,0.8131,False,
MAT053,MAT154,0.7695,18,0.8131,0.0,0.8131,False,
MAT053,MAT173,0.8131,6,0.8131,0.0,0.8131,False,
MAT053,MAT174,0.7695,19,0.8131,0.0,0.8131,False,
MAT053,MAT193,0.8131,7,0.8131,0.0,0.8131,False,
MAT053,MAT194,0.7695,20,0.8131,0.0,0.8131,False,
MAT053,MAT213,0.8131,8,0.8131,0.0,0.8131,False,
MAT053,MAT214,0.7695,21,0.8131,0.0,0.8131,False,
MAT053,MAT233,0.8131,9,0.8131,0.0,0.8131,False,
MAT053,MAT234,0.7695,22,0.8131,0.0,0.8131,False,
MAT053,MAT253,0.8131,10,0.8131,0.0,0.8131,False,
MAT053,MAT254,0.7695,23,0.8131,0.0,0.8131,False,
MAT053,MAT273,0.8131,11,0.8131,0.0,0.8131,False,
MAT053,MAT274,0.7695,24,0.8131,0.0,0.8131,False,
MAT053,MAT293,0.8131,12,0.8131,0.0,0.8131,False,
MAT053,MAT294,0.7695,25,0.8131,0.0,0.8131,False,
MAT054,MAT071,0.2852,25,0.8131,0.0,0.8131,False,
MAT054,MAT073,0.7695,13,0.8131,0.0,0.8131,False,
MAT054,MAT074,0.8131,1,0.8131,0.0,0.8131,False,
MAT054,MAT091,0.2852,26,0.8131,0.0,0.8131,False,
MAT054,MAT093,0.7695,14,0.8131,0.0,0.8131,False,
MAT054,MAT094,0.8131,2,0.8131,0.0,0.8131,False,
MAT054,MAT111,0.2852,27,0.8131,0.0,0.8131,False,
MAT054,MAT113,0.7695,15,0.8131,0.0,0.8131,False,
MAT054,MAT114,0.8131,3,0.8131,0.0,0.8131,False,
MAT054,MAT131,0.2852,28,0.8131,0.0,0.8131,False,
MAT054,MAT133,0.7695,16,0.8131,0.0,0.8131,False,
MAT054,MAT134,0.8131,4,0.8131,0.0,0.8131,False,
MAT054,MAT151,0.2852,29,0.8131,0.0,0.8131,False,
MAT054,MAT153,0.7695,17,0.8131,0.0,0.8131,False,
MAT054,MAT154,0.8131,5,0.8131,0.0,0.8131,False,
MAT054,MAT171,0.2852,30,0.8131,0.0,0.8131,False,
MAT054,MAT173,0.7695,18,0.8131,0.0,0.8131,False,
MAT054,MAT174,0.8131,6,0.8131,0.0,0.8131,False,
MAT054,MAT191,0.2852,31,0.8131,0.0,0.8131,False,
MAT054,MAT193,0.7695,19,0.8131,0.0,0.8131,False,
MAT054,MAT194,0.8131,7,0.8131,0.0,0.8131,False,
MAT054,MAT211,0.2852,32,0.8131,0.0,0.8131,False,
MAT054,MAT213,0.7695,20,0.8131,0.0,0.8131,False,
MAT054,MAT214,0.8131,8,0.8131,0.0,0.8131,False,
MAT054,MAT231,0.2852,33,0.8131,0.0,0.8131,False,
MAT054,MAT233,0.7695,21,0.8131,0.0,0.8131,False,
MAT054,MAT234,0.8131,9,0.8131,0.0,0.8131,False,
MAT054,MAT251,0.2852,34,0.8131,0.0,0.8131,False,
MAT054,MAT253,0.7695,22,0.8131,0.0,0.8131,False,
MAT054,MAT254,0.8131,10,0.8131,0.0,0.8131,False,
MAT054,MAT271,0.2852,35,0.8131,0.0,0.8131,False,
MAT054,MAT273,0.7695,23,0.8131,0.0,0.8131,False,
MAT054,MAT274,0.8131,11,0.8131,0.0,0.8131,False,
MAT054,MAT291,0.2852,36,0.8131,0.0,0.8131,False,
MAT054,MAT293,0.7695,24,0.8131,0.0,0.8131,False,
MAT054,MAT294,0.8131,12,0.8131,0.0,0.8131,False,
MAT055,MAT056,0.6339,13,0.9232,0.0,0.9232,False,
MAT055,MAT057,0.1616,39,0.9232,0.0,0.9232,False,
MAT055,MAT058,0.1718,26,0.9232,0.0,0.9232,False,
MAT055,MAT075,0.9232,1,0.9232,0.0,0.9232,False,
MAT055,MAT076,0.6339,14,0.9232,0.0,0.9232,False,
MAT055,MAT077,0.1616,40,0.9232,0.0,0.9232,False,
MAT055,MAT078,0.1718,27,0.9232,0.0,0.9232,False,
MAT055,MAT095,0.9232,2,0.9232,0.0,0.9232,False,
MAT055,MAT096,0.6339,15,0.9232,0.0,0.9232,False,
MAT055,MAT097,0.1616,41,0.9232,0.0,0.9232,False,
MAT055,MAT098,0.1718,28,0.9232,0.0,0.9232,False,
MAT055,MAT115,0.9232,3,0.9232,0.0,0.9232,False,
MAT055,MAT116,0.6339,16,0.9232,0.0,0.9232,False,
MAT055,MAT117,0.1616,42,0.9232,0.0,0.9232,False,
MAT055,MAT118,0.1718,29,0.9232,0.0,0.9232,False,
MAT055,MAT135,0.9232,4,0.9232,0.0,0.9232,False,
MAT055,MAT136,0.6339,17,0.9232,0.0,0.9232,False,
MAT055,MAT137,0.1616,43,0.9232,0.0,0.9232,False,
MAT055,MAT138,0.1718,30,0.9232,0.0,0.9232,False,
MAT055,MAT155,0.9232,5,0.9232,0.0,0.9232,False,
MAT055,MAT156,0.6339,18,0.9232,0.0,0.9232,False,
MAT055,MAT157,0.1616,44,0.9232,0.0,0.9232,False,
MAT055,MAT158,0.1718,31,0.9232,0.0,0.9232,False,
MAT055,MAT175,0.9232,6,0.9232,0.0,0.9232,False,
MAT055,MAT176,0.6339,19,0.9232,0.0,0.9232,False,
MAT055,MAT177,0.1616,45,0.9232,0.0,0.9232,False,
MAT055,MAT178,0.1718,32,0.9232,0.0,0.9232,False,
MAT055,MAT195,0.9232,7,0.9232,0.0,0.9232,False,
MAT055,MAT196,0.6339,20,0.9232,0.0,0.9232,False,
MAT055,MAT197,0.1616,46,0.9232,0.0,0.9232,False,
MAT055,MAT198,0.1718,33,0.9232,0.0,0.9232,False,
MAT055,MAT215,0.9232,8,0.9232,0.0,0.9232,False,
MAT055,MAT216,0.6339,21,0.9232,0.0,0.9232,False,
MAT055,MAT217,0.1616,47,0.9232,0.0,0.9232,False,
MAT055,MAT218,0.1718,34,0.9232,0.0,0.9232,False,
MAT055,MAT235,0.9232,9,0.9232,0.0,0.9232,False,
MAT055,MAT236,0.6339,22,0.9232,0.0,0.9232,False,
MAT055,MAT237,0.1616,48,0.9232,0.0,0.9232,False,
MAT055,MAT238,0.1718,35,0.9232,0.0,0.9232,False,
MAT055,MAT255,0.9232,10,0.9232,0.0,0.9232,False,
MAT055,MAT256,0.6339,23,0.9232,0.0,0.9232,False,
MAT055,MAT257,0.1616,49,0.9232,0.0,0.9232,False,
MAT055,MAT258,0.1718,36,0.9232,0.0,0.9232,False,
MAT055,MAT275,0.9232,11,0.9232,0.0,0.9232,False,
MAT055,MAT276,0.6339,24,0.9232,0.0,0.9232,False,
MAT055,MAT277,0.1616,50,0.9232,0.0,0.9232,False,
MAT055,MAT278,0.1718,37,0.9232,0.0,0.9232,False,
MAT055,MAT295,0.9232,12,0.9232,0.0,0.9232,False,
MAT055,MAT296,0.6339,25,0.9232,0.0,0.9232,False,
MAT055,MAT297,0.1616,51,0.9232,0.0,0.9232,False,
MAT055,MAT298,0.1718,38,0.9232,0.0,0.9232,False,
MAT056,MAT057,0.1597,38,0.9232,0.0,0.9232,False,
MAT056,MAT058,0.1687,25,0.9232,0.0,0.9232,False,
MAT056,MAT075,0.6339,13,0.9232,0.0,0.9232,False,
MAT056,MAT076,0.9232,1,0.9232,0.0,0.9232,False,
MAT056,MAT077,0.1597,39,0.9232,0.0,0.9232,False,
MAT056,MAT078,0.1687,26,0.9232,0.0,0.9232,False,
MAT056,MAT095,0.6339,14,0.9232,0.0,0.9232,False,
MAT056,MAT096,0.9232,2,0.9232,0.0,0.9232,False,
MAT056,MAT097,0.1597,40,0.9232,0.0,0.9232,False,
MAT056,MAT098,0.1687,27,0.9232,0.0,0.9232,False,
MAT056,MAT115,0.6339,15,0.9232,0.0,0.9232,False,
MAT056,MAT116,0.9232,3,0.9232,0.0,0.9232,False,
MAT056,MAT117,0.1597,41,0.9232,0.0,0.9232,False,
MAT056,MAT118,0.1687,28,0.9232,0.0,0.9232,False,
MAT056,MAT135,0.6339,16,0.9232,0.0,0.9232,False,
MAT056,MAT136,0.9232,4,0.9232,0.0,0.9232,False,
MAT056,MAT137,0.1597,42,0.9232,0.0,0.9232,False,
MAT056,MAT138,0.1687,29,0.9232,0.0,0.9232,False,
MAT056,MAT155,0.6339,17,0.9232,0.0,0.9232,False,
MAT056,MAT156,0.9232,5,0.9232,0.0,0.9232,False,
MAT056,MAT157,0.1597,43,0.9232,0.0,0.9232,False,
MAT056,MAT158,0.1687,30,0.9232,0.0,0.9232,False,
MAT056,MAT175,0.6339,18,0.9232,0.0,0.9232,False,
MAT056,MAT176,0.9232,6,0.9232,0.0,0.9232,False,
MAT056,MAT177,0.1597,44,0.9232,0.0,0.9232,False,
MAT056,MAT178,0.1687,31,0.9232,0.0,0.9232,False,
MAT056,MAT195,0.6339,19,0.9232,0.0,0.9232,False,
MAT056,MAT196,0.9232,7,0.9232,0.0,0.9232,False,
MAT056,MAT197,0.1597,45,0.9232,0.0,0.9232,False,
MAT056,MAT198,0.1687,32,0.9232,0.0,0.9232,False,
MAT056,MAT215,0.6339,20,0.9232,0.0,0.9232,False,
MAT056,MAT216,0.9232,8,0.9232,0.0,0.9232,False,
MAT056,MAT217,0.1597,46,0.9232,0.0,0.9232,False,
MAT056,MAT218,0.1687,33,0.9232,0.0,0.9232,False,
MAT056,MAT235,0.6339,21,0.9232,0.0,0.9232,False,
MAT056,MAT236,0.9232,9,0.9232,0.0,0.9232,False,
MAT056,MAT237,0.1597,47,0.9232,0.0,0.9232,False,
MAT056,MAT238,0.1687,34,0.9232,0.0,0.9232,False,
MAT056,MAT255,0.6339,22,0.9232,0.0,0.9232,False,
MAT056,MAT256,0.9232,10,0.9232,0.0,0.9232,False,
MAT056,MAT257,0.1597,48,0.9232,0.0,0.9232,False,
MAT056,MAT258,0.1687,35,0.9232,0.0,0.9232,False,
MAT056,MAT275,0.6339,23,0.9232,0.0,0.9232,False,
MAT056,MAT276,0.9232,11,0.9232,0.0,0.9232,False,
MAT056,MAT277,0.1597,49,0.9232,0.0,0.9232,False,
MAT056,MAT278,0.1687,36,0.9232,0.0,0.9232,False,
MAT056,MAT295,0.6339,24,0.9232,0.0,0.9232,False,
MAT056,MAT296,0.9232,12,0.9232,0.0,0.9232,False,
MAT056,MAT297,0.1597,50,0.9232,0.0,0.9232,False,
MAT056,MAT298,0.1687,37,0.9232,0.0,0.9232,False,
MAT057,MAT058,0.7218,13,0.7464,0.0,0.7464,False,
MAT057,MAT075,0.1616,26,0.7464,0.0,0.7464,False,
MAT057,MAT076,0.1597,38,0.7464,0.0,0.7464,False,
MAT057,MAT077,0.7464,1,0.7464,0.0,0.7464,False,
MAT057,MAT078,0.7218,14,0.7464,0.0,0.7464,False,
MAT057,MAT095,0.1616,27,0.7464,0.0,0.7464,False,
MAT057,MAT096,0.1597,39,0.7464,0.0,0.7464,False,
MAT057,MAT097,0.7464,2,0.7464,0.0,0.7464,False,
MAT057,MAT098,0.7218,15,0.7464,0.0,0.7464,False,
MAT057,MAT115,0.1616,28,0.7464,0.0,0.7464,False,
MAT057,MAT116,0.1597,40,0.7464,0.0,0.7464,False,
MAT057,MAT117,0.7464,3,0.7464,0.0,0.7464,False,
MAT057,MAT118,0.7218,16,0.7464,0.0,0.7464,False,
MAT057,MAT135,0.1616,29,0.7464,0.0,0.7464,False,
MAT057,MAT136,0.1597,41,0.7464,0.0,0.7464,False,
MAT057,MAT137,0.7464,4,0.7464,0.0,0.7464,False,
MAT057,MAT138,0.7218,17,0.7464,0.0,0.7464,False,
MAT057,MAT155,0.1616,30,0.7464,0.0,0.7464,False,
MAT057,MAT156,0.1597,42,0.7464,0.0,0.7464,False,
MAT057,MAT157,0.7464,5,0.7464,0.0,0.7464,False,
MAT057,MAT158,0.7218,18,0.7464,0.0,0.7464,False,
MAT057,MAT175,0.1616,31,0.7464,0.0,0.7464,False,
MAT057,MAT176,0.1597,43,0.7464,0.0,0.7464,False,
MAT057,MAT177,0.7464,6,0.7464,0.0,0.7464,False,
MAT057,MAT178,0.7218,19,0.7464,0.0,0.7464,False,
MAT057,MAT195,0.1616,32,0.7464,0.0,0.7464,False,
MAT057,MAT196,0.1597,44,0.7464,0.0,0.7464,False,
MAT057,MAT197,0.7464,7,0.7464,0.0,0.7464,False,
MAT057,MAT198,0.7218,20,0.7464,0.0,0.7464,False,
MAT057,MAT215,0.1616,33,0.7464,0.0,0.7464,False,
MAT057,MAT216,0.1597,45,0.7464,0.0,0.7464,False,
MAT057,MAT217,0.7464,8,0.7464,0.0,0.7464,False,
MAT057,MAT218,0.7218,21,0.7464,0.0,0.7464,False,
MAT057,MAT235,0.1616,34,0.7464,0.0,0.7464,False,
MAT057,MAT236,0.1597,46,0.7464,0.0,0.7464,False,
MAT057,MAT237,0.7464,9,0.7464,0.0,0.7464,False,
MAT057,MAT238,0.7218,22,0.7464,0.0,0.7464,False,
MAT057,MAT255,0.1616,35,0.7464,0.0,0.7464,False,
MAT057,MAT256,0.1597,47,0.7464,0.0,0.7464,False,
MAT057,MAT257,0.7464,10,0.7464,0.0,0.7464,False,
MAT057,MAT258,0.7218,23,0.7464,0.0,0.7464,False,
MAT057,MAT275,0.1616,36,0.7464,0.0,0.7464,False,
MAT057,MAT276,0.1597,48,0.7464,0.0,0.7464,False,
MAT057,MAT277,0.7464,11,0.7464,0.0,0.7464,False,
MAT057,MAT278,0.7218,24,0.7464,0.0,0.7464,False,
MAT057,MAT295,0.1616,37,0.7464,0.0,0.7464,False,
MAT057,MAT296,0.1597,49,0.7464,0.0,0.7464,False,
MAT057,MAT297,0.7464,12,0.7464,0.0,0.7464,False,
MAT057,MAT298,0.7218,25,0.7464,0.0,0.7464,False,
MAT058,MAT075,0.1718,25,0.7464,0.0,0.7464,False,
MAT058,MAT076,0.1687,37,0.7464,0.0,0.7464,False,
MAT058,MAT077,0.7218,13,0.7464,0.0,0.7464,False,
MAT058,MAT078,0.7464,1,0.7464,0.0,0.7464,False,
MAT058,MAT095,0.1718,26,0.7464,0.0,0.7464,False,
MAT058,MAT096,0.1687,38,0.7464,0.0,0.7464,False,
MAT058,MAT097,0.7218,14,0.7464,0.0,0.7464,False,
MAT058,MAT098,0.7464,2,0.7464,0.0,0.7464,False,
MAT058,MAT115,0.1718,27,0.7464,0.0,0.7464,False,
MAT058,MAT116,0.1687,39,0.7464,0.0,0.7464,False,
MAT058,MAT117,0.7218,15,0.7464,0.0,0.7464,False,
MAT058,MAT118,0.7464,3,0.7464,0.0,0.7464,False,
MAT058,MAT135,0.1718,28,0.7464,0.0,0.7464,False,
MAT058,MAT136,0.1687,40,0.7464,0.0,0.7464,False,
MAT058,MAT137,0.7218,16,0.7464,0.0,0.7464,False,
MAT058,MAT138,0.7464,4,0.7464,0.0,0.7464,False,
MAT058,MAT155,0.1718,29,0.7464,0.0,0.7464,False,
MAT058,MAT156,0.1687,41,0.7464,0.0,0.7464,False,
MAT058,MAT157,0.7218,17,0.7464,0.0,0.7464,False,
MAT058,MAT158,0.7464,5,0.7464,0.0,0.7464,False,
MAT058,MAT175,0.1718,30,0.7464,0.0,0.7464,False,
MAT058,MAT176,0.1687,42,0.7464,0.0,0.7464,False,
MAT058,MAT177,0.7218,18,0.7464,0.0,0.7464,False,
MAT058,MAT178,0.7464,6,0.7464,0.0,0.7464,False,
MAT058,MAT195,0.1718,31,0.7464,0.0,0.7464,False,
MAT058,MAT196,0.1687,43,0.7464,0.0,0.7464,False,
MAT058,MAT197,0.7218,19,0.7464,0.0,0.7464,False,
MAT058,MAT198,0.7464,7,0.7464,0.0,0.7464,False,
MAT058,MAT215,0.1718,32,0.7464,0.0,0.7464,False,
MAT058,MAT216,0.1687,44,0.7464,0.0,0.7464,False,
MAT058,MAT217,0.7218,20,0.7464,0.0,0.7464,False,
MAT058,MAT218,0.7464,8,0.7464,0.0,0.7464,False,
MAT058,MAT235,0.1718,33,0.7464,0.0,0.7464,False,
MAT058,MAT236,0.1687,45,0.7464,0.0,0.7464,False,
MAT058,MAT237,0.7218,21,0.7464,0.0,0.7464,False,
MAT058,MAT238,0.7464,9,0.7464,0.0,0.7464,False,
MAT058,MAT255,0.1718,34,0.7464,0.0,0.7464,False,
MAT058,MAT256,0.1687,46,0.7464,0.0,0.7464,False,
MAT058,MAT257,0.7218,22,0.7464,0.0,0.7464,False,
MAT058,MAT258,0.7464,10,0.7464,0.0,0.7464,False,
MAT058,MAT275,0.1718,35,0.7464,0.0,0.7464,False,
MAT058,MAT276,0.1687,47,0.7464,0.0,0.7464,False,
MAT058,MAT277,0.7218,23,0.7464,0.0,0.7464,False,
MAT058,MAT278,0.7464,11,0.7464,0.0,0.7464,False,
MAT058,MAT295,0.1718,36,0.7464,0.0,0.7464,False,
MAT058,MAT296,0.1687,48,0.7464,0.0,0.7464,False,
MAT058,MAT297,0.7218,24,0.7464,0.0,0.7464,False,
MAT058,MAT298,0.7464,12,0.7464,0.0,0.7464,False,
MAT059,MAT060,0.7059,13,0.7464,0.0,0.7464,False,
MAT059,MAT079,0.7464,1,0.7464,0.0,0.7464,False,
MAT059,MAT080,0.7059,14,0.7464,0.0,0.7464,False,
MAT059,MAT099,0.7464,2,0.7464,0.0,0.7464,False,
MAT059,MAT100,0.7059,15,0.7464,0.0,0.7464,False,
MAT059,MAT119,0.7464,3,0.7464,0.0,0.7464,False,
MAT059,MAT120,0.7059,16,0.7464,0.0,0.7464,False,
MAT059,MAT139,0.7464,4,0.7464,0.0,0.7464,False,
MAT059,MAT140,0.7059,17,0.7464,0.0,0.7464,False,
MAT059,MAT159,0.7464,5,0.7464,0.0,0.7464,False,
MAT059,MAT160,0.7059,18,0.7464,0.0,0.7464,False,
MAT059,MAT179,0.7464,6,0.7464,0.0,0.7464,False,
MAT059,MAT180,0.7059,19,0.7464,0.0,0.7464,False,
MAT059,MAT199,0.7464,7,0.7464,0.0,0.7464,False,
MAT059,MAT200,0.7059,20,0.7464,0.0,0.7464,False,
MAT059,MAT219,0.7464,8,0.7464,0.0,0.7464,False,
MAT059,MAT220,0.7059,21,0.7464,0.0,0.7464,False,
MAT059,MAT239,0.7464,9,0.7464,0.0,0.7464,False,
MAT059,MAT240,0.7059,22,0.7464,0.0,0.7464,False,
MAT059,MAT259,0.7464,10,0.7464,0.0,0.7464,False,
MAT059,MAT260,0.7059,23,0.7464,0.0,0.7464,False,
MAT059,MAT279,0.7464,11,0.7464,0.0,0.7464,False,
MAT059,MAT280,0.7059,24,0.7464,0.0,0.7464,False,
MAT059,MAT299,0.7464,12,0.7464,0.0,0.7464,False,
MAT059,MAT300,0.7059,25,0.7464,0.0,0.7464,False,
MAT060,MAT079,0.7059,13,0.7464,0.0,0.7464,False,
MAT060,MAT080,0.7464,1,0.7464,0.0,0.7464,False,
MAT060,MAT099,0.7059,14,0.7464,0.0,0.7464,False,
MAT060,MAT100,0.7464,2,0.7464,0.0,0.7464,False,
MAT060,MAT119,0.7059,15,0.7464,0.0,0.7464,False,
MAT060,MAT120,0.7464,3,0.7464,0.0,0.7464,False,
MAT060,MAT139,0.7059,16,0.7464,0.0,0.7464,False,
MAT060,MAT140,0.7464,4,0.7464,0.0,0.7464,False,
MAT060,MAT159,0.7059,17,0.7464,0.0,0.7464,False,
MAT060,MAT160,0.7464,5,0.7464,0.0,0.7464,False,
MAT060,MAT179,0.7059,18,0.7464,0.0,0.7464,False,
MAT060,MAT180,0.7464,6,0.7464,0.0,0.7464,False,
MAT060,MAT199,0.7059,19,0.7464,0.0,0.7464,False,
MAT060,MAT200,0.7464,7,0.7464,0.0,0.7464,False,
MAT060,MAT219,0.7059,20,0.7464,0.0,0.7464,False,
MAT060,MAT220,0.7464,8,0.7464,0.0,0.7464,False,
MAT060,MAT239,0.7059,21,0.7464,0.0,0.7464,False,
MAT060,MAT240,0.7464,9,0.7464,0.0,0.7464,False,
MAT060,MAT259,0.7059,22,0.7464,0.0,0.7464,False,
MAT060,MAT260,0.7464,10,0.7464,0.0,0.7464,False,
MAT060,MAT279,0.7059,23,0.7464,0.0,0.7464,False,
MAT060,MAT280,0.7464,11,0.7464,0.0,0.7464,False,
MAT060,MAT299,0.7059,24,0.7464,0.0,0.7464,False,
MAT060,MAT300,0.7464,12,0.7464,0.0,0.7464,False,
MAT061,MAT062,0.7159,24,0.7976,0.0,0.7976,False,
MAT061,MAT063,0.7339,12,0.7976,0.0,0.7976,False,
MAT061,MAT064,0.6961,36,0.7976,0.0,0.7976,False,
MAT061,MAT066,0.4851,48,0.7976,0.0,0.7976,False,
MAT061,MAT081,0.7976,1,0.7976,0.0,0.7976,False,
MAT061,MAT082,0.7159,25,0.7976,0.0,0.7976,False,
MAT061,MAT083,0.7339,13,0.7976,0.0,0.7976,False,
MAT061,MAT084,0.6961,37,0.7976,0.0,0.7976,False,
MAT061,MAT086,0.4851,49,0.7976,0.0,0.7976,False,
MAT061,MAT101,0.7976,2,0.7976,0.0,0.7976,False,
MAT061,MAT102,0.7159,26,0.7976,0.0,0.7976,False,
MAT061,MAT103,0.7339,14,0.7976,0.0,0.7976,False,
MAT061,MAT104,0.6961,38,0.7976,0.0,0.7976,False,
MAT061,MAT106,0.4851,50,0.7976,0.0,0.7976,False,
MAT061,MAT121,0.7976,3,0.7976,0.0,0.7976,False,
MAT061,MAT122,0.7159,27,0.7976,0.0,0.7976,False,
MAT061,MAT123,0.7339,15,0.7976,0.0,0.7976,False,
MAT061,MAT124,0.6961,39,0.7976,0.0,0.7976,False,
MAT061,MAT126,0.4851,51,0.7976,0.0,0.7976,False,
MAT061,MAT141,0.7976,4,0.7976,0.0,0.7976,False,
MAT061,MAT142,0.7159,28,0.7976,0.0,0.7976,False,
MAT061,MAT143,0.7339,16,0.7976,0.0,0.7976,False,
MAT061,MAT144,0.6961,40,0.7976,0.0,0.7976,False,
MAT061,MAT146,0.4851,52,0.7976,0.0,0.7976,False,
MAT061,MAT161,0.7976,5,0.7976,0.0,0.7976,False,
MAT061,MAT162,0.7159,29,0.7976,0.0,0.7976,False,
MAT061,MAT163,0.7339,17,0.7976,0.0,0.7976,False,
MAT061,MAT164,0.6961,41,0.7976,0.0,0.7976,False,
MAT061,MAT166,0.4851,53,0.7976,0.0,0.7976,False,
MAT061,MAT181,0.7976,6,0.7976,0.0,0.7976,False,
MAT061,MAT182,0.7159,30,0.7976,0.0,0.7976,False,
MAT061,MAT183,0.7339,18,0.7976,0.0,0.7976,False,
MAT061,MAT184,0.6961,42,0.7976,0.0,0.7976,False,
MAT061,MAT186,0.4851,54,0.7976,0.0,0.7976,False,
MAT061,MAT201,0.7976,7,0.7976,0.0,0.7976,False,
MAT061,MAT202,0.7159,31,0.7976,0.0,0.7976,False,
MAT061,MAT203,0.7339,19,0.7976,0.0,0.7976,False,
MAT061,MAT204,0.6961,43,0.7976,0.0,0.7976,False,
MAT061,MAT206,0.4851,55,0.7976,0.0,0.7976,False,
MAT061,MAT221,0.7976,8,0.7976,0.0,0.7976,False,
MAT061,MAT222,0.7159,32,0.7976,0.0,0.7976,False,
MAT061,MAT223,0.7339,20,0.7976,0.0,0.7976,False,
MAT061,MAT224,0.6961,44,0.7976,0.0,0.7976,False,
MAT061,MAT226,0.4851,56,0.7976,0.0,0.7976,False,
MAT061,MAT241,0.7976,9,0.7976,0.0,0.7976,False,
MAT061,MAT242,0.7159,33,0.7976,0.0,0.7976,False,
MAT061,MAT243,0.7339,21,0.7976,0.0,0.7976,False,
MAT061,MAT244,0.6961,45,0.7976,0.0,0.7976,False,
MAT061,MAT246,0.4851,57,0.7976,0.0,0.7976,False,
MAT061,MAT261,0.7976,10,0.7976,0.0,0.7976,False,
MAT061,MAT262,0.7159,34,0.7976,0.0,0.7976,False,
MAT061,MAT263,0.7339,22,0.7976,0.0,0.7976,False,
MAT061,MAT264,0.6961,46,0.7976,0.0,0.7976,False,
MAT061,MAT266,0.4851,58,0.7976,0.0,0.7976,False,
MAT061,MAT281,0.7976,11,0.7976,0.0,0.7976,False,
MAT061,MAT282,0.7159,35,0.7976,0.0,0.7976,False,
MAT061,MAT283,0.7339,23,0.7976,0.0,0.7976,False,
MAT061,MAT284,0.6961,47,0.7976,0.0,0.7976,False,
MAT061,MAT286,0.4851,59,0.7976,0.0,0.7976,False,
MAT062,MAT063,0.6282,35,0.9232,0.0,0.9232,False,
MAT062,MAT064,0.8089,12,0.9232,0.0,0.9232,False,
MAT062,MAT066,0.5088,47,0.9232,0.0,0.9232,False,
MAT062,MAT081,0.7159,24,0.9232,0.0,0.9232,False,
MAT062,MAT082,0.9232,1,0.9232,0.0,0.9232,False,
MAT062,MAT083,0.6282,36,0.9232,0.0,0.9232,False,
MAT062,MAT084,0.8089,13,0.9232,0.0,0.9232,False,
MAT062,MAT086,0.5088,48,0.9232,0.0,0.9232,False,
MAT062,MAT101,0.7159,25,0.9232,0.0,0.9232,False,
MAT062,MAT102,0.9232,2,0.9232,0.0,0.9232,False,
MAT062,MAT103,0.6282,37,0.9232,0.0,0.9232,False,
MAT062,MAT104,0.8089,14,0.9232,0.0,0.9232,False,
MAT062,MAT106,0.5088,49,0.9232,0.0,0.9232,False,
MAT062,MAT121,0.7159,26,0.9232,0.0,0.9232,False,
MAT062,MAT122,0.9232,3,0.9232,0.0,0.9232,False,
MAT062,MAT123,0.6282,38,0.9232,0.0,0.9232,False,
MAT062,MAT124,0.8089,15,0.9232,0.0,0.9232,False,
MAT062,MAT126,0.5088,50,0.9232,0.0,0.9232,False,
MAT062,MAT141,0.7159,27,0.9232,0.0,0.9232,False,
MAT062,MAT142,0.9232,4,0.9232,0.0,0.9232,False,
MAT062,MAT143,0.6282,39,0.9232,0.0,0.9232,False,
MAT062,MAT144,0.8089,16,0.9232,0.0,0.9232,False,
MAT062,MAT146,0.5088,51,0.9232,0.0,0.9232,False,
MAT062,MAT161,0.7159,28,0.9232,0.0,0.9232,False,
MAT062,MAT162,0.9232,5,0.9232,0.0,0.9232,False,
MAT062,MAT163,0.6282,40,0.9232,0.0,0.9232,False,
MAT062,MAT164,0.8089,17,0.9232,0.0,0.9232,False,
MAT062,MAT166,0.5088,52,0.9232,0.0,0.9232,False,
MAT062,MAT181,0.7159,29,0.9232,0.0,0.9232,False,
MAT062,MAT182,0.9232,6,0.9232,0.0,0.9232,False,
MAT062,MAT183,0.6282,41,0.9232,0.0,0.9232,False,
MAT062,MAT184,0.8089,18,0.9232,0.0,0.9232,False,
MAT062,MAT186,0.5088,53,0.9232,0.0,0.9232,False,
MAT062,MAT201,0.7159,30,0.9232,0.0,0.9232,False,
MAT062,MAT202,0.9232,7,0.9232,0.0,0.9232,False,
MAT062,MAT203,0.6282,42,0.9232,0.0,0.9232,False,
MAT062,MAT204,0.8089,19,0.9232,0.0,0.9232,False,
MAT062,MAT206,0.5088,54,0.9232,0.0,0.9232,False,
MAT062,MAT221,0.7159,31,0.9232,0.0,0.9232,False,
MAT062,MAT222,0.9232,8,0.9232,0.0,0.9232,False,
MAT062,MAT223,0.6282,43,0.9232,0.0,0.9232,False,
MAT062,MAT224,0.8089,20,0.9232,0.0,0.9232,False,
MAT062,MAT226,0.5088,55,0.9232,0.0,0.9232,False,
MAT062,MAT241,0.7159,32,0.9232,0.0,0.9232,False,
MAT062,MAT242,0.9232,9,0.9232,0.0,0.9232,False,
MAT062,MAT243,0.6282,44,0.9232,0.0,0.9232,False,
MAT062,MAT244,0.8089,21,0.9232,0.0,0.9232,False,
MAT062,MAT246,0.5088,56,0.9232,0.0,0.9232,False,
MAT062,MAT261,0.7159,33,0.9232,0.0,0.9232,False,
MAT062,MAT262,0.9232,10,0.9232,0.0,0.9232,False,
MAT062,MAT263,0.6282,45,0.9232,0.0,0.9232,False,
MAT062,MAT264,0.8089,22,0.9232,0.0,0.9232,False,
MAT062,MAT266,0.5088,57,0.9232,0.0,0.9232,False,
MAT062,MAT281,0.7159,34,0.9232,0.0,0.9232,False,
MAT062,MAT282,0.9232,11,0.9232,0.0,0.9232,False,
MAT062,MAT283,0.6282,46,0.9232,0.0,0.9232,False,
MAT062,MAT284,0.8089,23,0.9232,0.0,0.9232,False,
MAT062,MAT286,0.5088,58,0.9232,0.0,0.9232,False,
MAT063,MAT064,0.7511,12,0.772,0.0,0.772,False,
MAT063,MAT066,0.4978,46,0.772,0.0,0.772,False,
MAT063,MAT081,0.7339,24,0.772,0.0,0.772,False,
MAT063,MAT082,0.6282,35,0.772,0.0,0.772,False,
MAT063,MAT083,0.772,1,0.772,0.0,0.772,False,
MAT063,MAT084,0.7511,13,0.772,0.0,0.772,False,
MAT063,MAT086,0.4978,47,0.772,0.0,0.772,False,
MAT063,MAT101,0.7339,25,0.772,0.0,0.772,False,
MAT063,MAT102,0.6282,36,0.772,0.0,0.772,False,
MAT063,MAT103,0.772,2,0.772,0.0,0.772,False,
MAT063,MAT104,0.7511,14,0.772,0.0,0.772,False,
MAT063,MAT106,0.4978,48,0.772,0.0,0.772,False,
MAT063,MAT121,0.7339,26,0.772,0.0,0.772,False,
MAT063,MAT122,0.6282,37,0.772,0.0,0.772,False,
MAT063,MAT123,0.772,3,0.772,0.0,0.772,False,
MAT063,MAT124,0.7511,15,0.772,0.0,0.772,False,
MAT063,MAT126,0.4978,49,0.772,0.0,0.772,False,
MAT063,MAT141,0.7339,27,0.772,0.0,0.772,False,
MAT063,MAT142,0.6282,38,0.772,0.0,0.772,False,
MAT063,MAT143,0.772,4,0.772,0.0,0.772,False,
MAT063,MAT144,0.7511,16,0.772,0.0,0.772,False,
MAT063,MAT146,0.4978,50,0.772,0.0,0.772,False,
MAT063,MAT161,0.7339,28,0.772,0.0,0.772,False,
MAT063,MAT162,0.6282,39,0.772,0.0,0.772,False,
MAT063,MAT163,0.772,5,0.772,0.0,0.772,False,
MAT063,MAT164,0.7511,17,0.772,0.0,0.772,False,
MAT063,MAT166,0.4978,51,0.772,0.0,0.772,False,
MAT063,MAT181,0.7339,29,0.772,0.0,0.772,False,
MAT063,MAT182,0.6282,40,0.772,0.0,0.772,False,
MAT063,MAT183,0.772,6,0.772,0.0,0.772,False,
MAT063,MAT184,0.7511,18,0.772,0.0,0.772,False,
MAT063,MAT186,0.4978,52,0.772,0.0,0.772,False,
MAT063,MAT201,0.7339,30,0.772,0.0,0.772,False,
MAT063,MAT202,0.6282,41,0.772,0.0,0.772,False,
MAT063,MAT203,0.772,7,0.772,0.0,0.772,False,
MAT063,MAT204,0.7511,19,0.772,0.0,0.772,False,
MAT063,MAT206,0.4978,53,0.772,0.0,0.772,False,
MAT063,MAT221,0.7339,31,0.772,0.0,0.772,False,
MAT063,MAT222,0.6282,42,0.772,0.0,0.772,False,
MAT063,MAT223,0.772,8,0.772,0.0,0.772,False,
MAT063,MAT224,0.7511,20,0.772,0.0,0.772,False,
MAT063,MAT226,0.4978,54,0.772,0.0,0.772,False,
MAT063,MAT241,0.7339,32,0.772,0.0,0.772,False,
MAT063,MAT242,0.6282,43,0.772,0.0,0.772,False,
MAT063,MAT243,0.772,9,0.772,0.0,0.772,False,
MAT063,MAT244,0.7511,21,0.772,0.0,0.772,False,
MAT063,MAT246,0.4978,55,0.772,0.0,0.772,False,
MAT063,MAT261,0.7339,33,0.772,0.0,0.772,False,
MAT063,MAT262,0.6282,44,0.772,0.0,0.772,False,
MAT063,MAT263,0.772,10,0.772,0.0,0.772,False,
MAT063,MAT264,0.7511,22,0.772,0.0,0.772,False,
MAT063,MAT266,0.4978,56,0.772,0.0,0.772,False,
MAT063,MAT281,0.7339,34,0.772,0.0,0.772,False,
MAT063,MAT282,0.6282,45,0.772,0.0,0.772,False,
MAT063,MAT283,0.772,11,0.772,0.0,0.772,False,
MAT063,MAT284,0.7511,23,0.772,0.0,0.772,False,
MAT063,MAT286,0.4978,57,0.772,0.0,0.772,False,
MAT064,MAT065,0.4181,57,0.8976,0.0,0.8976,False,
MAT064,MAT066,0.5166,45,0.8976,0.0,0.8976,False,
MAT064,MAT081,0.6961,34,0.8976,0.0,0.8976,False,
MAT064,MAT082,0.8089,12,0.8976,0.0,0.8976,False,
MAT064,MAT083,0.7511,23,0.8976,0.0,0.8976,False,
MAT064,MAT084,0.8976,1,0.8976,0.0,0.8976,False,
MAT064,MAT085,0.4181,58,0.8976,0.0,0.8976,False,
MAT064,MAT086,0.5166,46,0.8976,0.0,0.8976,False,
MAT064,MAT101,0.6961,35,0.8976,0.0,0.8976,False,
MAT064,MAT102,0.8089,13,0.8976,0.0,0.8976,False,
MAT064,MAT103,0.7511,24,0.8976,0.0,0.8976,False,
MAT064,MAT104,0.8976,2,0.8976,0.0,0.8976,False,
MAT064,MAT105,0.4181,59,0.8976,0.0,0.8976,False,
MAT064,MAT106,0.5166,47,0.8976,0.0,0.8976,False,
MAT064,MAT121,0.6961,36,0.8976,0.0,0.8976,False,
MAT064,MAT122,0.8089,14,0.8976,0.0,0.8976,False,
MAT064,MAT123,0.7511,25,0.8976,0.0,0.8976,False,
MAT064,MAT124,0.8976,3,0.8976,0.0,0.8976,False,
MAT064,MAT125,0.4181,60,0.8976,0.0,0.8976,False,
MAT064,MAT126,0.5166,48,0.8976,0.0,0.8976,False,
MAT064,MAT141,0.6961,37,0.8976,0.0,0.8976,False,
MAT064,MAT142,0.8089,15,0.8976,0.0,0.8976,False,
MAT064,MAT143,0.7511,26,0.8976,0.0,0.8976,False,
MAT064,MAT144,0.8976,4,0.8976,0.0,0.8976,False,
MAT064,MAT145,0.4181,61,0.8976,0.0,0.8976,False,
MAT064,MAT146,0.5166,49,0.8976,0.0,0.8976,False,
MAT064,MAT161,0.6961,38,0.8976,0.0,0.8976,False,
MAT064,MAT162,0.8089,16,0.8976,0.0,0.8976,False,
MAT064,MAT163,0.7511,27,0.8976,0.0,0.8976,False,
MAT064,MAT164,0.8976,5,0.8976,0.0,0.8976,False,
MAT064,MAT165,0.4181,62,0.8976,0.0,0.8976,False,
MAT064,MAT166,0.5166,50,0.8976,0.0,0.8976,False,
MAT064,MAT181,0.6961,39,0.8976,0.0,0.8976,False,
MAT064,MAT182,0.8089,17,0.8976,0.0,0.8976,False,
MAT064,MAT183,0.7511,28,0.8976,0.0,0.8976,False,
MAT064,MAT184,0.8976,6,0.8976,0.0,0.8976,False,
MAT064,MAT185,0.4181,63,0.8976,0.0,0.8976,False,
MAT064,MAT186,0.5166,51,0.8976,0.0,0.8976,False,
MAT064,MAT201,0.6961,40,0.8976,0.0,0.8976,False,
MAT064,MAT202,0.8089,18,0.8976,0.0,0.8976,False,
MAT064,MAT203,0.7511,29,0.8976,0.0,0.8976,False,
MAT064,MAT204,0.8976,7,0.8976,0.0,0.8976,False,
MAT064,MAT205,0.4181,64,0.8976,0.0,0.8976,False,
MAT064,MAT206,0.5166,52,0.8976,0.0,0.8976,False,
MAT064,MAT221,0.6961,41,0.8976,0.0,0.8976,False,
MAT064,MAT222,0.8089,19,0.8976,0.0,0.8976,False,
MAT064,MAT223,0.7511,30,0.8976,0.0,0.8976,False,
MAT064,MAT224,0.8976,8,0.8976,0.0,0.8976,False,
MAT064,MAT225,0.4181,65,0.8976,0.0,0.8976,False,
MAT064,MAT226,0.5166,53,0.8976,0.0,0.8976,False,
MAT064,MAT241,0.6961,42,0.8976,0.0,0.8976,False,
MAT064,MAT242,0.8089,20,0.8976,0.0,0.8976,False,
MAT064,MAT243,0.7511,31,0.8976,0.0,0.8976,False,
MAT064,MAT244,0.8976,9,0.8976,0.0,0.8976,False,
MAT064,MAT245,0.4181,66,0.8976,0.0,0.8976,False,
MAT064,MAT246,0.5166,54,0.8976,0.0,0.8976,False,
MAT064,MAT261,0.6961,43,0.8976,0.0,0.8976,False,
MAT064,MAT262,0.8089,21,0.8976,0.0,0.8976,False,
MAT064,MAT263,0.7511,32,0.8976,0.0,0.8976,False,
MAT064,MAT264,0.8976,10,0.8976,0.0,0.8976,False,
MAT064,MAT265,0.4181,67,0.8976,0.0,0.8976,False,
MAT064,MAT266,0.5166,55,0.8976,0.0,0.8976,False,
MAT064,MAT281,0.6961,44,0.8976,0.0,0.8976,False,
MAT064,MAT282,0.8089,22,0.8976,0.0,0.8976,False,
MAT064,MAT283,0.7511,33,0.8976,0.0,0.8976,False,
MAT064,MAT284,0.8976,11,0.8976,0.0,0.8976,False,
MAT064,MAT285,0.4181,68,0.8976,0.0,0.8976,False,
MAT064,MAT286,0.5166,56,0.8976,0.0,0.8976,False,
MAT065,MAT066,0.6342,12,0.7131,0.0,0.7131,False,
MAT065,MAT084,0.4181,24,0.7131,0.0,0.7131,False,
MAT065,MAT085,0.7131,1,0.7131,0.0,0.7131,False,
MAT065,MAT086,0.6342,13,0.7131,0.0,0.7131,False,
MAT065,MAT104,0.4181,25,0.7131,0.0,0.7131,False,
MAT065,MAT105,0.7131,2,0.7131,0.0,0.7131,False,
MAT065,MAT106,0.6342,14,0.7131,0.0,0.7131,False,
MAT065,MAT124,0.4181,26,0.7131,0.0,0.7131,False,
MAT065,MAT125,0.7131,3,0.7131,0.0,0.7131,False,
MAT065,MAT126,0.6342,15,0.7131,0.0,0.7131,False,
MAT065,MAT144,0.4181,27,0.7131,0.0,0.7131,False,
MAT065,MAT145,0.7131,4,0.7131,0.0,0.7131,False,
MAT065,MAT146,0.6342,16,0.7131,0.0,0.7131,False,
MAT065,MAT164,0.4181,28,0.7131,0.0,0.7131,False,
MAT065,MAT165,0.7131,5,0.7131,0.0,0.7131,False,
MAT065,MAT166,0.6342,17,0.7131,0.0,0.7131,False,
MAT065,MAT184,0.4181,29,0.7131,0.0,0.7131,False,
MAT065,MAT185,0.7131,6,0.7131,0.0,0.7131,False,
MAT065,MAT186,0.6342,18,0.7131,0.0,0.7131,False,
MAT065,MAT204,0.4181,30,0.7131,0.0,0.7131,False,
MAT065,MAT205,0.7131,7,0.7131,0.0,0.7131,False,
MAT065,MAT206,0.6342,19,0.7131,0.0,0.7131,False,
MAT065,MAT224,0.4181,31,0.7131,0.0,0.7131,False,
MAT065,MAT225,0.7131,8,0.7131,0.0,0.7131,False,
MAT065,MAT226,0.6342,20,0.7131,0.0,0.7131,False,
MAT065,MAT244,0.4181,32,0.7131,0.0,0.7131,False,
MAT065,MAT245,0.7131,9,0.7131,0.0,0.7131,False,
MAT065,MAT246,0.6342,21,0.7131,0.0,0.7131,False,
MAT065,MAT264,0.4181,33,0.7131,0.0,0.7131,False,
MAT065,MAT265,0.7131,10,0.7131,0.0,0.7131,False,
MAT065,MAT266,0.6342,22,0.7131,0.0,0.7131,False,
MAT065,MAT284,0.4181,34,0.7131,0.0,0.7131,False,
MAT065,MAT285,0.7131,11,0.7131,0.0,0.7131,False,
MAT065,MAT286,0.6342,23,0.7131,0.0,0.7131,False,
MAT066,MAT081,0.4851,56,0.772,0.0,0.772,False,
MAT066,MAT082,0.5088,34,0.772,0.0,0.772,False,
MAT066,MAT083,0.4978,45,0.772,0.0,0.772,False,
MAT066,MAT084,0.5166,23,0.772,0.0,0.772,False,
MAT066,MAT085,0.6342,12,0.772,0.0,0.772,False,
MAT066,MAT086,0.772,1,0.772,0.0,0.772,False,
MAT066,MAT101,0.4851,57,0.772,0.0,0.772,False,
MAT066,MAT102,0.5088,35,0.772,0.0,0.772,False,
MAT066,MAT103,0.4978,46,0.772,0.0,0.772,False,
MAT066,MAT104,0.5166,24,0.772,0.0,0.772,False,
MAT066,MAT105,0.6342,13,0.772,0.0,0.772,False,
MAT066,MAT106,0.772,2,0.772,0.0,0.772,False,
MAT066,MAT121,0.4851,58,0.772,0.0,0.772,False,
MAT066,MAT122,0.5088,36,0.772,0.0,0.772,False,
MAT066,MAT123,0.4978,47,0.772,0.0,0.772,False,
MAT066,MAT124,0.5166,25,0.772,0.0,0.772,False,
MAT066,MAT125,0.6342,14,0.772,0.0,0.772,False,
MAT066,MAT126,0.772,3,0.772,0.0,0.772,False,
MAT066,MAT141,0.4851,59,0.772,0.0,0.772,False,
MAT066,MAT142,0.5088,37,0.772,0.0,0.772,False,
MAT066,MAT143,0.4978,48,0.772,0.0,0.772,False,
MAT066,MAT144,0.5166,26,0.772,0.0,0.772,False,
MAT066,MAT145,0.6342,15,0.772,0.0,0.772,False,
MAT066,MAT146,0.772,4,0.772,0.0,0.772,False,
MAT066,MAT161,0.4851,60,0.772,0.0,0.772,False,
MAT066,MAT162,0.5088,38,0.772,0.0,0.772,False,
MAT066,MAT163,0.4978,49,0.772,0.0,0.772,False,
MAT066,MAT164,0.5166,27,0.772,0.0,0.772,False,
MAT066,MAT165,0.6342,16,0.772,0.0,0.772,False,
MAT066,MAT166,0.772,5,0.772,0.0,0.772,False,
MAT066,MAT181,0.4851,61,0.772,0.0,0.772,False,
MAT066,MAT182,0.5088,39,0.772,0.0,0.772,False,
MAT066,MAT183,0.4978,50,0.772,0.0,0.772,False,
MAT066,MAT184,0.5166,28,0.772,0.0,0.772,False,
MAT066,MAT185,0.6342,17,0.772,0.0,0.772,False,
MAT066,MAT186,0.772,6,0.772,0.0,0.772,False,
MAT066,MAT201,0.4851,62,0.772,0.0,0.772,False,
MAT066,MAT202,0.5088,40,0.772,0.0,0.772,False,
MAT066,MAT203,0.4978,51,0.772,0.0,0.772,False,
MAT066,MAT204,0.5166,29,0.772,0.0,0.772,False,
MAT066,MAT205,0.6342,18,0.772,0.0,0.772,False,
MAT066,MAT206,0.772,7,0.772,0.0,0.772,False,
MAT066,MAT221,0.4851,63,0.772,0.0,0.772,False,
MAT066,MAT222,0.5088,41,0.772,0.0,0.772,False,
MAT066,MAT223,0.4978,52,0.772,0.0,0.772,False,
MAT066,MAT224,0.5166,30,0.772,0.0,0.772,False,
MAT066,MAT225,0.6342,19,0.772,0.0,0.772,False,
MAT066,MAT226,0.772,8,0.772,0.0,0.772,False,
MAT066,MAT241,0.4851,64,0.772,0.0,0.772,False,
MAT066,MAT242,0.5088,42,0.772,0.0,0.772,False,
MAT066,MAT243,0.4978,53,0.772,0.0,0.772,False,
MAT066,MAT244,0.5166,31,0.772,0.0,0.772,False,
MAT066,MAT245,0.6342,20,0.772,0.0,0.772,False,
MAT066,MAT246,0.772,9,0.772,0.0,0.772,False,
MAT066,MAT261,0.4851,65,0.772,0.0,0.772,False,
MAT066,MAT262,0.5088,43,0.772,0.0,0.772,False,
MAT066,MAT263,0.4978,54,0.772,0.0,0.772,False,
MAT066,MAT264,0.5166,32,0.772,0.0,0.772,False,
MAT066,MAT265,0.6342,21,0.772,0.0,0.772,False,
MAT066,MAT266,0.772,10,0.772,0.0,0.772,False,
MAT066,MAT281,0.4851,66,0.772,0.0,0.772,False,
MAT066,MAT282,0.5088,44,0.772,0.0,0.772,False,
MAT066,MAT283,0.4978,55,0.772,0.0,0.772,False,
MAT066,MAT284,0.5166,33,0.772,0.0,0.772,False,
MAT066,MAT285,0.6342,22,0.772,0.0,0.772,False,
MAT066,MAT286,0.772,11,0.772,0.0,0.772,False,
MAT067,MAT068,0.8131,1,0.8131,0.0,0.8131,False,
MAT067,MAT069,0.2442,36,0.8131,0.0,0.8131,False,
MAT067,MAT070,0.4921,24,0.8131,0.0,0.8131,False,
MAT067,MAT087,0.8131,2,0.8131,0.0,0.8131,False,
MAT067,MAT088,0.8131,3,0.8131,0.0,0.8131,False,
MAT067,MAT089,0.2442,37,0.8131,0.0,0.8131,False,
MAT067,MAT090,0.4921,25,0.8131,0.0,0.8131,False,
MAT067,MAT107,0.8131,4,0.8131,0.0,0.8131,False,
MAT067,MAT108,0.8131,5,0.8131,0.0,0.8131,False,
MAT067,MAT109,0.2442,38,0.8131,0.0,0.8131,False,
MAT067,MAT110,0.4921,26,0.8131,0.0,0.8131,False,
MAT067,MAT127,0.8131,6,0.8131,0.0,0.8131,False,
MAT067,MAT128,0.8131,7,0.8131,0.0,0.8131,False,
MAT067,MAT129,0.2442,39,0.8131,0.0,0.8131,False,
MAT067,MAT130,0.4921,27,0.8131,0.0,0.8131,False,
MAT067,MAT147,0.8131,8,0.8131,0.0,0.8131,False,
MAT067,MAT148,0.8131,9,0.8131,0.0,0.8131,False,
MAT067,MAT149,0.2442,40,0.8131,0.0,0.8131,False,
MAT067,MAT150,0.4921,28,0.8131,0.0,0.8131,False,
MAT067,MAT167,0.8131,10,0.8131,0.0,0.8131,False,
MAT067,MAT168,0.8131,11,0.8131,0.0,0.8131,False,
MAT067,MAT169,0.2442,41,0.8131,0.0,0.8131,False,
MAT067,MAT170,0.4921,29,0.8131,0.0,0.8131,False,
MAT067,MAT187,0.8131,12,0.8131,0.0,0.8131,False,
MAT067,MAT188,0.8131,13,0.8131,0.0,0.8131,False,
MAT067,MAT189,0.2442,42,0.8131,0.0,0.8131,False,
MAT067,MAT190,0.4921,30,0.8131,0.0,0.8131,False,
MAT067,MAT207,0.8131,14,0.8131,0.0,0.8131,False,
MAT067,MAT208,0.8131,15,0.8131,0.0,0.8131,False,
MAT067,MAT209,0.2442,43,0.8131,0.0,0.8131,False,
MAT067,MAT210,0.4921,31,0.8131,0.0,0.8131,False,
MAT067,MAT227,0.8131,16,0.8131,0.0,0.8131,False,
MAT067,MAT228,0.8131,17,0.8131,0.0,0.8131,False,
MAT067,MAT229,0.2442,44,0.8131,0.0,0.8131,False,
MAT067,MAT230,0.4921,32,0.8131,0.0,0.8131,False,
MAT067,MAT247,0.8131,18,0.8131,0.0,0.8131,False,
MAT067,MAT248,0.8131,19,0.8131,0.0,0.8131,False,
MAT067,MAT249,0.2442,45,0.8131,0.0,0.8131,False,
MAT067,MAT250,0.4921,33,0.8131,0.0,0.8131,False,
MAT067,MAT267,0.8131,20,0.8131,0.0,0.8131,False,
MAT067,MAT268,0.8131,21,0.8131,0.0,0.8131,False,
MAT067,MAT269,0.2442,46,0.8131,0.0,0.8131,False,
MAT067,MAT270,0.4921,34,0.8131,0.0,0.8131,False,
MAT067,MAT287,0.8131,22,0.8131,0.0,0.8131,False,
MAT067,MAT288,0.8131,23,0.8131,0.0,0.8131,False,
MAT067,MAT289,0.2442,47,0.8131,0.0,0.8131,False,
MAT067,MAT290,0.4921,35,0.8131,0.0,0.8131,False,
MAT068,MAT069,0.2206,35,0.8131,0.0,0.8131,False,
MAT068,MAT070,0.4685,23,0.8131,0.0,0.8131,False,
MAT068,MAT087,0.8131,1,0.8131,0.0,0.8131,False,
MAT068,MAT088,0.8131,2,0.8131,0.0,0.8131,False,
MAT068,MAT089,0.2206,36,0.8131,0.0,0.8131,False,
MAT068,MAT090,0.4685,24,0.8131,0.0,0.8131,False,
MAT068,MAT107,0.8131,3,0.8131,0.0,0.8131,False,
MAT068,MAT108,0.8131,4,0.8131,0.0,0.8131,False,
MAT068,MAT109,0.2206,37,0.8131,0.0,0.8131,False,
MAT068,MAT110,0.4685,25,0.8131,0.0,0.8131,False,
MAT068,MAT127,0.8131,5,0.8131,0.0,0.8131,False,
MAT068,MAT128,0.8131,6,0.8131,0.0,0.8131,False,
MAT068,MAT129,0.2206,38,0.8131,0.0,0.8131,False,
MAT068,MAT130,0.4685,26,0.8131,0.0,0.8131,False,
MAT068,MAT147,0.8131,7,0.8131,0.0,0.8131,False,
MAT068,MAT148,0.8131,8,0.8131,0.0,0.8131,False,
MAT068,MAT149,0.2206,39,0.8131,0.0,0.8131,False,
MAT068,MAT150,0.4685,27,0.8131,0.0,0.8131,False,
MAT068,MAT167,0.8131,9,0.8131,0.0,0.8131,False,
MAT068,MAT168,0.8131,10,0.8131,0.0,0.8131,False,
MAT068,MAT169,0.2206,40,0.8131,0.0,0.8131,False,
MAT068,MAT170,0.4685,28,0.8131,0.0,0.8131,False,
MAT068,MAT187,0.8131,11,0.8131,0.0,0.8131,False,
MAT068,MAT188,0.8131,12,0.8131,0.0,0.8131,False,
MAT068,MAT189,0.2206,41,0.8131,0.0,0.8131,False,
MAT068,MAT190,0.4685,29,0.8131,0.0,0.8131,False,
MAT068,MAT207,0.8131,13,0.8131,0.0,0.8131,False,
MAT068,MAT208,0.8131,14,0.8131,0.0,0.8131,False,
MAT068,MAT209,0.2206,42,0.8131,0.0,0.8131,False,
MAT068,MAT210,0.4685,30,0.8131,0.0,0.8131,False,
MAT068,MAT227,0.8131,15,0.8131,0.0,0.8131,False,
MAT068,MAT228,0.8131,16,0.8131,0.0,0.8131,False,
MAT068,MAT229,0.2206,43,0.8131,0.0,0.8131,False,
MAT068,MAT230,0.4685,31,0.8131,0.0,0.8131,False,
MAT068,MAT247,0.8131,17,0.8131,0.0,0.8131,False,
MAT068,MAT248,0.8131,18,0.8131,0.0,0.8131,False,
MAT068,MAT249,0.2206,44,0.8131,0.0,0.8131,False,
MAT068,MAT250,0.4685,32,0.8131,0.0,0.8131,False,
MAT068,MAT267,0.8131,19,0.8131,0.0,0.8131,False,
MAT068,MAT268,0.8131,20,0.8131,0.0,0.8131,False,
MAT068,MAT269,0.2206,45,0.8131,0.0,0.8131,False,
MAT068,MAT270,0.4685,33,0.8131,0.0,0.8131,False,
MAT068,MAT287,0.8131,21,0.8131,0.0,0.8131,False,
MAT068,MAT288,0.8131,22,0.8131,0.0,0.8131,False,
MAT068,MAT289,0.2206,46,0.8131,0.0,0.8131,False,
MAT068,MAT290,0.4685,34,0.8131,0.0,0.8131,False,
MAT069,MAT070,0.5989,12,0.8131,0.0,0.8131,False,
MAT069,MAT087,0.2442,24,0.8131,0.0,0.8131,False,
MAT069,MAT088,0.2206,35,0.8131,0.0,0.8131,False,
MAT069,MAT089,0.8131,1,0.8131,0.0,0.8131,False,
MAT069,MAT090,0.5989,13,0.8131,0.0,0.8131,False,
MAT069,MAT107,0.2442,25,0.8131,0.0,0.8131,False,
MAT069,MAT108,0.2206,36,0.8131,0.0,0.8131,False,
MAT069,MAT109,0.8131,2,0.8131,0.0,0.8131,False,
MAT069,MAT110,0.5989,14,0.8131,0.0,0.8131,False,
MAT069,MAT127,0.2442,26,0.8131,0.0,0.8131,False,
MAT069,MAT128,0.2206,37,0.8131,0.0,0.8131,False,
MAT069,MAT129,0.8131,3,0.8131,0.0,0.8131,False,
MAT069,MAT130,0.5989,15,0.8131,0.0,0.8131,False,
MAT069,MAT147,0.2442,27,0.8131,0.0,0.8131,False,
MAT069,MAT148,0.2206,38,0.8131,0.0,0.8131,False,
MAT069,MAT149,0.8131,4,0.8131,0.0,0.8131,False,
MAT069,MAT150,0.5989,16,0.8131,0.0,0.8131,False,
MAT069,MAT167,0.2442,28,0.8131,0.0,0.8131,False,
MAT069,MAT168,0.2206,39,0.8131,0.0,0.8131,False,
MAT069,MAT169,0.8131,5,0.8131,0.0,0.8131,False,
MAT069,MAT170,0.5989,17,0.8131,0.0,0.8131,False,
MAT069,MAT187,0.2442,29,0.8131,0.0,0.8131,False,
MAT069,MAT188,0.2206,40,0.8131,0.0,0.8131,False,
MAT069,MAT189,0.8131,6,0.8131,0.0,0.8131,False,
MAT069,MAT190,0.5989,18,0.8131,0.0,0.8131,False,
MAT069,MAT207,0.2442,30,0.8131,0.0,0.8131,False,
MAT069,MAT208,0.2206,41,0.8131,0.0,0.8131,False,
MAT069,MAT209,0.8131,7,0.8131,0.0,0.8131,False,
MAT069,MAT210,0.5989,19,0.8131,0.0,0.8131,False,
MAT069,MAT227,0.2442,31,0.8131,0.0,0.8131,False,
MAT069,MAT228,0.2206,42,0.8131,0.0,0.8131,False,
MAT069,MAT229,0.8131,8,0.8131,0.0,0.8131,False,
MAT069,MAT230,0.5989,20,0.8131,0.0,0.8131,False,
MAT069,MAT247,0.2442,32,0.8131,0.0,0.8131,False,
MAT069,MAT248,0.2206,43,0.8131,0.0,0.8131,False,
MAT069,MAT249,0.8131,9,0.8131,0.0,0.8131,False,
MAT069,MAT250,0.5989,21,0.8131,0.0,0.8131,False,
MAT069,MAT267,0.2442,33,0.8131,0.0,0.8131,False,
MAT069,MAT268,0.2206,44,0.8131,0.0,0.8131,False,
MAT069,MAT269,0.8131,10,0.8131,0.0,0.8131,False,
MAT069,MAT270,0.5989,22,0.8131,0.0,0.8131,False,
MAT069,MAT287,0.2442,34,0.8131,0.0,0.8131,False,
MAT069,MAT288,0.2206,45,0.8131,0.0,0.8131,False,
MAT069,MAT289,0.8131,11,0.8131,0.0,0.8131,False,
MAT069,MAT290,0.5989,23,0.8131,0.0,0.8131,False,
MAT070,MAT087,0.4921,23,0.6875,0.0,0.6875,False,
MAT070,MAT088,0.4685,34,0.6875,0.0,0.6875,False,
MAT070,MAT089,0.5989,12,0.6875,0.0,0.6875,False,
MAT070,MAT090,0.6875,1,0.6875,0.0,0.6875,False,
MAT070,MAT107,0.4921,24,0.6875,0.0,0.6875,False,
MAT070,MAT108,0.4685,35,0.6875,0.0,0.6875,False,
MAT070,MAT109,0.5989,13,0.6875,0.0,0.6875,False,
MAT070,MAT110,0.6875,2,0.6875,0.0,0.6875,False,
MAT070,MAT127,0.4921,25,0.6875,0.0,0.6875,False,
MAT070,MAT128,0.4685,36,0.6875,0.0,0.6875,False,
MAT070,MAT129,0.5989,14,0.6875,0.0,0.6875,False,
MAT070,MAT130,0.6875,3,0.6875,0.0,0.6875,False,
MAT070,MAT147,0.4921,26,0.6875,0.0,0.6875,False,
MAT070,MAT148,0.4685,37,0.6875,0.0,0.6875,False,
MAT070,MAT149,0.5989,15,0.6875,0.0,0.6875,False,
MAT070,MAT150,0.6875,4,0.6875,0.0,0.6875,False,
MAT070,MAT167,0.4921,27,0.6875,0.0,0.6875,False,
MAT070,MAT168,0.4685,38,0.6875,0.0,0.6875,False,
MAT070,MAT169,0.5989,16,0.6875,0.0,0.6875,False,
MAT070,MAT170,0.6875,5,0.6875,0.0,0.6875,False,
MAT070,MAT187,0.4921,28,0.6875,0.0,0.6875,False,
MAT070,MAT188,0.4685,39,0.6875,0.0,0.6875,False,
MAT070,MAT189,0.5989,17,0.6875,0.0,0.6875,False,
MAT070,MAT190,0.6875,6,0.6875,0.0,0.6875,False,
MAT070,MAT207,0.4921,29,0.6875,0.0,0.6875,False,
MAT070,MAT208,0.4685,40,0.6875,0.0,0.6875,False,
MAT070,MAT209,0.5989,18,0.6875,0.0,0.6875,False,
MAT070,MAT210,0.6875,7,0.6875,0.0,0.6875,False,
MAT070,MAT227,0.4921,30,0.6875,0.0,0.6875,False,
MAT070,MAT228,0.4685,41,0.6875,0.0,0.6875,False,
MAT070,MAT229,0.5989,19,0.6875,0.0,0.6875,False,
MAT070,MAT230,0.6875,8,0.6875,0.0,0.6875,False,
MAT070,MAT247,0.4921,31,0.6875,0.0,0.6875,False,
MAT070,MAT248,0.4685,42,0.6875,0.0,0.6875,False,
MAT070,MAT249,0.5989,20,0.6875,0.0,0.6875,False,
MAT070,MAT250,0.6875,9,0.6875,0.0,0.6875,False,
MAT070,MAT267,0.4921,32,0.6875,0.0,0.6875,False,
MAT070,MAT268,0.4685,43,0.6875,0.0,0.6875,False,
MAT070,MAT269,0.5989,21,0.6875,0.0,0.6875,False,
MAT070,MAT270,0.6875,10,0.6875,0.0,0.6875,False,
MAT070,MAT287,0.4921,33,0.6875,0.0,0.6875,False,
MAT070,MAT288,0.4685,44,0.6875,0.0,0.6875,False,
MAT070,MAT289,0.5989,22,0.6875,0.0,0.6875,False,
MAT070,MAT290,0.6875,11,0.6875,0.0,0.6875,False,
MAT071,MAT072,0.7008,12,0.8131,0.0,0.8131,False,
MAT071,MAT074,0.2852,24,0.8131,0.0,0.8131,False,
MAT071,MAT091,0.8131,1,0.8131,0.0,0.8131,False,
MAT071,MAT092,0.7008,13,0.8131,0.0,0.8131,False,
MAT071,MAT094,0.2852,25,0.8131,0.0,0.8131,False,
MAT071,MAT111,0.8131,2,0.8131,0.0,0.8131,False,
MAT071,MAT112,0.7008,14,0.8131,0.0,0.8131,False,
MAT071,MAT114,0.2852,26,0.8131,0.0,0.8131,False,
MAT071,MAT131,0.8131,3,0.8131,0.0,0.8131,False,
MAT071,MAT132,0.7008,15,0.8131,0.0,0.8131,False,
MAT071,MAT134,0.2852,27,0.8131,0.0,0.8131,False,
MAT071,MAT151,0.8131,4,0.8131,0.0,0.8131,False,
MAT071,MAT152,0.7008,16,0.8131,0.0,0.8131,False,
MAT071,MAT154,0.2852,28,0.8131,0.0,0.8131,False,
MAT071,MAT171,0.8131,5,0.8131,0.0,0.8131,False,
MAT071,MAT172,0.7008,17,0.8131,0.0,0.8131,False,
MAT071,MAT174,0.2852,29,0.8131,0.0,0.8131,False,
MAT071,MAT191,0.8131,6,0.8131,0.0,0.8131,False,
MAT071,MAT192,0.7008,18,0.8131,0.0,0.8131,False,
MAT071,MAT194,0.2852,30,0.8131,0.0,0.8131,False,
MAT071,MAT211,0.8131,7,0.8131,0.0,0.8131,False,
MAT071,MAT212,0.7008,19,0.8131,0.0,0.8131,False,
MAT071,MAT214,0.2852,31,0.8131,0.0,0.8131,False,
MAT071,MAT231,0.8131,8,0.8131,0.0,0.8131,False,
MAT071,MAT232,0.7008,20,0.8131,0.0,0.8131,False,
MAT071,MAT234,0.2852,32,0.8131,0.0,0.8131,False,
MAT071,MAT251,0.8131,9,0.8131,0.0,0.8131,False,
MAT071,MAT252,0.7008,21,0.8131,0.0,0.8131,False,
MAT071,MAT254,0.2852,33,0.8131,0.0,0.8131,False,
MAT071,MAT271,0.8131,10,0.8131,0.0,0.8131,False,
MAT071,MAT272,0.7008,22,0.8131,0.0,0.8131,False,
MAT071,MAT274,0.2852,34,0.8131,0.0,0.8131,False,
MAT071,MAT291,0.8131,11,0.8131,0.0,0.8131,False,
MAT071,MAT292,0.7008,23,0.8131,0.0,0.8131,False,
MAT071,MAT294,0.2852,35,0.8131,0.0,0.8131,False,
MAT072,MAT091,0.7008,12,0.8131,0.0,0.8131,False,
MAT072,MAT092,0.8131,1,0.8131,0.0,0.8131,False,
MAT072,MAT111,0.7008,13,0.8131,0.0,0.8131,False,
MAT072,MAT112,0.8131,2,0.8131,0.0,0.8131,False,
MAT072,MAT131,0.7008,14,0.8131,0.0,0.8131,False,
MAT072,MAT132,0.8131,3,0.8131,0.0,0.8131,False,
MAT072,MAT151,0.7008,15,0.8131,0.0,0.8131,False,
MAT072,MAT152,0.8131,4,0.8131,0.0,0.8131,False,
MAT072,MAT171,0.7008,16,0.8131,0.0,0.8131,False,
MAT072,MAT172,0.8131,5,0.8131,0.0,0.8131,False,
MAT072,MAT191,0.7008,17,0.8131,0.0,0.8131,False,
MAT072,MAT192,0.8131,6,0.8131,0.0,0.8131,False,
MAT072,MAT211,0.7008,18,0.8131,0.0,0.8131,False,
MAT072,MAT212,0.8131,7,0.8131,0.0,0.8131,False,
MAT072,MAT231,0.7008,19,0.8131,0.0,0.8131,False,
MAT072,MAT232,0.8131,8,0.8131,0.0,0.8131,False,
MAT072,MAT251,0.7008,20,0.8131,0.0,0.8131,False,
MAT072,MAT252,0.8131,9,0.8131,0.0,0.8131,False,
MAT072,MAT271,0.7008,21,0.8131,0.0,0.8131,False,
MAT072,MAT272,0.8131,10,0.8131,0.0,0.8131,False,
MAT072,MAT291,0.7008,22,0.8131,0.0,0.8131,False,
MAT072,MAT292,0.8131,11,0.8131,0.0,0.8131,False,
MAT073,MAT074,0.7695,12,0.8131,0.0,0.8131,False,
MAT073,MAT093,0.8131,1,0.8131,0.0,0.8131,False,
MAT073,MAT094,0.7695,13,0.8131,0.0,0.8131,False,
MAT073,MAT113,0.8131,2,0.8131,0.0,0.8131,False,
MAT073,MAT114,0.7695,14,0.8131,0.0,0.8131,False,
MAT073,MAT133,0.8131,3,0.8131,0.0,0.8131,False,
MAT073,MAT134,0.7695,15,0.8131,0.0,0.8131,False,
MAT073,MAT153,0.8131,4,0.8131,0.0,0.8131,False,
MAT073,MAT154,0.7695,16,0.8131,0.0,0.8131,False,
MAT073,MAT173,0.8131,5,0.8131,0.0,0.8131,False,
MAT073,MAT174,0.7695,17,0.8131,0.0,0.8131,False,
MAT073,MAT193,0.8131,6,0.8131,0.0,0.8131,False,
MAT073,MAT194,0.7695,18,0.8131,0.0,0.8131,False,
MAT073,MAT213,0.8131,7,0.8131,0.0,0.8131,False,
MAT073,MAT214,0.7695,19,0.8131,0.0,0.8131,False,
MAT073,MAT233,0.8131,8,0.8131,0.0,0.8131,False,
MAT073,MAT234,0.7695,20,0.8131,0.0,0.8131,False,
MAT073,MAT253,0.8131,9,0.8131,0.0,0.8131,False,
MAT073,MAT254,0.7695,21,0.8131,0.0,0.8131,False,
MAT073,MAT273,0.8131,10,0.8131,0.0,0.8131,False,
MAT073,MAT274,0.7695,22,0.8131,0.0,0.8131,False,
MAT073,MAT293,0.8131,11,0.8131,0.0,0.8131,False,
MAT073,MAT294,0.7695,23,0.8131,0.0,0.8131,False,
MAT074,MAT091,0.2852,23,0.8131,0.0,0.8131,False,
MAT074,MAT093,0.7695,12,0.8131,0.0,0.8131,False,
MAT074,MAT094,0.8131,1,0.8131,0.0,0.8131,False,
MAT074,MAT111,0.2852,24,0.8131,0.0,0.8131,False,
MAT074,MAT113,0.7695,13,0.8131,0.0,0.8131,False,
MAT074,MAT114,0.8131,2,0.8131,0.0,0.8131,False,
MAT074,MAT131,0.2852,25,0.8131,0.0,0.8131,False,
MAT074,MAT133,0.7695,14,0.8131,0.0,0.8131,False,
MAT074,MAT134,0.8131,3,0.8131,0.0,0.8131,False,
MAT074,MAT151,0.2852,26,0.8131,0.0,0.8131,False,
MAT074,MAT153,0.7695,15,0.8131,0.0,0.8131,False,
MAT074,MAT154,0.8131,4,0.8131,0.0,0.8131,False,
MAT074,MAT171,0.2852,27,0.8131,0.0,0.8131,False,
MAT074,MAT173,0.7695,16,0.8131,0.0,0.8131,False,
MAT074,MAT174,0.8131,5,0.8131,0.0,0.8131,False,
MAT074,MAT191,0.2852,28,0.8131,0.0,0.8131,False,
MAT074,MAT193,0.7695,17,0.8131,0.0,0.8131,False,
MAT074,MAT194,0.8131,6,0.8131,0.0,0.8131,False,
MAT074,MAT211,0.2852,29,0.8131,0.0,0.8131,False,
MAT074,MAT213,0.7695,18,0.8131,0.0,0.8131,False,
MAT074,MAT214,0.8131,7,0.8131,0.0,0.8131,False,
MAT074,MAT231,0.2852,30,0.8131,0.0,0.8131,False,
MAT074,MAT233,0.7695,19,0.8131,0.0,0.8131,False,
MAT074,MAT234,0.8131,8,0.8131,0.0,0.8131,False,
MAT074,MAT251,0.2852,31,0.8131,0.0,0.8131,False,
MAT074,MAT253,0.7695,20,0.8131,0.0,0.8131,False,
MAT074,MAT254,0.8131,9,0.8131,0.0,0.8131,False,
MAT074,MAT271,0.2852,32,0.8131,0.0,0.8131,False,
MAT074,MAT273,0.7695,21,0.8131,0.0,0.8131,False,
MAT074,MAT274,0.8131,10,0.8131,0.0,0.8131,False,
MAT074,MAT291,0.2852,33,0.8131,0.0,0.8131,False,
MAT074,MAT293,0.7695,22,0.8131,0.0,0.8131,False,
MAT074,MAT294,0.8131,11,0.8131,0.0,0.8131,False,
MAT075,MAT076,0.6339,12,0.9232,0.0,0.9232,False,
MAT075,MAT077,0.1616,36,0.9232,0.0,0.9232,False,
MAT075,MAT078,0.1718,24,0.9232,0.0,0.9232,False,
MAT075,MAT095,0.9232,1,0.9232,0.0,0.9232,False,
MAT075,MAT096,0.6339,13,0.9232,0.0,0.9232,False,
MAT075,MAT097,0.1616,37,0.9232,0.0,0.9232,False,
MAT075,MAT098,0.1718,25,0.9232,0.0,0.9232,False,
MAT075,MAT115,0.9232,2,0.9232,0.0,0.9232,False,
MAT075,MAT116,0.6339,14,0.9232,0.0,0.9232,False,
MAT075,MAT117,0.1616,38,0.9232,0.0,0.9232,False,
MAT075,MAT118,0.1718,26,0.9232,0.0,0.9232,False,
MAT075,MAT135,0.9232,3,0.9232,0.0,0.9232,False,
MAT075,MAT136,0.6339,15,0.9232,0.0,0.9232,False,
MAT075,MAT137,0.1616,39,0.9232,0.0,0.9232,False,
MAT075,MAT138,0.1718,27,0.9232,0.0,0.9232,False,
MAT075,MAT155,0.9232,4,0.9232,0.0,0.9232,False,
MAT075,MAT156,0.6339,16,0.9232,0.0,0.9232,False,
MAT075,MAT157,0.1616,40,0.9232,0.0,0.9232,False,
MAT075,MAT158,0.1718,28,0.9232,0.0,0.9232,False,
MAT075,MAT175,0.9232,5,0.9232,0.0,0.9232,False,
MAT075,MAT176,0.6339,17,0.9232,0.0,0.9232,False,
MAT075,MAT177,0.1616,41,0.9232,0.0,0.9232,False,
MAT075,MAT178,0.1718,29,0.9232,0.0,0.9232,False,
MAT075,MAT195,0.9232,6,0.9232,0.0,0.9232,False,
MAT075,MAT196,0.6339,18,0.9232,0.0,0.9232,False,
MAT075,MAT197,0.1616,42,0.9232,0.0,0.9232,False,
MAT075,MAT198,0.1718,30,0.9232,0.0,0.9232,False,
MAT075,MAT215,0.9232,7,0.9232,0.0,0.9232,False,
MAT075,MAT216,0.6339,19,0.9232,0.0,0.9232,False,
MAT075,MAT217,0.1616,43,0.9232,0.0,0.9232,False,
MAT075,MAT218,0.1718,31,0.9232,0.0,0.9232,False,
MAT075,MAT235,0.9232,8,0.9232,0.0,0.9232,False,
MAT075,MAT236,0.6339,20,0.9232,0.0,0.9232,False,
MAT075,MAT237,0.1616,44,0.9232,0.0,0.9232,False,
MAT075,MAT238,0.1718,32,0.9232,0.0,0.9232,False,
MAT075,MAT255,0.9232,9,0.9232,0.0,0.9232,False,
MAT075,MAT256,0.6339,21,0.9232,0.0,0.9232,False,
MAT075,MAT257,0.1616,45,0.9232,0.0,0.9232,False,
MAT075,MAT258,0.1718,33,0.9232,0.0,0.9232,False,
MAT075,MAT275,0.9232,10,0.9232,0.0,0.9232,False,
MAT075,MAT276,0.6339,22,0.9232,0.0,0.9232,False,
MAT075,MAT277,0.1616,46,0.9232,0.0,0.9232,False,
MAT075,MAT278,0.1718,34,0.9232,0.0,0.9232,False,
MAT075,MAT295,0.9232,11,0.9232,0.0,0.9232,False,
MAT075,MAT296,0.6339,23,0.9232,0.0,0.9232,False,
MAT075,MAT297,0.1616,47,0.9232,0.0,0.9232,False,
MAT075,MAT298,0.1718,35,0.9232,0.0,0.9232,False,
MAT076,MAT077,0.1597,35,0.9232,0.0,0.9232,False,
MAT076,MAT078,0.1687,23,0.9232,0.0,0.9232,False,
MAT076,MAT095,0.6339,12,0.9232,0.0,0.9232,False,
MAT076,MAT096,0.9232,1,0.9232,0.0,0.9232,False,
MAT076,MAT097,0.1597,36,0.9232,0.0,0.9232,False,
MAT076,MAT098,0.1687,24,0.9232,0.0,0.9232,False,
MAT076,MAT115,0.6339,13,0.9232,0.0,0.9232,False,
MAT076,MAT116,0.9232,2,0.9232,0.0,0.9232,False,
MAT076,MAT117,0.1597,37,0.9232,0.0,0.9232,False,
MAT076,MAT118,0.1687,25,0.9232,0.0,0.9232,False,
MAT076,MAT135,0.6339,14,0.9232,0.0,0.9232,False,
MAT076,MAT136,0.9232,3,0.9232,0.0,0.9232,False,
MAT076,MAT137,0.1597,38,0.9232,0.0,0.9232,False,
MAT076,MAT138,0.1687,26,0.9232,0.0,0.9232,False,
MAT076,MAT155,0.6339,15,0.9232,0.0,0.9232,False,
MAT076,MAT156,0.9232,4,0.9232,0.0,0.9232,False,
MAT076,MAT157,0.1597,39,0.9232,0.0,0.9232,False,
MAT076,MAT158,0.1687,27,0.9232,0.0,0.9232,False,
MAT076,MAT175,0.6339,16,0.9232,0.0,0.9232,False,
MAT076,MAT176,0.9232,5,0.9232,0.0,0.9232,False,
MAT076,MAT177,0.1597,40,0.9232,0.0,0.9232,False,
MAT076,MAT178,0.1687,28,0.9232,0.0,0.9232,False,
MAT076,MAT195,0.6339,17,0.9232,0.0,0.9232,False,
MAT076,MAT196,0.9232,6,0.9232,0.0,0.9232,False,
MAT076,MAT197,0.1597,41,0.9232,0.0,0.9232,False,
MAT076,MAT198,0.1687,29,0.9232,0.0,0.9232,False,
MAT076,MAT215,0.6339,18,0.9232,0.0,0.9232,False,
MAT076,MAT216,0.9232,7,0.9232,0.0,0.9232,False,
MAT076,MAT217,0.1597,42,0.9232,0.0,0.9232,False,
MAT076,MAT218,0.1687,30,0.9232,0.0,0.9232,False,
MAT076,MAT235,0.6339,19,0.9232,0.0,0.9232,False,
MAT076,MAT236,0.9232,8,0.9232,0.0,0.9232,False,
MAT076,MAT237,0.1597,43,0.9232,0.0,0.9232,False,
MAT076,MAT238,0.1687,31,0.9232,0.0,0.9232,False,
MAT076,MAT255,0.6339,20,0.9232,0.0,0.9232,False,
MAT076,MAT256,0.9232,9,0.9232,0.0,0.9232,False,
MAT076,MAT257,0.1597,44,0.9232,0.0,0.9232,False,
MAT076,MAT258,0.1687,32,0.9232,0.0,0.9232,False,
MAT076,MAT275,0.6339,21,0.9232,0.0,0.9232,False,
MAT076,MAT276,0.9232,10,0.9232,0.0,0.9232,False,
MAT076,MAT277,0.1597,45,0.9232,0.0,0.9232,False,
MAT076,MAT278,0.1687,33,0.9232,0.0,0.9232,False,
MAT076,MAT295,0.6339,22,0.9232,0.0,0.9232,False,
MAT076,MAT296,0.9232,11,0.9232,0.0,0.9232,False,
MAT076,MAT297,0.1597,46,0.9232,0.0,0.9232,False,
MAT076,MAT298,0.1687,34,0.9232,0.0,0.9232,False,
MAT077,MAT078,0.7218,12,0.7464,0.0,0.7464,False,
MAT077,MAT095,0.1616,24,0.7464,0.0,0.7464,False,
MAT077,MAT096,0.1597,35,0.7464,0.0,0.7464,False,
MAT077,MAT097,0.7464,1,0.7464,0.0,0.7464,False,
MAT077,MAT098,0.7218,13,0.7464,0.0,0.7464,False,
MAT077,MAT115,0.1616,25,0.7464,0.0,0.7464,False,
MAT077,MAT116,0.1597,36,0.7464,0.0,0.7464,False,
MAT077,MAT117,0.7464,2,0.7464,0.0,0.7464,False,
MAT077,MAT118,0.7218,14,0.7464,0.0,0.7464,False,
MAT077,MAT135,0.1616,26,0.7464,0.0,0.7464,False,
MAT077,MAT136,0.1597,37,0.7464,0.0,0.7464,False,
MAT077,MAT137,0.7464,3,0.7464,0.0,0.7464,False,
MAT077,MAT138,0.7218,15,0.7464,0.0,0.7464,False,
MAT077,MAT155,0.1616,27,0.7464,0.0,0.7464,False,
MAT077,MAT156,0.1597,38,0.7464,0.0,0.7464,False,
MAT077,MAT157,0.7464,4,0.7464,0.0,0.7464,False,
MAT077,MAT158,0.7218,16,0.7464,0.0,0.7464,False,
MAT077,MAT175,0.1616,28,0.7464,0.0,0.7464,False,
MAT077,MAT176,0.1597,39,0.7464,0.0,0.7464,False,
MAT077,MAT177,0.7464,5,0.7464,0.0,0.7464,False,
MAT077,MAT178,0.7218,17,0.7464,0.0,0.7464,False,
MAT077,MAT195,0.1616,29,0.7464,0.0,0.7464,False,
MAT077,MAT196,0.1597,40,0.7464,0.0,0.7464,False,
MAT077,MAT197,0.7464,6,0.7464,0.0,0.7464,False,
MAT077,MAT198,0.7218,18,0.7464,0.0,0.7464,False,
MAT077,MAT215,0.1616,30,0.7464,0.0,0.7464,False,
MAT077,MAT216,0.1597,41,0.7464,0.0,0.7464,False,
MAT077,MAT217,0.7464,7,0.7464,0.0,0.7464,False,
MAT077,MAT218,0.7218,19,0.7464,0.0,0.7464,False,
MAT077,MAT235,0.1616,31,0.7464,0.0,0.7464,False,
MAT077,MAT236,0.1597,42,0.7464,0.0,0.7464,False,
MAT077,MAT237,0.7464,8,0.7464,0.0,0.7464,False,
MAT077,MAT238,0.7218,20,0.7464,0.0,0.7464,False,
MAT077,MAT255,0.1616,32,0.7464,0.0,0.7464,False,
MAT077,MAT256,0.1597,43,0.7464,0.0,0.7464,False,
MAT077,MAT257,0.7464,9,0.7464,0.0,0.7464,False,
MAT077,MAT258,0.7218,21,0.7464,0.0,0.7464,False,
MAT077,MAT275,0.1616,33,0.7464,0.0,0.7464,False,
MAT077,MAT276,0.1597,44,0.7464,0.0,0.7464,False,
MAT077,MAT277,0.7464,10,0.7464,0.0,0.7464,False,
MAT077,MAT278,0.7218,22,0.7464,0.0,0.7464,False,
MAT077,MAT295,0.1616,34,0.7464,0.0,0.7464,False,
MAT077,MAT296,0.1597,45,0.7464,0.0,0.7464,False,
MAT077,MAT297,0.7464,11,0.7464,0.0,0.7464,False,
MAT077,MAT298,0.7218,23,0.7464,0.0,0.7464,False,
MAT078,MAT095,0.1718,23,0.7464,0.0,0.7464,False,
MAT078,MAT096,0.1687,34,0.7464,0.0,0.7464,False,
MAT078,MAT097,0.7218,12,0.7464,0.0,0.7464,False,
MAT078,MAT098,0.7464,1,0.7464,0.0,0.7464,False,
MAT078,MAT115,0.1718,24,0.7464,0.0,0.7464,False,
MAT078,MAT116,0.1687,35,0.7464,0.0,0.7464,False,
MAT078,MAT117,0.7218,13,0.7464,0.0,0.7464,False,
MAT078,MAT118,0.7464,2,0.7464,0.0,0.7464,False,
MAT078,MAT135,0.1718,25,0.7464,0.0,0.7464,False,
MAT078,MAT136,0.1687,36,0.7464,0.0,0.7464,False,
MAT078,MAT137,0.7218,14,0.7464,0.0,0.7464,False,
MAT078,MAT138,0.7464,3,0.7464,0.0,0.7464,False,
MAT078,MAT155,0.1718,26,0.7464,0.0,0.7464,False,
MAT078,MAT156,0.1687,37,0.7464,0.0,0.7464,False,
MAT078,MAT157,0.7218,15,0.7464,0.0,0.7464,False,
MAT078,MAT158,0.7464,4,0.7464,0.0,0.7464,False,
MAT078,MAT175,0.1718,27,0.7464,0.0,0.7464,False,
MAT078,MAT176,0.1687,38,0.7464,0.0,0.7464,False,
MAT078,MAT177,0.7218,16,0.7464,0.0,0.7464,False,
MAT078,MAT178,0.7464,5,0.7464,0.0,0.7464,False,
MAT078,MAT195,0.1718,28,0.7464,0.0,0.7464,False,
MAT078,MAT196,0.1687,39,0.7464,0.0,0.7464,False,
MAT078,MAT197,0.7218,17,0.7464,0.0,0.7464,False,
MAT078,MAT198,0.7464,6,0.7464,0.0,0.7464,False,
MAT078,MAT215,0.1718,29,0.7464,0.0,0.7464,False,
MAT078,MAT216,0.1687,40,0.7464,0.0,0.7464,False,
MAT078,MAT217,0.7218,18,0.7464,0.0,0.7464,False,
MAT078,MAT218,0.7464,7,0.7464,0.0,0.7464,False,
MAT078,MAT235,0.1718,30,0.7464,0.0,0.7464,False,
MAT078,MAT236,0.1687,41,0.7464,0.0,0.7464,False,
MAT078,MAT237,0.7218,19,0.7464,0.0,0.7464,False,
MAT078,MAT238,0.7464,8,0.7464,0.0,0.7464,False,
MAT078,MAT255,0.1718,31,0.7464,0.0,0.7464,False,
MAT078,MAT256,0.1687,42,0.7464,0.0,0.7464,False,
MAT078,MAT257,0.7218,20,0.7464,0.0,0.7464,False,
MAT078,MAT258,0.7464,9,0.7464,0.0,0.7464,False,
MAT078,MAT275,0.1718,32,0.7464,0.0,0.7464,False,
MAT078,MAT276,0.1687,43,0.7464,0.0,0.7464,False,
MAT078,MAT277,0.7218,21,0.7464,0.0,0.7464,False,
MAT078,MAT278,0.7464,10,0.7464,0.0,0.7464,False,
MAT078,MAT295,0.1718,33,0.7464,0.0,0.7464,False,
MAT078,MAT296,0.1687,44,0.7464,0.0,0.7464,False,
MAT078,MAT297,0.7218,22,0.7464,0.0,0.7464,False,
MAT078,MAT298,0.7464,11,0.7464,0.0,0.7464,False,
MAT079,MAT080,0.7059,12,0.7464,0.0,0.7464,False,
MAT079,MAT099,0.7464,1,0.7464,0.0,0.7464,False,
MAT079,MAT100,0.7059,13,0.7464,0.0,0.7464,False,
MAT079,MAT119,0.7464,2,0.7464,0.0,0.7464,False,
MAT079,MAT120,0.7059,14,0.7464,0.0,0.7464,False,
MAT079,MAT139,0.7464,3,0.7464,0.0,0.7464,False,
MAT079,MAT140,0.7059,15,0.7464,0.0,0.7464,False,
MAT079,MAT159,0.7464,4,0.7464,0.0,0.7464,False,
MAT079,MAT160,0.7059,16,0.7464,0.0,0.7464,False,
MAT079,MAT179,0.7464,5,0.7464,0.0,0.7464,False,
MAT079,MAT180,0.7059,17,0.7464,0.0,0.7464,False,
MAT079,MAT199,0.7464,6,0.7464,0.0,0.7464,False,
MAT079,MAT200,0.7059,18,0.7464,0.0,0.7464,False,
MAT079,MAT219,0.7464,7,0.7464,0.0,0.7464,False,
MAT079,MAT220,0.7059,19,0.7464,0.0,0.7464,False,
MAT079,MAT239,0.7464,8,0.7464,0.0,0.7464,False,
MAT079,MAT240,0.7059,20,0.7464,0.0,0.7464,False,
MAT079,MAT259,0.7464,9,0.7464,0.0,0.7464,False,
MAT079,MAT260,0.7059,21,0.7464,0.0,0.7464,False,
MAT079,MAT279,0.7464,10,0.7464,0.0,0.7464,False,
MAT079,MAT280,0.7059,22,0.7464,0.0,0.7464,False,
MAT079,MAT299,0.7464,11,0.7464,0.0,0.7464,False,
MAT079,MAT300,0.7059,23,0.7464,0.0,0.7464,False,
MAT080,MAT099,0.7059,12,0.7464,0.0,0.7464,False,
MAT080,MAT100,0.7464,1,0.7464,0.0,0.7464,False,
MAT080,MAT119,0.7059,13,0.7464,0.0,0.7464,False,
MAT080,MAT120,0.7464,2,0.7464,0.0,0.7464,False,
MAT080,MAT139,0.7059,14,0.7464,0.0,0.7464,False,
MAT080,MAT140,0.7464,3,0.7464,0.0,0.7464,False,
MAT080,MAT159,0.7059,15,0.7464,0.0,0.7464,False,
MAT080,MAT160,0.7464,4,0.7464,0.0,0.7464,False,
MAT080,MAT179,0.7059,16,0.7464,0.0,0.7464,False,
MAT080,MAT180,0.7464,5,0.7464,0.0,0.7464,False,
MAT080,MAT199,0.7059,17,0.7464,0.0,0.7464,False,
MAT080,MAT200,0.7464,6,0.7464,0.0,0.7464,False,
MAT080,MAT219,0.7059,18,0.7464,0.0,0.7464,False,
MAT080,MAT220,0.7464,7,0.7464,0.0,0.7464,False,
MAT080,MAT239,0.7059,19,0.7464,0.0,0.7464,False,
MAT080,MAT240,0.7464,8,0.7464,0.0,0.7464,False,
MAT080,MAT259,0.7059,20,0.7464,0.0,0.7464,False,
MAT080,MAT260,0.7464,9,0.7464,0.0,0.7464,False,
MAT080,MAT279,0.7059,21,0.7464,0.0,0.7464,False,
MAT080,MAT280,0.7464,10,0.7464,0.0,0.7464,False,
MAT080,MAT299,0.7059,22,0.7464,0.0,0.7464,False,
MAT080,MAT300,0.7464,11,0.7464,0.0,0.7464,False,
MAT081,MAT082,0.7159,22,0.7976,0.0,0.7976,False,
MAT081,MAT083,0.7339,11,0.7976,0.0,0.7976,False,
MAT081,MAT084,0.6961,33,0.7976,0.0,0.7976,False,
MAT081,MAT086,0.4851,44,0.7976,0.0,0.7976,False,
MAT081,MAT101,0.7976,1,0.7976,0.0,0.7976,False,
MAT081,MAT102,0.7159,23,0.7976,0.0,0.7976,False,
MAT081,MAT103,0.7339,12,0.7976,0.0,0.7976,False,
MAT081,MAT104,0.6961,34,0.7976,0.0,0.7976,False,
MAT081,MAT106,0.4851,45,0.7976,0.0,0.7976,False,
MAT081,MAT121,0.7976,2,0.7976,0.0,0.7976,False,
MAT081,MAT122,0.7159,24,0.7976,0.0,0.7976,False,
MAT081,MAT123,0.7339,13,0.7976,0.0,0.7976,False,
MAT081,MAT124,0.6961,35,0.7976,0.0,0.7976,False,
MAT081,MAT126,0.4851,46,0.7976,0.0,0.7976,False,
MAT081,MAT141,0.7976,3,0.7976,0.0,0.7976,False,
MAT081,MAT142,0.7159,25,0.7976,0.0,0.7976,False,
MAT081,MAT143,0.7339,14,0.7976,0.0,0.7976,False,
MAT081,MAT144,0.6961,36,0.7976,0.0,0.7976,False,
MAT081,MAT146,0.4851,47,0.7976,0.0,0.7976,False,
MAT081,MAT161,0.7976,4,0.7976,0.0,0.7976,False,
MAT081,MAT162,0.7159,26,0.7976,0.0,0.7976,False,
MAT081,MAT163,0.7339,15,0.7976,0.0,0.7976,False,
MAT081,MAT164,0.6961,37,0.7976,0.0,0.7976,False,
MAT081,MAT166,0.4851,48,0.7976,0.0,0.7976,False,
MAT081,MAT181,0.7976,5,0.7976,0.0,0.7976,False,
MAT081,MAT182,0.7159,27,0.7976,0.0,0.7976,False,
MAT081,MAT183,0.7339,16,0.7976,0.0,0.7976,False,
MAT081,MAT184,0.6961,38,0.7976,0.0,0.7976,False,
MAT081,MAT186,0.4851,49,0.7976,0.0,0.7976,False,
MAT081,MAT201,0.7976,6,0.7976,0.0,0.7976,False,
MAT081,MAT202,0.7159,28,0.7976,0.0,0.7976,False,
MAT081,MAT203,0.7339,17,0.7976,0.0,0.7976,False,
MAT081,MAT204,0.6961,39,0.7976,0.0,0.7976,False,
MAT081,MAT206,0.4851,50,0.7976,0.0,0.7976,False,
MAT081,MAT221,0.7976,7,0.7976,0.0,0.7976,False,
MAT081,MAT222,0.7159,29,0.7976,0.0,0.7976,False,
MAT081,MAT223,0.7339,18,0.7976,0.0,0.7976,False,
MAT081,MAT224,0.6961,40,0.7976,0.0,0.7976,False,
MAT081,MAT226,0.4851,51,0.7976,0.0,0.7976,False,
MAT081,MAT241,0.7976,8,0.7976,0.0,0.7976,False,
MAT081,MAT242,0.7159,30,0.7976,0.0,0.7976,False,
MAT081,MAT243,0.7339,19,0.7976,0.0,0.7976,False,
MAT081,MAT244,0.6961,41,0.7976,0.0,0.7976,False,
MAT081,MAT246,0.4851,52,0.7976,0.0,0.7976,False,
MAT081,MAT261,0.7976,9,0.7976,0.0,0.7976,False,
MAT081,MAT262,0.7159,31,0.7976,0.0,0.7976,False,
MAT081,MAT263,0.7339,20,0.7976,0.0,0.7976,False,
MAT081,MAT264,0.6961,42,0.7976,0.0,0.7976,False,
MAT081,MAT266,0.4851,53,0.7976,0.0,0.7976,False,
MAT081,MAT281,0.7976,10,0.7976,0.0,0.7976,False,
MAT081,MAT282,0.7159,32,0.7976,0.0,0.7976,False,
MAT081,MAT283,0.7339,21,0.7976,0.0,0.7976,False,
MAT081,MAT284,0.6961,43,0.7976,0.0,0.7976,False,
MAT081,MAT286,0.4851,54,0.7976,0.0,0.7976,False,
MAT082,MAT083,0.6282,32,0.9232,0.0,0.9232,False,
MAT082,MAT084,0.8089,11,0.9232,0.0,0.9232,False,
MAT082,MAT086,0.5088,43,0.9232,0.0,0.9232,False,
MAT082,MAT101,0.7159,22,0.9232,0.0,0.9232,False,
MAT082,MAT102,0.9232,1,0.9232,0.0,0.9232,False,
MAT082,MAT103,0.6282,33,0.9232,0.0,0.9232,False,
MAT082,MAT104,0.8089,12,0.9232,0.0,0.9232,False,
MAT082,MAT106,0.5088,44,0.9232,0.0,0.9232,False,
MAT082,MAT121,0.7159,23,0.9232,0.0,0.9232,False,
MAT082,MAT122,0.9232,2,0.9232,0.0,0.9232,False,
MAT082,MAT123,0.6282,34,0.9232,0.0,0.9232,False,
MAT082,MAT124,0.8089,13,0.9232,0.0,0.9232,False,
MAT082,MAT126,0.5088,45,0.9232,0.0,0.9232,False,
MAT082,MAT141,0.7159,24,0.9232,0.0,0.9232,False,
MAT082,MAT142,0.9232,3,0.9232,0.0,0.9232,False,
MAT082,MAT143,0.6282,35,0.9232,0.0,0.9232,False,
MAT082,MAT144,0.8089,14,0.9232,0.0,0.9232,False,
MAT082,MAT146,0.5088,46,0.9232,0.0,0.9232,False,
MAT082,MAT161,0.7159,25,0.9232,0.0,0.9232,False,
MAT082,MAT162,0.9232,4,0.9232,0.0,0.9232,False,
MAT082,MAT163,0.6282,36,0.9232,0.0,0.9232,False,
MAT082,MAT164,0.8089,15,0.9232,0.0,0.9232,False,
MAT082,MAT166,0.5088,47,0.9232,0.0,0.9232,False,
MAT082,MAT181,0.7159,26,0.9232,0.0,0.9232,False,
MAT082,MAT182,0.9232,5,0.9232,0.0,0.9232,False,
MAT082,MAT183,0.6282,37,0.9232,0.0,0.9232,False,
MAT082,MAT184,0.8089,16,0.9232,0.0,0.9232,False,
MAT082,MAT186,0.5088,48,0.9232,0.0,0.9232,False,
MAT082,MAT201,0.7159,27,0.9232,0.0,0.9232,False,
MAT082,MAT202,0.9232,6,0.9232,0.0,0.9232,False,
MAT082,MAT203,0.6282,38,0.9232,0.0,0.9232,False,
MAT082,MAT204,0.8089,17,0.9232,0.0,0.9232,False,
MAT082,MAT206,0.5088,49,0.9232,0.0,0.9232,False,
MAT082,MAT221,0.7159,28,0.9232,0.0,0.9232,False,
MAT082,MAT222,0.9232,7,0.9232,0.0,0.9232,False,
MAT082,MAT223,0.6282,39,0.9232,0.0,0.9232,False,
MAT082,MAT224,0.8089,18,0.9232,0.0,0.9232,False,
MAT082,MAT226,0.5088,50,0.9232,0.0,0.9232,False,
MAT082,MAT241,0.7159,29,0.9232,0.0,0.9232,False,
MAT082,MAT242,0.9232,8,0.9232,0.0,0.9232,False,
MAT082,MAT243,0.6282,40,0.9232,0.0,0.9232,False,
MAT082,MAT244,0.8089,19,0.9232,0.0,0.9232,False,
MAT082,MAT246,0.5088,51,0.9232,0.0,0.9232,False,
MAT082,MAT261,0.7159,30,0.9232,0.0,0.9232,False,
MAT082,MAT262,0.9232,9,0.9232,0.0,0.9232,False,
MAT082,MAT263,0.6282,41,0.9232,0.0,0.9232,False,
MAT082,MAT264,0.8089,20,0.9232,0.0,0.9232,False,
MAT082,MAT266,0.5088,52,0.9232,0.0,0.9232,False,
MAT082,MAT281,0.7159,31,0.9232,0.0,0.9232,False,
MAT082,MAT282,0.9232,10,0.9232,0.0,0.9232,False,
MAT082,MAT283,0.6282,42,0.9232,0.0,0.9232,False,
MAT082,MAT284,0.8089,21,0.9232,0.0,0.9232,False,
MAT082,MAT286,0.5088,53,0.9232,0.0,0.9232,False,
MAT083,MAT084,0.7511,11,0.772,0.0,0.772,False,
MAT083,MAT086,0.4978,42,0.772,0.0,0.772,False,
MAT083,MAT101,0.7339,22,0.772,0.0,0.772,False,
MAT083,MAT102,0.6282,32,0.772,0.0,0.772,False,
MAT083,MAT103,0.772,1,0.772,0.0,0.772,False,
MAT083,MAT104,0.7511,12,0.772,0.0,0.772,False,
MAT083,MAT106,0.4978,43,0.772,0.0,0.772,False,
MAT083,MAT121,0.7339,23,0.772,0.0,0.772,False,
MAT083,MAT122,0.6282,33,0.772,0.0,0.772,False,
MAT083,MAT123,0.772,2,0.772,0.0,0.772,False,
MAT083,MAT124,0.7511,13,0.772,0.0,0.772,False,
MAT083,MAT126,0.4978,44,0.772,0.0,0.772,False,
MAT083,MAT141,0.7339,24,0.772,0.0,0.772,False,
MAT083,MAT142,0.6282,34,0.772,0.0,0.772,False,
MAT083,MAT143,0.772,3,0.772,0.0,0.772,False,
MAT083,MAT144,0.7511,14,0.772,0.0,0.772,False,
MAT083,MAT146,0.4978,45,0.772,0.0,0.772,False,
MAT083,MAT161,0.7339,25,0.772,0.0,0.772,False,
MAT083,MAT162,0.6282,35,0.772,0.0,0.772,False,
MAT083,MAT163,0.772,4,0.772,0.0,0.772,False,
MAT083,MAT164,0.7511,15,0.772,0.0,0.772,False,
MAT083,MAT166,0.4978,46,0.772,0.0,0.772,False,
MAT083,MAT181,0.7339,26,0.772,0.0,0.772,False,
MAT083,MAT182,0.6282,36,0.772,0.0,0.772,False,
MAT083,MAT183,0.772,5,0.772,0.0,0.772,False,
MAT083,MAT184,0.7511,16,0.772,0.0,0.772,False,
MAT083,MAT186,0.4978,47,0.772,0.0,0.772,False,
MAT083,MAT201,0.7339,27,0.772,0.0,0.772,False,
MAT083,MAT202,0.6282,37,0.772,0.0,0.772,False,
MAT083,MAT203,0.772,6,0.772,0.0,0.772,False,
MAT083,MAT204,0.7511,17,0.772,0.0,0.772,False,
MAT083,MAT206,0.4978,48,0.772,0.0,0.772,False,
MAT083,MAT221,0.7339,28,0.772,0.0,0.772,False,
MAT083,MAT222,0.6282,38,0.772,0.0,0.772,False,
MAT083,MAT223,0.772,7,0.772,0.0,0.772,False,
MAT083,MAT224,0.7511,18,0.772,0.0,0.772,False,
MAT083,MAT226,0.4978,49,0.772,0.0,0.772,False,
MAT083,MAT241,0.7339,29,0.772,0.0,0.772,False,
MAT083,MAT242,0.6282,39,0.772,0.0,0.772,False,
MAT083,MAT243,0.772,8,0.772,0.0,0.772,False,
MAT083,MAT244,0.7511,19,0.772,0.0,0.772,False,
MAT083,MAT246,0.4978,50,0.772,0.0,0.772,False,
MAT083,MAT261,0.7339,30,0.772,0.0,0.772,False,
MAT083,MAT262,0.6282,40,0.772,0.0,0.772,False,
MAT083,MAT263,0.772,9,0.772,0.0,0.772,False,
MAT083,MAT264,0.7511,20,0.772,0.0,0.772,False,
MAT083,MAT266,0.4978,51,0.772,0.0,0.772,False,
MAT083,MAT281,0.7339,31,0.772,0.0,0.772,False,
MAT083,MAT282,0.6282,41,0.772,0.0,0.772,False,
MAT083,MAT283,0.772,10,0.772,0.0,0.772,False,
MAT083,MAT284,0.7511,21,0.772,0.0,0.772,False,
MAT083,MAT286,0.4978,52,0.772,0.0,0.772,False,
MAT084,MAT085,0.4181,52,0.8976,0.0,0.8976,False,
MAT084,MAT086,0.5166,41,0.8976,0.0,0.8976,False,
MAT084,MAT101,0.6961,31,0.8976,0.0,0.8976,False,
MAT084,MAT102,0.8089,11,0.8976,0.0,0.8976,False,
MAT084,MAT103,0.7511,21,0.8976,0.0,0.8976,False,
MAT084,MAT104,0.8976,1,0.8976,0.0,0.8976,False,
MAT084,MAT105,0.4181,53,0.8976,0.0,0.8976,False,
MAT084,MAT106,0.5166,42,0.8976,0.0,0.8976,False,
MAT084,MAT121,0.6961,32,0.8976,0.0,0.8976,False,
MAT084,MAT122,0.8089,12,0.8976,0.0,0.8976,False,
MAT084,MAT123,0.7511,22,0.8976,0.0,0.8976,False,
MAT084,MAT124,0.8976,2,0.8976,0.0,0.8976,False,
MAT084,MAT125,0.4181,54,0.8976,0.0,0.8976,False,
MAT084,MAT126,0.5166,43,0.8976,0.0,0.8976,False,
MAT084,MAT141,0.6961,33,0.8976,0.0,0.8976,False,
MAT084,MAT142,0.8089,13,0.8976,0.0,0.8976,False,
MAT084,MAT143,0.7511,23,0.8976,0.0,0.8976,False,
MAT084,MAT144,0.8976,3,0.8976,0.0,0.8976,False,
MAT084,MAT145,0.4181,55,0.8976,0.0,0.8976,False,
MAT084,MAT146,0.5166,44,0.8976,0.0,0.8976,False,
MAT084,MAT161,0.6961,34,0.8976,0.0,0.8976,False,
MAT084,MAT162,0.8089,14,0.8976,0.0,0.8976,False,
MAT084,MAT163,0.7511,24,0.8976,0.0,0.8976,False,
MAT084,MAT164,0.8976,4,0.8976,0.0,0.8976,False,
MAT084,MAT165,0.4181,56,0.8976,0.0,0.8976,False,
MAT084,MAT166,0.5166,45,0.8976,0.0,0.8976,False,
MAT084,MAT181,0.6961,35,0.8976,0.0,0.8976,False,
MAT084,MAT182,0.8089,15,0.8976,0.0,0.8976,False,
MAT084,MAT183,0.7511,25,0.8976,0.0,0.8976,False,
MAT084,MAT184,0.8976,5,0.8976,0.0,0.8976,False,
MAT084,MAT185,0.4181,57,0.8976,0.0,0.8976,False,
MAT084,MAT186,0.5166,46,0.8976,0.0,0.8976,False,
MAT084,MAT201,0.6961,36,0.8976,0.0,0.8976,False,
MAT084,MAT202,0.8089,16,0.8976,0.0,0.8976,False,
MAT084,MAT203,0.7511,26,0.8976,0.0,0.8976,False,
MAT084,MAT204,0.8976,6,0.8976,0.0,0.8976,False,
MAT084,MAT205,0.4181,58,0.8976,0.0,0.8976,False,
MAT084,MAT206,0.5166,47,0.8976,0.0,0.8976,False,
MAT084,MAT221,0.6961,37,0.8976,0.0,0.8976,False,
MAT084,MAT222,0.8089,17,0.8976,0.0,0.8976,False,
MAT084,MAT223,0.7511,27,0.8976,0.0,0.8976,False,
MAT084,MAT224,0.8976,7,0.8976,0.0,0.8976,False,
MAT084,MAT225,0.4181,59,0.8976,0.0,0.8976,False,
MAT084,MAT226,0.5166,48,0.8976,0.0,0.8976,False,
MAT084,MAT241,0.6961,38,0.8976,0.0,0.8976,False,
MAT084,MAT242,0.8089,18,0.8976,0.0,0.8976,False,
MAT084,MAT243,0.7511,28,0.8976,0.0,0.8976,False,
MAT084,MAT244,0.8976,8,0.8976,0.0,0.8976,False,
MAT084,MAT245,0.4181,60,0.8976,0.0,0.8976,False,
MAT084,MAT246,0.5166,49,0.8976,0.0,0.8976,False,
MAT084,MAT261,0.6961,39,0.8976,0.0,0.8976,False,
MAT084,MAT262,0.8089,19,0.8976,0.0,0.8976,False,
MAT084,MAT263,0.7511,29,0.8976,0.0,0.8976,False,
MAT084,MAT264,0.8976,9,0.8976,0.0,0.8976,False,
MAT084,MAT265,0.4181,61,0.8976,0.0,0.8976,False,
MAT084,MAT266,0.5166,50,0.8976,0.0,0.8976,False,
MAT084,MAT281,0.6961,40,0.8976,0.0,0.8976,False,
MAT084,MAT282,0.8089,20,0.8976,0.0,0.8976,False,
MAT084,MAT283,0.7511,30,0.8976,0.0,0.8976,False,
MAT084,MAT284,0.8976,10,0.8976,0.0,0.8976,False,
MAT084,MAT285,0.4181,62,0.8976,0.0,0.8976,False,
MAT084,MAT286,0.5166,51,0.8976,0.0,0.8976,False,
MAT085,MAT086,0.6342,11,0.7131,0.0,0.7131,False,
MAT085,MAT104,0.4181,22,0.7131,0.0,0.7131,False,
MAT085,MAT105,0.7131,1,0.7131,0.0,0.7131,False,
MAT085,MAT106,0.6342,12,0.7131,0.0,0.7131,False,
MAT085,MAT124,0.4181,23,0.7131,0.0,0.7131,False,
MAT085,MAT125,0.7131,2,0.7131,0.0,0.7131,False,
MAT085,MAT126,0.6342,13,0.7131,0.0,0.7131,False,
MAT085,MAT144,0.4181,24,0.7131,0.0,0.7131,False,
MAT085,MAT145,0.7131,3,0.7131,0.0,0.7131,False,
MAT085,MAT146,0.6342,14,0.7131,0.0,0.7131,False,
MAT085,MAT164,0.4181,25,0.7131,0.0,0.7131,False,
MAT085,MAT165,0.7131,4,0.7131,0.0,0.7131,False,
MAT085,MAT166,0.6342,15,0.7131,0.0,0.7131,False,
MAT085,MAT184,0.4181,26,0.7131,0.0,0.7131,False,
MAT085,MAT185,0.7131,5,0.7131,0.0,0.7131,False,
MAT085,MAT186,0.6342,16,0.7131,0.0,0.7131,False,
MAT085,MAT204,0.4181,27,0.7131,0.0,0.7131,False,
MAT085,MAT205,0.7131,6,0.7131,0.0,0.7131,False,
MAT085,MAT206,0.6342,17,0.7131,0.0,0.7131,False,
MAT085,MAT224,0.4181,28,0.7131,0.0,0.7131,False,
MAT085,MAT225,0.7131,7,0.7131,0.0,0.7131,False,
MAT085,MAT226,0.6342,18,0.7131,0.0,0.7131,False,
MAT085,MAT244,0.4181,29,0.7131,0.0,0.7131,False,
MAT085,MAT245,0.7131,8,0.7131,0.0,0.7131,False,
MAT085,MAT246,0.6342,19,0.7131,0.0,0.7131,False,
MAT085,MAT264,0.4181,30,0.7131,0.0,0.7131,False,
MAT085,MAT265,0.7131,9,0.7131,0.0,0.7131,False,
MAT085,MAT266,0.6342,20,0.7131,0.0,0.7131,False,
MAT085,MAT284,0.4181,31,0.7131,0.0,0.7131,False,
MAT085,MAT285,0.7131,10,0.7131,0.0,0.7131,False,
MAT085,MAT286,0.6342,21,0.7131,0.0,0.7131,False,
MAT086,MAT101,0.4851,51,0.772,0.0,0.772,False,
MAT086,MAT102,0.5088,31,0.772,0.0,0.772,False,
MAT086,MAT103,0.4978,41,0.772,0.0,0.772,False,
MAT086,MAT104,0.5166,21,0.772,0.0,0.772,False,
MAT086,MAT105,0.6342,11,0.772,0.0,0.772,False,
MAT086,MAT106,0.772,1,0.772,0.0,0.772,False,
MAT086,MAT121,0.4851,52,0.772,0.0,0.772,False,
MAT086,MAT122,0.5088,32,0.772,0.0,0.772,False,
MAT086,MAT123,0.4978,42,0.772,0.0,0.772,False,
MAT086,MAT124,0.5166,22,0.772,0.0,0.772,False,
MAT086,MAT125,0.6342,12,0.772,0.0,0.772,False,
MAT086,MAT126,0.772,2,0.772,0.0,0.772,False,
MAT086,MAT141,0.4851,53,0.772,0.0,0.772,False,
MAT086,MAT142,0.5088,33,0.772,0.0,0.772,False,
MAT086,MAT143,0.4978,43,0.772,0.0,0.772,False,
MAT086,MAT144,0.5166,23,0.772,0.0,0.772,False,
MAT086,MAT145,0.6342,13,0.772,0.0,0.772,False,
MAT086,MAT146,0.772,3,0.772,0.0,0.772,False,
MAT086,MAT161,0.4851,54,0.772,0.0,0.772,False,
MAT086,MAT162,0.5088,34,0.772,0.0,0.772,False,
MAT086,MAT163,0.4978,44,0.772,0.0,0.772,False,
MAT086,MAT164,0.5166,24,0.772,0.0,0.772,False,
MAT086,MAT165,0.6342,14,0.772,0.0,0.772,False,
MAT086,MAT166,0.772,4,0.772,0.0,0.772,False,
MAT086,MAT181,0.4851,55,0.772,0.0,0.772,False,
MAT086,MAT182,0.5088,35,0.772,0.0,0.772,False,
MAT086,MAT183,0.4978,45,0.772,0.0,0.772,False,
MAT086,MAT184,0.5166,25,0.772,0.0,0.772,False,
MAT086,MAT185,0.6342,15,0.772,0.0,0.772,False,
MAT086,MAT186,0.772,5,0.772,0.0,0.772,False,
MAT086,MAT201,0.4851,56,0.772,0.0,0.772,False,
MAT086,MAT202,0.5088,36,0.772,0.0,0.772,False,
MAT086,MAT203,0.4978,46,0.772,0.0,0.772,False,
MAT086,MAT204,0.5166,26,0.772,0.0,0.772,False,
MAT086,MAT205,0.6342,16,0.772,0.0,0.772,False,
MAT086,MAT206,0.772,6,0.772,0.0,0.772,False,
MAT086,MAT221,0.4851,57,0.772,0.0,0.772,False,
MAT086,MAT222,0.5088,37,0.772,0.0,0.772,False,
MAT086,MAT223,0.4978,47,0.772,0.0,0.772,False,
MAT086,MAT224,0.5166,27,0.772,0.0,0.772,False,
MAT086,MAT225,0.6342,17,0.772,0.0,0.772,False,
MAT086,MAT226,0.772,7,0.772,0.0,0.772,False,
MAT086,MAT241,0.4851,58,0.772,0.0,0.772,False,
MAT086,MAT242,0.5088,38,0.772,0.0,0.772,False,
MAT086,MAT243,0.4978,48,0.772,0.0,0.772,False,
MAT086,MAT244,0.5166,28,0.772,0.0,0.772,False,
MAT086,MAT245,0.6342,18,0.772,0.0,0.772,False,
MAT086,MAT246,0.772,8,0.772,0.0,0.772,False,
MAT086,MAT261,0.4851,59,0.772,0.0,0.772,False,
MAT086,MAT262,0.5088,39,0.772,0.0,0.772,False,
MAT086,MAT263,0.4978,49,0.772,0.0,0.772,False,
MAT086,MAT264,0.5166,29,0.772,0.0,0.772,False,
MAT086,MAT265,0.6342,19,0.772,0.0,0.772,False,
MAT086,MAT266,0.772,9,0.772,0.0,0.772,False,
MAT086,MAT281,0.4851,60,0.772,0.0,0.772,False,
MAT086,MAT282,0.5088,40,0.772,0.0,0.772,False,
MAT086,MAT283,0.4978,50,0.772,0.0,0.772,False,
MAT086,MAT284,0.5166,30,0.772,0.0,0.772,False,
MAT086,MAT285,0.6342,20,0.772,0.0,0.772,False,
MAT086,MAT286,0.772,10,0.772,0.0,0.772,False,
MAT087,MAT088,0.8131,1,0.8131,0.0,0.8131,False,
MAT087,MAT089,0.2442,33,0.8131,0.0,0.8131,False,
MAT087,MAT090,0.4921,22,0.8131,0.0,0.8131,False,
MAT087,MAT107,0.8131,2,0.8131,0.0,0.8131,False,
MAT087,MAT108,0.8131,3,0.8131,0.0,0.8131,False,
MAT087,MAT109,0.2442,34,0.8131,0.0,0.8131,False,
MAT087,MAT110,0.4921,23,0.8131,0.0,0.8131,False,
MAT087,MAT127,0.8131,4,0.8131,0.0,0.8131,False,
MAT087,MAT128,0.8131,5,0.8131,0.0,0.8131,False,
MAT087,MAT129,0.2442,35,0.8131,0.0,0.8131,False,
MAT087,MAT130,0.4921,24,0.8131,0.0,0.8131,False,
MAT087,MAT147,0.8131,6,0.8131,0.0,0.8131,False,
MAT087,MAT148,0.8131,7,0.8131,0.0,0.8131,False,
MAT087,MAT149,0.2442,36,0.8131,0.0,0.8131,False,
MAT087,MAT150,0.4921,25,0.8131,0.0,0.8131,False,
MAT087,MAT167,0.8131,8,0.8131,0.0,0.8131,False,
MAT087,MAT168,0.8131,9,0.8131,0.0,0.8131,False,
MAT087,MAT169,0.2442,37,0.8131,0.0,0.8131,False,
MAT087,MAT170,0.4921,26,0.8131,0.0,0.8131,False,
MAT087,MAT187,0.8131,10,0.8131,0.0,0.8131,False,
MAT087,MAT188,0.8131,11,0.8131,0.0,0.8131,False,
MAT087,MAT189,0.2442,38,0.8131,0.0,0.8131,False,
MAT087,MAT190,0.4921,27,0.8131,0.0,0.8131,False,
MAT087,MAT207,0.8131,12,0.8131,0.0,0.8131,False,
MAT087,MAT208,0.8131,13,0.8131,0.0,0.8131,False,
MAT087,MAT209,0.2442,39,0.8131,0.0,0.8131,False,
MAT087,MAT210,0.4921,28,0.8131,0.0,0.8131,False,
MAT087,MAT227,0.8131,14,0.8131,0.0,0.8131,False,
MAT087,MAT228,0.8131,15,0.8131,0.0,0.8131,False,
MAT087,MAT229,0.2442,40,0.8131,0.0,0.8131,False,
MAT087,MAT230,0.4921,29,0.8131,0.0,0.8131,False,
MAT087,MAT247,0.8131,16,0.8131,0.0,0.8131,False,
MAT087,MAT248,0.8131,17,0.8131,0.0,0.8131,False,
MAT087,MAT249,0.2442,41,0.8131,0.0,0.8131,False,
MAT087,MAT250,0.4921,30,0.8131,0.0,0.8131,False,
MAT087,MAT267,0.8131,18,0.8131,0.0,0.8131,False,
MAT087,MAT268,0.8131,19,0.8131,0.0,0.8131,False,
MAT087,MAT269,0.2442,42,0.8131,0.0,0.8131,False,
MAT087,MAT270,0.4921,31,0.8131,0.0,0.8131,False,
MAT087,MAT287,0.8131,20,0.8131,0.0,0.8131,False,
MAT087,MAT288,0.8131,21,0.8131,0.0,0.8131,False,
MAT087,MAT289,0.2442,43,0.8131,0.0,0.8131,False,
MAT087,MAT290,0.4921,32,0.8131,0.0,0.8131,False,
MAT088,MAT089,0.2206,32,0.8131,0.0,0.8131,False,
MAT088,MAT090,0.4685,21,0.8131,0.0,0.8131,False,
MAT088,MAT107,0.8131,1,0.8131,0.0,0.8131,False,
MAT088,MAT108,0.8131,2,0.8131,0.0,0.8131,False,
MAT088,MAT109,0.2206,33,0.8131,0.0,0.8131,False,
MAT088,MAT110,0.4685,22,0.8131,0.0,0.8131,False,
MAT088,MAT127,0.8131,3,0.8131,0.0,0.8131,False,
MAT088,MAT128,0.8131,4,0.8131,0.0,0.8131,False,
MAT088,MAT129,0.2206,34,0.8131,0.0,0.8131,False,
MAT088,MAT130,0.4685,23,0.8131,0.0,0.8131,False,
MAT088,MAT147,0.8131,5,0.8131,0.0,0.8131,False,
MAT088,MAT148,0.8131,6,0.8131,0.0,0.8131,False,
MAT088,MAT149,0.2206,35,0.8131,0.0,0.8131,False,
MAT088,MAT150,0.4685,24,0.8131,0.0,0.8131,False,
MAT088,MAT167,0.8131,7,0.8131,0.0,0.8131,False,
MAT088,MAT168,0.8131,8,0.8131,0.0,0.8131,False,
MAT088,MAT169,0.2206,36,0.8131,0.0,0.8131,False,
MAT088,MAT170,0.4685,25,0.8131,0.0,0.8131,False,
MAT088,MAT187,0.8131,9,0.8131,0.0,0.8131,False,
MAT088,MAT188,0.8131,10,0.8131,0.0,0.8131,False,
MAT088,MAT189,0.2206,37,0.8131,0.0,0.8131,False,
MAT088,MAT190,0.4685,26,0.8131,0.0,0.8131,False,
MAT088,MAT207,0.8131,11,0.8131,0.0,0.8131,False,
MAT088,MAT208,0.8131,12,0.8131,0.0,0.8131,False,
MAT088,MAT209,0.2206,38,0.8131,0.0,0.8131,False,
MAT088,MAT210,0.4685,27,0.8131,0.0,0.8131,False,
MAT088,MAT227,0.8131,13,0.8131,0.0,0.8131,False,
MAT088,MAT228,0.8131,14,0.8131,0.0,0.8131,False,
MAT088,MAT229,0.2206,39,0.8131,0.0,0.8131,False,
MAT088,MAT230,0.4685,28,0.8131,0.0,0.8131,False,
MAT088,MAT247,0.8131,15,0.8131,0.0,0.8131,False,
MAT088,MAT248,0.8131,16,0.8131,0.0,0.8131,False,
MAT088,MAT249,0.2206,40,0.8131,0.0,0.8131,False,
MAT088,MAT250,0.4685,29,0.8131,0.0,0.8131,False,
MAT088,MAT267,0.8131,17,0.8131,0.0,0.8131,False,
MAT088,MAT268,0.8131,18,0.8131,0.0,0.8131,False,
MAT088,MAT269,0.2206,41,0.8131,0.0,0.8131,False,
MAT088,MAT270,0.4685,30,0.8131,0.0,0.8131,False,
MAT088,MAT287,0.8131,19,0.8131,0.0,0.8131,False,
MAT088,MAT288,0.8131,20,0.8131,0.0,0.8131,False,
MAT088,MAT289,0.2206,42,0.8131,0.0,0.8131,False,
MAT088,MAT290,0.4685,31,0.8131,0.0,0.8131,False,
MAT089,MAT090,0.5989,11,0.8131,0.0,0.8131,False,
MAT089,MAT107,0.2442,22,0.8131,0.0,0.8131,False,
MAT089,MAT108,0.2206,32,0.8131,0.0,0.8131,False,
MAT089,MAT109,0.8131,1,0.8131,0.0,0.8131,False,
MAT089,MAT110,0.5989,12,0.8131,0.0,0.8131,False,
MAT089,MAT127,0.2442,23,0.8131,0.0,0.8131,False,
MAT089,MAT128,0.2206,33,0.8131,0.0,0.8131,False,
MAT089,MAT129,0.8131,2,0.8131,0.0,0.8131,False,
MAT089,MAT130,0.5989,13,0.8131,0.0,0.8131,False,
MAT089,MAT147,0.2442,24,0.8131,0.0,0.8131,False,
MAT089,MAT148,0.2206,34,0.8131,0.0,0.8131,False,
MAT089,MAT149,0.8131,3,0.8131,0.0,0.8131,False,
MAT089,MAT150,0.5989,14,0.8131,0.0,0.8131,False,
MAT089,MAT167,0.2442,25,0.8131,0.0,0.8131,False,
MAT089,MAT168,0.2206,35,0.8131,0.0,0.8131,False,
MAT089,MAT169,0.8131,4,0.8131,0.0,0.8131,False,
MAT089,MAT170,0.5989,15,0.8131,0.0,0.8131,False,
MAT089,MAT187,0.2442,26,0.8131,0.0,0.8131,False,
MAT089,MAT188,0.2206,36,0.8131,0.0,0.8131,False,
MAT089,MAT189,0.8131,5,0.8131,0.0,0.8131,False,
MAT089,MAT190,0.5989,16,0.8131,0.0,0.8131,False,
MAT089,MAT207,0.2442,27,0.8131,0.0,0.8131,False,
MAT089,MAT208,0.2206,37,0.8131,0.0,0.8131,False,
MAT089,MAT209,0.8131,6,0.8131,0.0,0.8131,False,
MAT089,MAT210,0.5989,17,0.8131,0.0,0.8131,False,
MAT089,MAT227,0.2442,28,0.8131,0.0,0.8131,False,
MAT089,MAT228,0.2206,38,0.8131,0.0,0.8131,False,
MAT089,MAT229,0.8131,7,0.8131,0.0,0.8131,False,
MAT089,MAT230,0.5989,18,0.8131,0.0,0.8131,False,
MAT089,MAT247,0.2442,29,0.8131,0.0,0.8131,False,
MAT089,MAT248,0.2206,39,0.8131,0.0,0.8131,False,
MAT089,MAT249,0.8131,8,0.8131,0.0,0.8131,False,
MAT089,MAT250,0.5989,19,0.8131,0.0,0.8131,False,
MAT089,MAT267,0.2442,30,0.8131,0.0,0.8131,False,
MAT089,MAT268,0.2206,40,0.8131,0.0,0.8131,False,
MAT089,MAT269,0.8131,9,0.8131,0.0,0.8131,False,
MAT089,MAT270,0.5989,20,0.8131,0.0,0.8131,False,
MAT089,MAT287,0.2442,31,0.8131,0.0,0.8131,False,
MAT089,MAT288,0.2206,41,0.8131,0.0,0.8131,False,
MAT089,MAT289,0.8131,10,0.8131,0.0,0.8131,False,
MAT089,MAT290,0.5989,21,0.8131,0.0,0.8131,False,
MAT090,MAT107,0.4921,21,0.6875,0.0,0.6875,False,
MAT090,MAT108,0.4685,31,0.6875,0.0,0.6875,False,
MAT090,MAT109,0.5989,11,0.6875,0.0,0.6875,False,
MAT090,MAT110,0.6875,1,0.6875,0.0,0.6875,False,
MAT090,MAT127,0.4921,22,0.6875,0.0,0.6875,False,
MAT090,MAT128,0.4685,32,0.6875,0.0,0.6875,False,
MAT090,MAT129,0.5989,12,0.6875,0.0,0.6875,False,
MAT090,MAT130,0.6875,2,0.6875,0.0,0.6875,False,
MAT090,MAT147,0.4921,23,0.6875,0.0,0.6875,False,
MAT090,MAT148,0.4685,33,0.6875,0.0,0.6875,False,
MAT090,MAT149,0.5989,13,0.6875,0.0,0.6875,False,
MAT090,MAT150,0.6875,3,0.6875,0.0,0.6875,False,
MAT090,MAT167,0.4921,24,0.6875,0.0,0.6875,False,
MAT090,MAT168,0.4685,34,0.6875,0.0,0.6875,False,
MAT090,MAT169,0.5989,14,0.6875,0.0,0.6875,False,
MAT090,MAT170,0.6875,4,0.6875,0.0,0.6875,False,
MAT090,MAT187,0.4921,25,0.6875,0.0,0.6875,False,
MAT090,MAT188,0.4685,35,0.6875,0.0,0.6875,False,
MAT090,MAT189,0.5989,15,0.6875,0.0,0.6875,False,
MAT090,MAT190,0.6875,5,0.6875,0.0,0.6875,False,
MAT090,MAT207,0.4921,26,0.6875,0.0,0.6875,False,
MAT090,MAT208,0.4685,36,0.6875,0.0,0.6875,False,
MAT090,MAT209,0.5989,16,0.6875,0.0,0.6875,False,
MAT090,MAT210,0.6875,6,0.6875,0.0,0.6875,False,
MAT090,MAT227,0.4921,27,0.6875,0.0,0.6875,False,
MAT090,MAT228,0.4685,37,0.6875,0.0,0.6875,False,
MAT090,MAT229,0.5989,17,0.6875,0.0,0.6875,False,
MAT090,MAT230,0.6875,7,0.6875,0.0,0.6875,False,
MAT090,MAT247,0.4921,28,0.6875,0.0,0.6875,False,
MAT090,MAT248,0.4685,38,0.6875,0.0,0.6875,False,
MAT090,MAT249,0.5989,18,0.6875,0.0,0.6875,False,
MAT090,MAT250,0.6875,8,0.6875,0.0,0.6875,False,
MAT090,MAT267,0.4921,29,0.6875,0.0,0.6875,False,
MAT090,MAT268,0.4685,39,0.6875,0.0,0.6875,False,
MAT090,MAT269,0.5989,19,0.6875,0.0,0.6875,False,
MAT090,MAT270,0.6875,9,0.6875,0.0,0.6875,False,
MAT090,MAT287,0.4921,30,0.6875,0.0,0.6875,False,
MAT090,MAT288,0.4685,40,0.6875,0.0,0.6875,False,
MAT090,MAT289,0.5989,20,0.6875,0.0,0.6875,False,
MAT090,MAT290,0.6875,10,0.6875,0.0,0.6875,False,
MAT091,MAT092,0.7008,11,0.8131,0.0,0.8131,False,
MAT091,MAT094,0.2852,22,0.8131,0.0,0.8131,False,
MAT091,MAT111,0.8131,1,0.8131,0.0,0.8131,False,
MAT091,MAT112,0.7008,12,0.8131,0.0,0.8131,False,
MAT091,MAT114,0.2852,23,0.8131,0.0,0.8131,False,
MAT091,MAT131,0.8131,2,0.8131,0.0,0.8131,False,
MAT091,MAT132,0.7008,13,0.8131,0.0,0.8131,False,
MAT091,MAT134,0.2852,24,0.8131,0.0,0.8131,False,
MAT091,MAT151,0.8131,3,0.8131,0.0,0.8131,False,
MAT091,MAT152,0.7008,14,0.8131,0.0,0.8131,False,
MAT091,MAT154,0.2852,25,0.8131,0.0,0.8131,False,
MAT091,MAT171,0.8131,4,0.8131,0.0,0.8131,False,
MAT091,MAT172,0.7008,15,0.8131,0.0,0.8131,False,
MAT091,MAT174,0.2852,26,0.8131,0.0,0.8131,False,
MAT091,MAT191,0.8131,5,0.8131,0.0,0.8131,False,
MAT091,MAT192,0.7008,16,0.8131,0.0,0.8131,False,
MAT091,MAT194,0.2852,27,0.8131,0.0,0.8131,False,
MAT091,MAT211,0.8131,6,0.8131,0.0,0.8131,False,
MAT091,MAT212,0.7008,17,0.8131,0.0,0.8131,False,
MAT091,MAT214,0.2852,28,0.8131,0.0,0.8131,False,
MAT091,MAT231,0.8131,7,0.8131,0.0,0.8131,False,
MAT091,MAT232,0.7008,18,0.8131,0.0,0.8131,False,
MAT091,MAT234,0.2852,29,0.8131,0.0,0.8131,False,
MAT091,MAT251,0.8131,8,0.8131,0.0,0.8131,False,
MAT091,MAT252,0.7008,19,0.8131,0.0,0.8131,False,
MAT091,MAT254,0.2852,30,0.8131,0.0,0.8131,False,
MAT091,MAT271,0.8131,9,0.8131,0.0,0.8131,False,
MAT091,MAT272,0.7008,20,0.8131,0.0,0.8131,False,
MAT091,MAT274,0.2852,31,0.8131,0.0,0.8131,False,
MAT091,MAT291,0.8131,10,0.8131,0.0,0.8131,False,
MAT091,MAT292,0.7008,21,0.8131,0.0,0.8131,False,
MAT091,MAT294,0.2852,32,0.8131,0.0,0.8131,False,
MAT092,MAT111,0.7008,11,0.8131,0.0,0.8131,False,
MAT092,MAT112,0.8131,1,0.8131,0.0,0.8131,False,
MAT092,MAT131,0.7008,12,0.8131,0.0,0.8131,False,
MAT092,MAT132,0.8131,2,0.8131,0.0,0.8131,False,
MAT092,MAT151,0.7008,13,0.8131,0.0,0.8131,False,
MAT092,MAT152,0.8131,3,0.8131,0.0,0.8131,False,
MAT092,MAT171,0.7008,14,0.8131,0.0,0.8131,False,
MAT092,MAT172,0.8131,4,0.8131,0.0,0.8131,False,
MAT092,MAT191,0.7008,15,0.8131,0.0,0.8131,False,
MAT092,MAT192,0.8131,5,0.8131,0.0,0.8131,False,
MAT092,MAT211,0.7008,16,0.8131,0.0,0.8131,False,
MAT092,MAT212,0.8131,6,0.8131,0.0,0.8131,False,
MAT092,MAT231,0.7008,17,0.8131,0.0,0.8131,False,
MAT092,MAT232,0.8131,7,0.8131,0.0,0.8131,False,
MAT092,MAT251,0.7008,18,0.8131,0.0,0.8131,False,
MAT092,MAT252,0.8131,8,0.8131,0.0,0.8131,False,
MAT092,MAT271,0.7008,19,0.8131,0.0,0.8131,False,
MAT092,MAT272,0.8131,9,0.8131,0.0,0.8131,False,
MAT092,MAT291,0.7008,20,0.8131,0.0,0.8131,False,
MAT092,MAT292,0.8131,10,0.8131,0.0,0.8131,False,
MAT093,MAT094,0.7695,11,0.8131,0.0,0.8131,False,
MAT093,MAT113,0.8131,1,0.8131,0.0,0.8131,False,
MAT093,MAT114,0.7695,12,0.8131,0.0,0.8131,False,
MAT093,MAT133,0.8131,2,0.8131,0.0,0.8131,False,
MAT093,MAT134,0.7695,13,0.8131,0.0,0.8131,False,
MAT093,MAT153,0.8131,3,0.8131,0.0,0.8131,False,
MAT093,MAT154,0.7695,14,0.8131,0.0,0.8131,False,
MAT093,MAT173,0.8131,4,0.8131,0.0,0.8131,False,
MAT093,MAT174,0.7695,15,0.8131,0.0,0.8131,False,
MAT093,MAT193,0.8131,5,0.8131,0.0,0.8131,False,
MAT093,MAT194,0.7695,16,0.8131,0.0,0.8131,False,
MAT093,MAT213,0.8131,6,0.8131,0.0,0.8131,False,
MAT093,MAT214,0.7695,17,0.8131,0.0,0.8131,False,
MAT093,MAT233,0.8131,7,0.8131,0.0,0.8131,False,
MAT093,MAT234,0.7695,18,0.8131,0.0,0.8131,False,
MAT093,MAT253,0.8131,8,0.8131,0.0,0.8131,False,
MAT093,MAT254,0.7695,19,0.8131,0.0,0.8131,False,
MAT093,MAT273,0.8131,9,0.8131,0.0,0.8131,False,
MAT093,MAT274,0.7695,20,0.8131,0.0,0.8131,False,
MAT093,MAT293,0.8131,10,0.8131,0.0,0.8131,False,
MAT093,MAT294,0.7695,21,0.8131,0.0,0.8131,False,
MAT094,MAT111,0.2852,21,0.8131,0.0,0.8131,False,
MAT094,MAT113,0.7695,11,0.8131,0.0,0.8131,False,
MAT094,MAT114,0.8131,1,0.8131,0.0,0.8131,False,
MAT094,MAT131,0.2852,22,0.8131,0.0,0.8131,False,
MAT094,MAT133,0.7695,12,0.8131,0.0,0.8131,False,
MAT094,MAT134,0.8131,2,0.8131,0.0,0.8131,False,
MAT094,MAT151,0.2852,23,0.8131,0.0,0.8131,False,
MAT094,MAT153,0.7695,13,0.8131,0.0,0.8131,False,
MAT094,MAT154,0.8131,3,0.8131,0.0,0.8131,False,
MAT094,MAT171,0.2852,24,0.8131,0.0,0.8131,False,
MAT094,MAT173,0.7695,14,0.8131,0.0,0.8131,False,
MAT094,MAT174,0.8131,4,0.8131,0.0,0.8131,False,
MAT094,MAT191,0.2852,25,0.8131,0.0,0.8131,False,
MAT094,MAT193,0.7695,15,0.8131,0.0,0.8131,False,
MAT094,MAT194,0.8131,5,0.8131,0.0,0.8131,False,
MAT094,MAT211,0.2852,26,0.8131,0.0,0.8131,False,
MAT094,MAT213,0.7695,16,0.8131,0.0,0.8131,False,
MAT094,MAT214,0.8131,6,0.8131,0.0,0.8131,False,
MAT094,MAT231,0.2852,27,0.8131,0.0,0.8131,False,
MAT094,MAT233,0.7695,17,0.8131,0.0,0.8131,False,
MAT094,MAT234,0.8131,7,0.8131,0.0,0.8131,False,
MAT094,MAT251,0.2852,28,0.8131,0.0,0.8131,False,
MAT094,MAT253,0.7695,18,0.8131,0.0,0.8131,False,
MAT094,MAT254,0.8131,8,0.8131,0.0,0.8131,False,
MAT094,MAT271,0.2852,29,0.8131,0.0,0.8131,False,
MAT094,MAT273,0.7695,19,0.8131,0.0,0.8131,False,
MAT094,MAT274,0.8131,9,0.8131,0.0,0.8131,False,
MAT094,MAT291,0.2852,30,0.8131,0.0,0.8131,False,
MAT094,MAT293,0.7695,20,0.8131,0.0,0.8131,False,
MAT094,MAT294,0.8131,10,0.8131,0.0,0.8131,False,
MAT095,MAT096,0.6339,11,0.9232,0.0,0.9232,False,
MAT095,MAT097,0.1616,33,0.9232,0.0,0.9232,False,
MAT095,MAT098,0.1718,22,0.9232,0.0,0.9232,False,
MAT095,MAT115,0.9232,1,0.9232,0.0,0.9232,False,
MAT095,MAT116,0.6339,12,0.9232,0.0,0.9232,False,
MAT095,MAT117,0.1616,34,0.9232,0.0,0.9232,False,
MAT095,MAT118,0.1718,23,0.9232,0.0,0.9232,False,
MAT095,MAT135,0.9232,2,0.9232,0.0,0.9232,False,
MAT095,MAT136,0.6339,13,0.9232,0.0,0.9232,False,
MAT095,MAT137,0.1616,35,0.9232,0.0,0.9232,False,
MAT095,MAT138,0.1718,24,0.9232,0.0,0.9232,False,
MAT095,MAT155,0.9232,3,0.9232,0.0,0.9232,False,
MAT095,MAT156,0.6339,14,0.9232,0.0,0.9232,False,
MAT095,MAT157,0.1616,36,0.9232,0.0,0.9232,False,
MAT095,MAT158,0.1718,25,0.9232,0.0,0.9232,False,
MAT095,MAT175,0.9232,4,0.9232,0.0,0.9232,False,
MAT095,MAT176,0.6339,15,0.9232,0.0,0.9232,False,
MAT095,MAT177,0.1616,37,0.9232,0.0,0.9232,False,
MAT095,MAT178,0.1718,26,0.9232,0.0,0.9232,False,
MAT095,MAT195,0.9232,5,0.9232,0.0,0.9232,False,
MAT095,MAT196,0.6339,16,0.9232,0.0,0.9232,False,
MAT095,MAT197,0.1616,38,0.9232,0.0,0.9232,False,
MAT095,MAT198,0.1718,27,0.9232,0.0,0.9232,False,
MAT095,MAT215,0.9232,6,0.9232,0.0,0.9232,False,
MAT095,MAT216,0.6339,17,0.9232,0.0,0.9232,False,
MAT095,MAT217,0.1616,39,0.9232,0.0,0.9232,False,
MAT095,MAT218,0.1718,28,0.9232,0.0,0.9232,False,
MAT095,MAT235,0.9232,7,0.9232,0.0,0.9232,False,
MAT095,MAT236,0.6339,18,0.9232,0.0,0.9232,False,
MAT095,MAT237,0.1616,40,0.9232,0.0,0.9232,False,
MAT095,MAT238,0.1718,29,0.9232,0.0,0.9232,False,
MAT095,MAT255,0.9232,8,0.9232,0.0,0.9232,False,
MAT095,MAT256,0.6339,19,0.9232,0.0,0.9232,False,
MAT095,MAT257,0.1616,41,0.9232,0.0,0.9232,False,
MAT095,MAT258,0.1718,30,0.9232,0.0,0.9232,False,
MAT095,MAT275,0.9232,9,0.9232,0.0,0.9232,False,
MAT095,MAT276,0.6339,20,0.9232,0.0,0.9232,False,
MAT095,MAT277,0.1616,42,0.9232,0.0,0.9232,False,
MAT095,MAT278,0.1718,31,0.9232,0.0,0.9232,False,
MAT095,MAT295,0.9232,10,0.9232,0.0,0.9232,False,
MAT095,MAT296,0.6339,21,0.9232,0.0,0.9232,False,
MAT095,MAT297,0.1616,43,0.9232,0.0,0.9232,False,
MAT095,MAT298,0.1718,32,0.9232,0.0,0.9232,False,
MAT096,MAT097,0.1597,32,0.9232,0.0,0.9232,False,
MAT096,MAT098,0.1687,21,0.9232,0.0,0.9232,False,
MAT096,MAT115,0.6339,11,0.9232,0.0,0.9232,False,
MAT096,MAT116,0.9232,1,0.9232,0.0,0.9232,False,
MAT096,MAT117,0.1597,33,0.9232,0.0,0.9232,False,
MAT096,MAT118,0.1687,22,0.9232,0.0,0.9232,False,
MAT096,MAT135,0.6339,12,0.9232,0.0,0.9232,False,
MAT096,MAT136,0.9232,2,0.9232,0.0,0.9232,False,
MAT096,MAT137,0.1597,34,0.9232,0.0,0.9232,False,
MAT096,MAT138,0.1687,23,0.9232,0.0,0.9232,False,
MAT096,MAT155,0.6339,13,0.9232,0.0,0.9232,False,
MAT096,MAT156,0.9232,3,0.9232,0.0,0.9232,False,
MAT096,MAT157,0.1597,35,0.9232,0.0,0.9232,False,
MAT096,MAT158,0.1687,24,0.9232,0.0,0.9232,False,
MAT096,MAT175,0.6339,14,0.9232,0.0,0.9232,False,
MAT096,MAT176,0.9232,4,0.9232,0.0,0.9232,False,
MAT096,MAT177,0.1597,36,0.9232,0.0,0.9232,False,
MAT096,MAT178,0.1687,25,0.9232,0.0,0.9232,False,
MAT096,MAT195,0.6339,15,0.9232,0.0,0.9232,False,
MAT096,MAT196,0.9232,5,0.9232,0.0,0.9232,False,
MAT096,MAT197,0.1597,37,0.9232,0.0,0.9232,False,
MAT096,MAT198,0.1687,26,0.9232,0.0,0.9232,False,
MAT096,MAT215,0.6339,16,0.9232,0.0,0.9232,False,
MAT096,MAT216,0.9232,6,0.9232,0.0,0.9232,False,
MAT096,MAT217,0.1597,38,0.9232,0.0,0.9232,False,
MAT096,MAT218,0.1687,27,0.9232,0.0,0.9232,False,
MAT096,MAT235,0.6339,17,0.9232,0.0,0.9232,False,
MAT096,MAT236,0.9232,7,0.9232,0.0,0.9232,False,
MAT096,MAT237,0.1597,39,0.9232,0.0,0.9232,False,
MAT096,MAT238,0.1687,28,0.9232,0.0,0.9232,False,
MAT096,MAT255,0.6339,18,0.9232,0.0,0.9232,False,
MAT096,MAT256,0.9232,8,0.9232,0.0,0.9232,False,
MAT096,MAT257,0.1597,40,0.9232,0.0,0.9232,False,
MAT096,MAT258,0.1687,29,0.9232,0.0,0.9232,False,
MAT096,MAT275,0.6339,19,0.9232,0.0,0.9232,False,
MAT096,MAT276,0.9232,9,0.9232,0.0,0.9232,False,
MAT096,MAT277,0.1597,41,0.9232,0.0,0.9232,False,
MAT096,MAT278,0.1687,30,0.9232,0.0,0.9232,False,
MAT096,MAT295,0.6339,20,0.9232,0.0,0.9232,False,
MAT096,MAT296,0.9232,10,0.9232,0.0,0.9232,False,
MAT096,MAT297,0.1597,42,0.9232,0.0,0.9232,False,
MAT096,MAT298,0.1687,31,0.9232,0.0,0.9232,False,
MAT097,MAT098,0.7218,11,0.7464,0.0,0.7464,False,
MAT097,MAT115,0.1616,22,0.7464,0.0,0.7464,False,
MAT097,MAT116,0.1597,32,0.7464,0.0,0.7464,False,
MAT097,MAT117,0.7464,1,0.7464,0.0,0.7464,False,
MAT097,MAT118,0.7218,12,0.7464,0.0,0.7464,False,
MAT097,MAT135,0.1616,23,0.7464,0.0,0.7464,False,
MAT097,MAT136,0.1597,33,0.7464,0.0,0.7464,False,
MAT097,MAT137,0.7464,2,0.7464,0.0,0.7464,False,
MAT097,MAT138,0.7218,13,0.7464,0.0,0.7464,False,
MAT097,MAT155,0.1616,24,0.7464,0.0,0.7464,False,
MAT097,MAT156,0.1597,34,0.7464,0.0,0.7464,False,
MAT097,MAT157,0.7464,3,0.7464,0.0,0.7464,False,
MAT097,MAT158,0.7218,14,0.7464,0.0,0.7464,False,
MAT097,MAT175,0.1616,25,0.7464,0.0,0.7464,False,
MAT097,MAT176,0.1597,35,0.7464,0.0,0.7464,False,
MAT097,MAT177,0.7464,4,0.7464,0.0,0.7464,False,
MAT097,MAT178,0.7218,15,0.7464,0.0,0.7464,False,
MAT097,MAT195,0.1616,26,0.7464,0.0,0.7464,False,
MAT097,MAT196,0.1597,36,0.7464,0.0,0.7464,False,
MAT097,MAT197,0.7464,5,0.7464,0.0,0.7464,False,
MAT097,MAT198,0.7218,16,0.7464,0.0,0.7464,False,
MAT097,MAT215,0.1616,27,0.7464,0.0,0.7464,False,
MAT097,MAT216,0.1597,37,0.7464,0.0,0.7464,False,
MAT097,MAT217,0.7464,6,0.7464,0.0,0.7464,False,
MAT097,MAT218,0.7218,17,0.7464,0.0,0.7464,False,
MAT097,MAT235,0.1616,28,0.7464,0.0,0.7464,False,
MAT097,MAT236,0.1597,38,0.7464,0.0,0.7464,False,
MAT097,MAT237,0.7464,7,0.7464,0.0,0.7464,False,
MAT097,MAT238,0.7218,18,0.7464,0.0,0.7464,False,
MAT097,MAT255,0.1616,29,0.7464,0.0,0.7464,False,
MAT097,MAT256,0.1597,39,0.7464,0.0,0.7464,False,
MAT097,MAT257,0.7464,8,0.7464,0.0,0.7464,False,
MAT097,MAT258,0.7218,19,0.7464,0.0,0.7464,False,
MAT097,MAT275,0.1616,30,0.7464,0.0,0.7464,False,
MAT097,MAT276,0.1597,40,0.7464,0.0,0.7464,False,
MAT097,MAT277,0.7464,9,0.7464,0.0,0.7464,False,
MAT097,MAT278,0.7218,20,0.7464,0.0,0.7464,False,
MAT097,MAT295,0.1616,31,0.7464,0.0,0.7464,False,
MAT097,MAT296,0.1597,41,0.7464,0.0,0.7464,False,
MAT097,MAT297,0.7464,10,0.7464,0.0,0.7464,False,
MAT097,MAT298,0.7218,21,0.7464,0.0,0.7464,False,
MAT098,MAT115,0.1718,21,0.7464,0.0,0.7464,False,
MAT098,MAT116,0.1687,31,0.7464,0.0,0.7464,False,
MAT098,MAT117,0.7218,11,0.7464,0.0,0.7464,False,
MAT098,MAT118,0.7464,1,0.7464,0.0,0.7464,False,
MAT098,MAT135,0.1718,22,0.7464,0.0,0.7464,False,
MAT098,MAT136,0.1687,32,0.7464,0.0,0.7464,False,
MAT098,MAT137,0.7218,12,0.7464,0.0,0.7464,False,
MAT098,MAT138,0.7464,2,0.7464,0.0,0.7464,False,
MAT098,MAT155,0.1718,23,0.7464,0.0,0.7464,False,
MAT098,MAT156,0.1687,33,0.7464,0.0,0.7464,False,
MAT098,MAT157,0.7218,13,0.7464,0.0,0.7464,False,
MAT098,MAT158,0.7464,3,0.7464,0.0,0.7464,False,
MAT098,MAT175,0.1718,24,0.7464,0.0,0.7464,False,
MAT098,MAT176,0.1687,34,0.7464,0.0,0.7464,False,
MAT098,MAT177,0.7218,14,0.7464,0.0,0.7464,False,
MAT098,MAT178,0.7464,4,0.7464,0.0,0.7464,False,
MAT098,MAT195,0.1718,25,0.7464,0.0,0.7464,False,
MAT098,MAT196,0.1687,35,0.7464,0.0,0.7464,False,
MAT098,MAT197,0.7218,15,0.7464,0.0,0.7464,False,
MAT098,MAT198,0.7464,5,0.7464,0.0,0.7464,False,
MAT098,MAT215,0.1718,26,0.7464,0.0,0.7464,False,
MAT098,MAT216,0.1687,36,0.7464,0.0,0.7464,False,
MAT098,MAT217,0.7218,16,0.7464,0.0,0.7464,False,
MAT098,MAT218,0.7464,6,0.7464,0.0,0.7464,False,
MAT098,MAT235,0.1718,27,0.7464,0.0,0.7464,False,
MAT098,MAT236,0.1687,37,0.7464,0.0,0.7464,False,
MAT098,MAT237,0.7218,17,0.7464,0.0,0.7464,False,
MAT098,MAT238,0.7464,7,0.7464,0.0,0.7464,False,
MAT098,MAT255,0.1718,28,0.7464,0.0,0.7464,False,
MAT098,MAT256,0.1687,38,0.7464,0.0,0.7464,False,
MAT098,MAT257,0.7218,18,0.7464,0.0,0.7464,False,
MAT098,MAT258,0.7464,8,0.7464,0.0,0.7464,False,
MAT098,MAT275,0.1718,29,0.7464,0.0,0.7464,False,
MAT098,MAT276,0.1687,39,0.7464,0.0,0.7464,False,
MAT098,MAT277,0.7218,19,0.7464,0.0,0.7464,False,
MAT098,MAT278,0.7464,9,0.7464,0.0,0.7464,False,
MAT098,MAT295,0.1718,30,0.7464,0.0,0.7464,False,
MAT098,MAT296,0.1687,40,0.7464,0.0,0.7464,False,
MAT098,MAT297,0.7218,20,0.7464,0.0,0.7464,False,
MAT098,MAT298,0.7464,10,0.7464,0.0,0.7464,False,
MAT099,MAT100,0.7059,11,0.7464,0.0,0.7464,False,
MAT099,MAT119,0.7464,1,0.7464,0.0,0.7464,False,
MAT099,MAT120,0.7059,12,0.7464,0.0,0.7464,False,
MAT099,MAT139,0.7464,2,0.7464,0.0,0.7464,False,
MAT099,MAT140,0.7059,13,0.7464,0.0,0.7464,False,
MAT099,MAT159,0.7464,3,0.7464,0.0,0.7464,False,
MAT099,MAT160,0.7059,14,0.7464,0.0,0.7464,False,
MAT099,MAT179,0.7464,4,0.7464,0.0,0.7464,False,
MAT099,MAT180,0.7059,15,0.7464,0.0,0.7464,False,
MAT099,MAT199,0.7464,5,0.7464,0.0,0.7464,False,
MAT099,MAT200,0.7059,16,0.7464,0.0,0.7464,False,
MAT099,MAT219,0.7464,6,0.7464,0.0,0.7464,False,
MAT099,MAT220,0.7059,17,0.7464,0.0,0.7464,False,
MAT099,MAT239,0.7464,7,0.7464,0.0,0.7464,False,
MAT099,MAT240,0.7059,18,0.7464,0.0,0.7464,False,
MAT099,MAT259,0.7464,8,0.7464,0.0,0.7464,False,
MAT099,MAT260,0.7059,19,0.7464,0.0,0.7464,False,
MAT099,MAT279,0.7464,9,0.7464,0.0,0.7464,False,
MAT099,MAT280,0.7059,20,0.7464,0.0,0.7464,False,
MAT099,MAT299,0.7464,10,0.7464,0.0,0.7464,False,
MAT099,MAT300,0.7059,21,0.7464,0.0,0.7464,False,
MAT100,MAT119,0.7059,11,0.7464,0.0,0.7464,False,
MAT100,MAT120,0.7464,1,0.7464,0.0,0.7464,False,
MAT100,MAT139,0.7059,12,0.7464,0.0,0.7464,False,
MAT100,MAT140,0.7464,2,0.7464,0.0,0.7464,False,
MAT100,MAT159,0.7059,13,0.7464,0.0,0.7464,False,
MAT100,MAT160,0.7464,3,0.7464,0.0,0.7464,False,
MAT100,MAT179,0.7059,14,0.7464,0.0,0.7464,False,
MAT100,MAT180,0.7464,4,0.7464,0.0,0.7464,False,
MAT100,MAT199,0.7059,15,0.7464,0.0,0.7464,False,
MAT100,MAT200,0.7464,5,0.7464,0.0,0.7464,False,
MAT100,MAT219,0.7059,16,0.7464,0.0,0.7464,False,
MAT100,MAT220,0.7464,6,0.7464,0.0,0.7464,False,
MAT100,MAT239,0.7059,17,0.7464,0.0,0.7464,False,
MAT100,MAT240,0.7464,7,0.7464,0.0,0.7464,False,
MAT100,MAT259,0.7059,18,0.7464,0.0,0.7464,False,
MAT100,MAT260,0.7464,8,0.7464,0.0,0.7464,False,
MAT100,MAT279,0.7059,19,0.7464,0.0,0.7464,False,
MAT100,MAT280,0.7464,9,0.7464,0.0,0.7464,False,
MAT100,MAT299,0.7059,20,0.7464,0.0,0.7464,False,
MAT100,MAT300,0.7464,10,0.7464,0.0,0.7464,False,
MAT101,MAT102,0.7159,20,0.7976,0.0,0.7976,False,
MAT101,MAT103,0.7339,10,0.7976,0.0,0.7976,False,
MAT101,MAT104,0.6961,30,0.7976,0.0,0.7976,False,
MAT101,MAT106,0.4851,40,0.7976,0.0,0.7976,False,
MAT101,MAT121,0.7976,1,0.7976,0.0,0.7976,False,
MAT101,MAT122,0.7159,21,0.7976,0.0,0.7976,False,
MAT101,MAT123,0.7339,11,0.7976,0.0,0.7976,False,
MAT101,MAT124,0.6961,31,0.7976,0.0,0.7976,False,
MAT101,MAT126,0.4851,41,0.7976,0.0,0.7976,False,
MAT101,MAT141,0.7976,2,0.7976,0.0,0.7976,False,
MAT101,MAT142,0.7159,22,0.7976,0.0,0.7976,False,
MAT101,MAT143,0.7339,12,0.7976,0.0,0.7976,False,
MAT101,MAT144,0.6961,32,0.7976,0.0,0.7976,False,
MAT101,MAT146,0.4851,42,0.7976,0.0,0.7976,False,
MAT101,MAT161,0.7976,3,0.7976,0.0,0.7976,False,
MAT101,MAT162,0.7159,23,0.7976,0.0,0.7976,False,
MAT101,MAT163,0.7339,13,0.7976,0.0,0.7976,False,
MAT101,MAT164,0.6961,33,0.7976,0.0,0.7976,False,
MAT101,MAT166,0.4851,43,0.7976,0.0,0.7976,False,
MAT101,MAT181,0.7976,4,0.7976,0.0,0.7976,False,
MAT101,MAT182,0.7159,24,0.7976,0.0,0.7976,False,
MAT101,MAT183,0.7339,14,0.7976,0.0,0.7976,False,
MAT101,MAT184,0.6961,34,0.7976,0.0,0.7976,False,
MAT101,MAT186,0.4851,44,0.7976,0.0,0.7976,False,
MAT101,MAT201,0.7976,5,0.7976,0.0,0.7976,False,
MAT101,MAT202,0.7159,25,0.7976,0.0,0.7976,False,
MAT101,MAT203,0.7339,15,0.7976,0.0,0.7976,False,
MAT101,MAT204,0.6961,35,0.7976,0.0,0.7976,False,
MAT101,MAT206,0.4851,45,0.7976,0.0,0.7976,False,
MAT101,MAT221,0.7976,6,0.7976,0.0,0.7976,False,
MAT101,MAT222,0.7159,26,0.7976,0.0,0.7976,False,
MAT101,MAT223,0.7339,16,0.7976,0.0,0.7976,False,
MAT101,MAT224,0.6961,36,0.7976,0.0,0.7976,False,
MAT101,MAT226,0.4851,46,0.7976,0.0,0.7976,False,
MAT101,MAT241,0.7976,7,0.7976,0.0,0.7976,False,
MAT101,MAT242,0.7159,27,0.7976,0.0,0.7976,False,
MAT101,MAT243,0.7339,17,0.7976,0.0,0.7976,False,
MAT101,MAT244,0.6961,37,0.7976,0.0,0.7976,False,
MAT101,MAT246,0.4851,47,0.7976,0.0,0.7976,False,
MAT101,MAT261,0.7976,8,0.7976,0.0,0.7976,False,
MAT101,MAT262,0.7159,28,0.7976,0.0,0.7976,False,
MAT101,MAT263,0.7339,18,0.7976,0.0,0.7976,False,
MAT101,MAT264,0.6961,38,0.7976,0.0,0.7976,False,
MAT101,MAT266,0.4851,48,0.7976,0.0,0.7976,False,
MAT101,MAT281,0.7976,9,0.7976,0.0,0.7976,False,
MAT101,MAT282,0.7159,29,0.7976,0.0,0.7976,False,
MAT101,MAT283,0.7339,19,0.7976,0.0,0.7976,False,
MAT101,MAT284,0.6961,39,0.7976,0.0,0.7976,False,
MAT101,MAT286,0.4851,49,0.7976,0.0,0.7976,False,
MAT102,MAT103,0.6282,29,0.9232,0.0,0.9232,False,
MAT102,MAT104,0.8089,10,0.9232,0.0,0.9232,False,
MAT102,MAT106,0.5088,39,0.9232,0.0,0.9232,False,
MAT102,MAT121,0.7159,20,0.9232,0.0,0.9232,False,
MAT102,MAT122,0.9232,1,0.9232,0.0,0.9232,False,
MAT102,MAT123,0.6282,30,0.9232,0.0,0.9232,False,
MAT102,MAT124,0.8089,11,0.9232,0.0,0.9232,False,
MAT102,MAT126,0.5088,40,0.9232,0.0,0.9232,False,
MAT102,MAT141,0.7159,21,0.9232,0.0,0.9232,False,
MAT102,MAT142,0.9232,2,0.9232,0.0,0.9232,False,
MAT102,MAT143,0.6282,31,0.9232,0.0,0.9232,False,
MAT102,MAT144,0.8089,12,0.9232,0.0,0.9232,False,
MAT102,MAT146,0.5088,41,0.9232,0.0,0.9232,False,
MAT102,MAT161,0.7159,22,0.9232,0.0,0.9232,False,
MAT102,MAT162,0.9232,3,0.9232,0.0,0.9232,False,
MAT102,MAT163,0.6282,32,0.9232,0.0,0.9232,False,
MAT102,MAT164,0.8089,13,0.9232,0.0,0.9232,False,
MAT102,MAT166,0.5088,42,0.9232,0.0,0.9232,False,
MAT102,MAT181,0.7159,23,0.9232,0.0,0.9232,False,
MAT102,MAT182,0.9232,4,0.9232,0.0,0.9232,False,
MAT102,MAT183,0.6282,33,0.9232,0.0,0.9232,False,
MAT102,MAT184,0.8089,14,0.9232,0.0,0.9232,False,
MAT102,MAT186,0.5088,43,0.9232,0.0,0.9232,False,
MAT102,MAT201,0.7159,24,0.9232,0.0,0.9232,False,
MAT102,MAT202,0.9232,5,0.9232,0.0,0.9232,False,
MAT102,MAT203,0.6282,34,0.9232,0.0,0.9232,False,
MAT102,MAT204,0.8089,15,0.9232,0.0,0.9232,False,
MAT102,MAT206,0.5088,44,0.9232,0.0,0.9232,False,
MAT102,MAT221,0.7159,25,0.9232,0.0,0.9232,False,
MAT102,MAT222,0.9232,6,0.9232,0.0,0.9232,False,
MAT102,MAT223,0.6282,35,0.9232,0.0,0.9232,False,
MAT102,MAT224,0.8089,16,0.9232,0.0,0.9232,False,
MAT102,MAT226,0.5088,45,0.9232,0.0,0.9232,False,
MAT102,MAT241,0.7159,26,0.9232,0.0,0.9232,False,
MAT102,MAT242,0.9232,7,0.9232,0.0,0.9232,False,
MAT102,MAT243,0.6282,36,0.9232,0.0,0.9232,False,
MAT102,MAT244,0.8089,17,0.9232,0.0,0.9232,False,
MAT102,MAT246,0.5088,46,0.9232,0.0,0.9232,False,
MAT102,MAT261,0.7159,27,0.9232,0.0,0.9232,False,
MAT102,MAT262,0.9232,8,0.9232,0.0,0.9232,False,
MAT102,MAT263,0.6282,37,0.9232,0.0,0.9232,False,
MAT102,MAT264,0.8089,18,0.9232,0.0,0.9232,False,
MAT102,MAT266,0.5088,47,0.9232,0.0,0.9232,False,
MAT102,MAT281,0.7159,28,0.9232,0.0,0.9232,False,
MAT102,MAT282,0.9232,9,0.9232,0.0,0.9232,False,
MAT102,MAT283,0.6282,38,0.9232,0.0,0.9232,False,
MAT102,MAT284,0.8089,19,0.9232,0.0,0.9232,False,
MAT102,MAT286,0.5088,48,0.9232,0.0,0.9232,False,
MAT103,MAT104,0.7511,10,0.772,0.0,0.772,False,
MAT103,MAT106,0.4978,38,0.772,0.0,0.772,False,
MAT103,MAT121,0.7339,20,0.772,0.0,0.772,False,
MAT103,MAT122,0.6282,29,0.772,0.0,0.772,False,
MAT103,MAT123,0.772,1,0.772,0.0,0.772,False,
MAT103,MAT124,0.7511,11,0.772,0.0,0.772,False,
MAT103,MAT126,0.4978,39,0.772,0.0,0.772,False,
MAT103,MAT141,0.7339,21,0.772,0.0,0.772,False,
MAT103,MAT142,0.6282,30,0.772,0.0,0.772,False,
MAT103,MAT143,0.772,2,0.772,0.0,0.772,False,
MAT103,MAT144,0.7511,12,0.772,0.0,0.772,False,
MAT103,MAT146,0.4978,40,0.772,0.0,0.772,False,
MAT103,MAT161,0.7339,22,0.772,0.0,0.772,False,
MAT103,MAT162,0.6282,31,0.772,0.0,0.772,False,
MAT103,MAT163,0.772,3,0.772,0.0,0.772,False,
MAT103,MAT164,0.7511,13,0.772,0.0,0.772,False,
MAT103,MAT166,0.4978,41,0.772,0.0,0.772,False,
MAT103,MAT181,0.7339,23,0.772,0.0,0.772,False,
MAT103,MAT182,0.6282,32,0.772,0.0,0.772,False,
MAT103,MAT183,0.772,4,0.772,0.0,0.772,False,
MAT103,MAT184,0.7511,14,0.772,0.0,0.772,False,
MAT103,MAT186,0.4978,42,0.772,0.0,0.772,False,
MAT103,MAT201,0.7339,24,0.772,0.0,0.772,False,
MAT103,MAT202,0.6282,33,0.772,0.0,0.772,False,
MAT103,MAT203,0.772,5,0.772,0.0,0.772,False,
MAT103,MAT204,0.7511,15,0.772,0.0,0.772,False,
MAT103,MAT206,0.4978,43,0.772,0.0,0.772,False,
MAT103,MAT221,0.7339,25,0.772,0.0,0.772,False,
MAT103,MAT222,0.6282,34,0.772,0.0,0.772,False,
MAT103,MAT223,0.772,6,0.772,0.0,0.772,False,
MAT103,MAT224,0.7511,16,0.772,0.0,0.772,False,
MAT103,MAT226,0.4978,44,0.772,0.0,0.772,False,
MAT103,MAT241,0.7339,26,0.772,0.0,0.772,False,
MAT103,MAT242,0.6282,35,0.772,0.0,0.772,False,
MAT103,MAT243,0.772,7,0.772,0.0,0.772,False,
MAT103,MAT244,0.7511,17,0.772,0.0,0.772,False,
MAT103,MAT246,0.4978,45,0.772,0.0,0.772,False,
MAT103,MAT261,0.7339,27,0.772,0.0,0.772,False,
MAT103,MAT262,0.6282,36,0.772,0.0,0.772,False,
MAT103,MAT263,0.772,8,0.772,0.0,0.772,False,
MAT103,MAT264,0.7511,18,0.772,0.0,0.772,False,
MAT103,MAT266,0.4978,46,0.772,0.0,0.772,False,
MAT103,MAT281,0.7339,28,0.772,0.0,0.772,False,
MAT103,MAT282,0.6282,37,0.772,0.0,0.772,False,
MAT103,MAT283,0.772,9,0.772,0.0,0.772,False,
MAT103,MAT284,0.7511,19,0.772,0.0,0.772,False,
MAT103,MAT286,0.4978,47,0.772,0.0,0.772,False,
MAT104,MAT105,0.4181,47,0.8976,0.0,0.8976,False,
MAT104,MAT106,0.5166,37,0.8976,0.0,0.8976,False,
MAT104,MAT121,0.6961,28,0.8976,0.0,0.8976,False,
MAT104,MAT122,0.8089,10,0.8976,0.0,0.8976,False,
MAT104,MAT123,0.7511,19,0.8976,0.0,0.8976,False,
MAT104,MAT124,0.8976,1,0.8976,0.0,0.8976,False,
MAT104,MAT125,0.4181,48,0.8976,0.0,0.8976,False,
MAT104,MAT126,0.5166,38,0.8976,0.0,0.8976,False,
MAT104,MAT141,0.6961,29,0.8976,0.0,0.8976,False,
MAT104,MAT142,0.8089,11,0.8976,0.0,0.8976,False,
MAT104,MAT143,0.7511,20,0.8976,0.0,0.8976,False,
MAT104,MAT144,0.8976,2,0.8976,0.0,0.8976,False,
MAT104,MAT145,0.4181,49,0.8976,0.0,0.8976,False,
MAT104,MAT146,0.5166,39,0.8976,0.0,0.8976,False,
MAT104,MAT161,0.6961,30,0.8976,0.0,0.8976,False,
MAT104,MAT162,0.8089,12,0.8976,0.0,0.8976,False,
MAT104,MAT163,0.7511,21,0.8976,0.0,0.8976,False,
MAT104,MAT164,0.8976,3,0.8976,0.0,0.8976,False,
MAT104,MAT165,0.4181,50,0.8976,0.0,0.8976,False,
MAT104,MAT166,0.5166,40,0.8976,0.0,0.8976,False,
MAT104,MAT181,0.6961,31,0.8976,0.0,0.8976,False,
MAT104,MAT182,0.8089,13,0.8976,0.0,0.8976,False,
MAT104,MAT183,0.7511,22,0.8976,0.0,0.8976,False,
MAT104,MAT184,0.8976,4,0.8976,0.0,0.8976,False,
MAT104,MAT185,0.4181,51,0.8976,0.0,0.8976,False,
MAT104,MAT186,0.5166,41,0.8976,0.0,0.8976,False,
MAT104,MAT201,0.6961,32,0.8976,0.0,0.8976,False,
MAT104,MAT202,0.8089,14,0.8976,0.0,0.8976,False,
MAT104,MAT203,0.7511,23,0.8976,0.0,0.8976,False,
MAT104,MAT204,0.8976,5,0.8976,0.0,0.8976,False,
MAT104,MAT205,0.4181,52,0.8976,0.0,0.8976,False,
MAT104,MAT206,0.5166,42,0.8976,0.0,0.8976,False,
MAT104,MAT221,0.6961,33,0.8976,0.0,0.8976,False,
MAT104,MAT222,0.8089,15,0.8976,0.0,0.8976,False,
MAT104,MAT223,0.7511,24,0.8976,0.0,0.8976,False,
MAT104,MAT224,0.8976,6,0.8976,0.0,0.8976,False,
MAT104,MAT225,0.4181,53,0.8976,0.0,0.8976,False,
MAT104,MAT226,0.5166,43,0.8976,0.0,0.8976,False,
MAT104,MAT241,0.6961,34,0.8976,0.0,0.8976,False,
MAT104,MAT242,0.8089,16,0.8976,0.0,0.8976,False,
MAT104,MAT243,0.7511,25,0.8976,0.0,0.8976,False,
MAT104,MAT244,0.8976,7,0.8976,0.0,0.8976,False,
MAT104,MAT245,0.4181,54,0.8976,0.0,0.8976,False,
MAT104,MAT246,0.5166,44,0.8976,0.0,0.8976,False,
MAT104,MAT261,0.6961,35,0.8976,0.0,0.8976,False,
MAT104,MAT262,0.8089,17,0.8976,0.0,0.8976,False,
MAT104,MAT263,0.7511,26,0.8976,0.0,0.8976,False,
MAT104,MAT264,0.8976,8,0.8976,0.0,0.8976,False,
MAT104,MAT265,0.4181,55,0.8976,0.0,0.8976,False,
MAT104,MAT266,0.5166,45,0.8976,0.0,0.8976,False,
MAT104,MAT281,0.6961,36,0.8976,0.0,0.8976,False,
MAT104,MAT282,0.8089,18,0.8976,0.0,0.8976,False,
MAT104,MAT283,0.7511,27,0.8976,0.0,0.8976,False,
MAT104,MAT284,0.8976,9,0.8976,0.0,0.8976,False,
MAT104,MAT285,0.4181,56,0.8976,0.0,0.8976,False,
MAT104,MAT286,0.5166,46,0.8976,0.0,0.8976,False,
MAT105,MAT106,0.6342,10,0.7131,0.0,0.7131,False,
MAT105,MAT124,0.4181,20,0.7131,0.0,0.7131,False,
MAT105,MAT125,0.7131,1,0.7131,0.0,0.7131,False,
MAT105,MAT126,0.6342,11,0.7131,0.0,0.7131,False,
MAT105,MAT144,0.4181,21,0.7131,0.0,0.7131,False,
MAT105,MAT145,0.7131,2,0.7131,0.0,0.7131,False,
MAT105,MAT146,0.6342,12,0.7131,0.0,0.7131,False,
MAT105,MAT164,0.4181,22,0.7131,0.0,0.7131,False,
MAT105,MAT165,0.7131,3,0.7131,0.0,0.7131,False,
MAT105,MAT166,0.6342,13,0.7131,0.0,0.7131,False,
MAT105,MAT184,0.4181,23,0.7131,0.0,0.7131,False,
MAT105,MAT185,0.7131,4,0.7131,0.0,0.7131,False,
MAT105,MAT186,0.6342,14,0.7131,0.0,0.7131,False,
MAT105,MAT204,0.4181,24,0.7131,0.0,0.7131,False,
MAT105,MAT205,0.7131,5,0.7131,0.0,0.7131,False,
MAT105,MAT206,0.6342,15,0.7131,0.0,0.7131,False,
MAT105,MAT224,0.4181,25,0.7131,0.0,0.7131,False,
MAT105,MAT225,0.7131,6,0.7131,0.0,0.7131,False,
MAT105,MAT226,0.6342,16,0.7131,0.0,0.7131,False,
MAT105,MAT244,0.4181,26,0.7131,0.0,0.7131,False,
MAT105,MAT245,0.7131,7,0.7131,0.0,0.7131,False,
MAT105,MAT246,0.6342,17,0.7131,0.0,0.7131,False,
MAT105,MAT264,0.4181,27,0.7131,0.0,0.7131,False,
MAT105,MAT265,0.7131,8,0.7131,0.0,0.7131,False,
MAT105,MAT266,0.6342,18,0.7131,0.0,0.7131,False,
MAT105,MAT284,0.4181,28,0.7131,0.0,0.7131,False,
MAT105,MAT285,0.7131,9,0.7131,0.0,0.7131,False,
MAT105,MAT286,0.6342,19,0.7131,0.0,0.7131,False,
MAT106,MAT121,0.4851,46,0.772,0.0,0.772,False,
MAT106,MAT122,0.5088,28,0.772,0.0,0.772,False,
MAT106,MAT123,0.4978,37,0.772,0.0,0.772,False,
MAT106,MAT124,0.5166,19,0.772,0.0,0.772,False,
MAT106,MAT125,0.6342,10,0.772,0.0,0.772,False,
MAT106,MAT126,0.772,1,0.772,0.0,0.772,False,
MAT106,MAT141,0.4851,47,0.772,0.0,0.772,False,
MAT106,MAT142,0.5088,29,0.772,0.0,0.772,False,
MAT106,MAT143,0.4978,38,0.772,0.0,0.772,False,
MAT106,MAT144,0.5166,20,0.772,0.0,0.772,False,
MAT106,MAT145,0.6342,11,0.772,0.0,0.772,False,
MAT106,MAT146,0.772,2,0.772,0.0,0.772,False,
MAT106,MAT161,0.4851,48,0.772,0.0,0.772,False,
MAT106,MAT162,0.5088,30,0.772,0.0,0.772,False,
MAT106,MAT163,0.4978,39,0.772,0.0,0.772,False,
MAT106,MAT164,0.5166,21,0.772,0.0,0.772,False,
MAT106,MAT165,0.6342,12,0.772,0.0,0.772,False,
MAT106,MAT166,0.772,3,0.772,0.0,0.772,False,
MAT106,MAT181,0.4851,49,0.772,0.0,0.772,False,
MAT106,MAT182,0.5088,31,0.772,0.0,0.772,False,
MAT106,MAT183,0.4978,40,0.772,0.0,0.772,False,
MAT106,MAT184,0.5166,22,0.772,0.0,0.772,False,
MAT106,MAT185,0.6342,13,0.772,0.0,0.772,False,
MAT106,MAT186,0.772,4,0.772,0.0,0.772,False,
MAT106,MAT201,0.4851,50,0.772,0.0,0.772,False,
MAT106,MAT202,0.5088,32,0.772,0.0,0.772,False,
MAT106,MAT203,0.4978,41,0.772,0.0,0.772,False,
MAT106,MAT204,0.5166,23,0.772,0.0,0.772,False,
MAT106,MAT205,0.6342,14,0.772,0.0,0.772,False,
MAT106,MAT206,0.772,5,0.772,0.0,0.772,False,
MAT106,MAT221,0.4851,51,0.772,0.0,0.772,False,
MAT106,MAT222,0.5088,33,0.772,0.0,0.772,False,
MAT106,MAT223,0.4978,42,0.772,0.0,0.772,False,
MAT106,MAT224,0.5166,24,0.772,0.0,0.772,False,
MAT106,MAT225,0.6342,15,0.772,0.0,0.772,False,
MAT106,MAT226,0.772,6,0.772,0.0,0.772,False,
MAT106,MAT241,0.4851,52,0.772,0.0,0.772,False,
MAT106,MAT242,0.5088,34,0.772,0.0,0.772,False,
MAT106,MAT243,0.4978,43,0.772,0.0,0.772,False,
MAT106,MAT244,0.5166,25,0.772,0.0,0.772,False,
MAT106,MAT245,0.6342,16,0.772,0.0,0.772,False,
MAT106,MAT246,0.772,7,0.772,0.0,0.772,False,
MAT106,MAT261,0.4851,53,0.772,0.0,0.772,False,
MAT106,MAT262,0.5088,35,0.772,0.0,0.772,False,
MAT106,MAT263,0.4978,44,0.772,0.0,0.772,False,
MAT106,MAT264,0.5166,26,0.772,0.0,0.772,False,
MAT106,MAT265,0.6342,17,0.772,0.0,0.772,False,
MAT106,MAT266,0.772,8,0.772,0.0,0.772,False,
MAT106,MAT281,0.4851,54,0.772,0.0,0.772,False,
MAT106,MAT282,0.5088,36,0.772,0.0,0.772,False,
MAT106,MAT283,0.4978,45,0.772,0.0,0.772,False,
MAT106,MAT284,0.5166,27,0.772,0.0,0.772,False,
MAT106,MAT285,0.6342,18,0.772,0.0,0.772,False,
MAT106,MAT286,0.772,9,0.772,0.0,0.772,False,
MAT107,MAT108,0.8131,1,0.8131,0.0,0.8131,False,
MAT107,MAT109,0.2442,30,0.8131,0.0,0.8131,False,
MAT107,MAT110,0.4921,20,0.8131,0.0,0.8131,False,
MAT107,MAT127,0.8131,2,0.8131,0.0,0.8131,False,
MAT107,MAT128,0.8131,3,0.8131,0.0,0.8131,False,
MAT107,MAT129,0.2442,31,0.8131,0.0,0.8131,False,
MAT107,MAT130,0.4921,21,0.8131,0.0,0.8131,False,
MAT107,MAT147,0.8131,4,0.8131,0.0,0.8131,False,
MAT107,MAT148,0.8131,5,0.8131,0.0,0.8131,False,
MAT107,MAT149,0.2442,32,0.8131,0.0,0.8131,False,
MAT107,MAT150,0.4921,22,0.8131,0.0,0.8131,False,
MAT107,MAT167,0.8131,6,0.8131,0.0,0.8131,False,
MAT107,MAT168,0.8131,7,0.8131,0.0,0.8131,False,
MAT107,MAT169,0.2442,33,0.8131,0.0,0.8131,False,
MAT107,MAT170,0.4921,23,0.8131,0.0,0.8131,False,
MAT107,MAT187,0.8131,8,0.8131,0.0,0.8131,False,
MAT107,MAT188,0.8131,9,0.8131,0.0,0.8131,False,
MAT107,MAT189,0.2442,34,0.8131,0.0,0.8131,False,
MAT107,MAT190,0.4921,24,0.8131,0.0,0.8131,False,
MAT107,MAT207,0.8131,10,0.8131,0.0,0.8131,False,
MAT107,MAT208,0.8131,11,0.8131,0.0,0.8131,False,
MAT107,MAT209,0.2442,35,0.8131,0.0,0.8131,False,
MAT107,MAT210,0.4921,25,0.8131,0.0,0.8131,False,
MAT107,MAT227,0.8131,12,0.8131,0.0,0.8131,False,
MAT107,MAT228,0.8131,13,0.8131,0.0,0.8131,False,
MAT107,MAT229,0.2442,36,0.8131,0.0,0.8131,False,
MAT107,MAT230,0.4921,26,0.8131,0.0,0.8131,False,
MAT107,MAT247,0.8131,14,0.8131,0.0,0.8131,False,
MAT107,MAT248,0.8131,15,0.8131,0.0,0.8131,False,
MAT107,MAT249,0.2442,37,0.8131,0.0,0.8131,False,
MAT107,MAT250,0.4921,27,0.8131,0.0,0.8131,False,
MAT107,MAT267,0.8131,16,0.8131,0.0,0.8131,False,
MAT107,MAT268,0.8131,17,0.8131,0.0,0.8131,False,
MAT107,MAT269,0.2442,38,0.8131,0.0,0.8131,False,
MAT107,MAT270,0.4921,28,0.8131,0.0,0.8131,False,
MAT107,MAT287,0.8131,18,0.8131,0.0,0.8131,False,
MAT107,MAT288,0.8131,19,0.8131,0.0,0.8131,False,
MAT107,MAT289,0.2442,39,0.8131,0.0,0.8131,False,
MAT107,MAT290,0.4921,29,0.8131,0.0,0.8131,False,
MAT108,MAT109,0.2206,29,0.8131,0.0,0.8131,False,
MAT108,MAT110,0.4685,19,0.8131,0.0,0.8131,False,
MAT108,MAT127,0.8131,1,0.8131,0.0,0.8131,False,
MAT108,MAT128,0.8131,2,0.8131,0.0,0.8131,False,
MAT108,MAT129,0.2206,30,0.8131,0.0,0.8131,False,
MAT108,MAT130,0.4685,20,0.8131,0.0,0.8131,False,
MAT108,MAT147,0.8131,3,0.8131,0.0,0.8131,False,
MAT108,MAT148,0.8131,4,0.8131,0.0,0.8131,False,
MAT108,MAT149,0.2206,31,0.8131,0.0,0.8131,False,
MAT108,MAT150,0.4685,21,0.8131,0.0,0.8131,False,
MAT108,MAT167,0.8131,5,0.8131,0.0,0.8131,False,
MAT108,MAT168,0.8131,6,0.8131,0.0,0.8131,False,
MAT108,MAT169,0.2206,32,0.8131,0.0,0.8131,False,
MAT108,MAT170,0.4685,22,0.8131,0.0,0.8131,False,
MAT108,MAT187,0.8131,7,0.8131,0.0,0.8131,False,
MAT108,MAT188,0.8131,8,0.8131,0.0,0.8131,False,
MAT108,MAT189,0.2206,33,0.8131,0.0,0.8131,False,
MAT108,MAT190,0.4685,23,0.8131,0.0,0.8131,False,
MAT108,MAT207,0.8131,9,0.8131,0.0,0.8131,False,
MAT108,MAT208,0.8131,10,0.8131,0.0,0.8131,False,
MAT108,MAT209,0.2206,34,0.8131,0.0,0.8131,False,
MAT108,MAT210,0.4685,24,0.8131,0.0,0.8131,False,
MAT108,MAT227,0.8131,11,0.8131,0.0,0.8131,False,
MAT108,MAT228,0.8131,12,0.8131,0.0,0.8131,False,
MAT108,MAT229,0.2206,35,0.8131,0.0,0.8131,False,
MAT108,MAT230,0.4685,25,0.8131,0.0,0.8131,False,
MAT108,MAT247,0.8131,13,0.8131,0.0,0.8131,False,
MAT108,MAT248,0.8131,14,0.8131,0.0,0.8131,False,
MAT108,MAT249,0.2206,36,0.8131,0.0,0.8131,False,
MAT108,MAT250,0.4685,26,0.8131,0.0,0.8131,False,
MAT108,MAT267,0.8131,15,0.8131,0.0,0.8131,False,
MAT108,MAT268,0.8131,16,0.8131,0.0,0.8131,False,
MAT108,MAT269,0.2206,37,0.8131,0.0,0.8131,False,
MAT108,MAT270,0.4685,27,0.8131,0.0,0.8131,False,
MAT108,MAT287,0.8131,17,0.8131,0.0,0.8131,False,
MAT108,MAT288,0.8131,18,0.8131,0.0,0.8131,False,
MAT108,MAT289,0.2206,38,0.8131,0.0,0.8131,False,
MAT108,MAT290,0.4685,28,0.8131,0.0,0.8131,False,
MAT109,MAT110,0.5989,10,0.8131,0.0,0.8131,False,
MAT109,MAT127,0.2442,20,0.8131,0.0,0.8131,False,
MAT109,MAT128,0.2206,29,0.8131,0.0,0.8131,False,
MAT109,MAT129,0.8131,1,0.8131,0.0,0.8131,False,
MAT109,MAT130,0.5989,11,0.8131,0.0,0.8131,False,
MAT109,MAT147,0.2442,21,0.8131,0.0,0.8131,False,
MAT109,MAT148,0.2206,30,0.8131,0.0,0.8131,False,
MAT109,MAT149,0.8131,2,0.8131,0.0,0.8131,False,
MAT109,MAT150,0.5989,12,0.8131,0.0,0.8131,False,
MAT109,MAT167,0.2442,22,0.8131,0.0,0.8131,False,
MAT109,MAT168,0.2206,31,0.8131,0.0,0.8131,False,
MAT109,MAT169,0.8131,3,0.8131,0.0,0.8131,False,
MAT109,MAT170,0.5989,13,0.8131,0.0,0.8131,False,
MAT109,MAT187,0.2442,23,0.8131,0.0,0.8131,False,
MAT109,MAT188,0.2206,32,0.8131,0.0,0.8131,False,
MAT109,MAT189,0.8131,4,0.8131,0.0,0.8131,False,
MAT109,MAT190,0.5989,14,0.8131,0.0,0.8131,False,
MAT109,MAT207,0.2442,24,0.8131,0.0,0.8131,False,
MAT109,MAT208,0.2206,33,0.8131,0.0,0.8131,False,
MAT109,MAT209,0.8131,5,0.8131,0.0,0.8131,False,
MAT109,MAT210,0.5989,15,0.8131,0.0,0.8131,False,
MAT109,MAT227,0.2442,25,0.8131,0.0,0.8131,False,
MAT109,MAT228,0.2206,34,0.8131,0.0,0.8131,False,
MAT109,MAT229,0.8131,6,0.8131,0.0,0.8131,False,
MAT109,MAT230,0.5989,16,0.8131,0.0,0.8131,False,
MAT109,MAT247,0.2442,26,0.8131,0.0,0.8131,False,
MAT109,MAT248,0.2206,35,0.8131,0.0,0.8131,False,
MAT109,MAT249,0.8131,7,0.8131,0.0,0.8131,False,
MAT109,MAT250,0.5989,17,0.8131,0.0,0.8131,False,
MAT109,MAT267,0.2442,27,0.8131,0.0,0.8131,False,
MAT109,MAT268,0.2206,36,0.8131,0.0,0.8131,False,
MAT109,MAT269,0.8131,8,0.8131,0.0,0.8131,False,
MAT109,MAT270,0.5989,18,0.8131,0.0,0.8131,False,
MAT109,MAT287,0.2442,28,0.8131,0.0,0.8131,False,
MAT109,MAT288,0.2206,37,0.8131,0.0,0.8131,False,
MAT109,MAT289,0.8131,9,0.8131,0.0,0.8131,False,
MAT109,MAT290,0.5989,19,0.8131,0.0,0.8131,False,
MAT110,MAT127,0.4921,19,0.6875,0.0,0.6875,False,
MAT110,MAT128,0.4685,28,0.6875,0.0,0.6875,False,
MAT110,MAT129,0.5989,10,0.6875,0.0,0.6875,False,
MAT110,MAT130,0.6875,1,0.6875,0.0,0.6875,False,
MAT110,MAT147,0.4921,20,0.6875,0.0,0.6875,False,
MAT110,MAT148,0.4685,29,0.6875,0.0,0.6875,False,
MAT110,MAT149,0.5989,11,0.6875,0.0,0.6875,False,
MAT110,MAT150,0.6875,2,0.6875,0.0,0.6875,False,
MAT110,MAT167,0.4921,21,0.6875,0.0,0.6875,False,
MAT110,MAT168,0.4685,30,0.6875,0.0,0.6875,False,
MAT110,MAT169,0.5989,12,0.6875,0.0,0.6875,False,
MAT110,MAT170,0.6875,3,0.6875,0.0,0.6875,False,
MAT110,MAT187,0.4921,22,0.6875,0.0,0.6875,False,
MAT110,MAT188,0.4685,31,0.6875,0.0,0.6875,False,
MAT110,MAT189,0.5989,13,0.6875,0.0,0.6875,False,
MAT110,MAT190,0.6875,4,0.6875,0.0,0.6875,False,
MAT110,MAT207,0.4921,23,0.6875,0.0,0.6875,False,
MAT110,MAT208,0.4685,32,0.6875,0.0,0.6875,False,
MAT110,MAT209,0.5989,14,0.6875,0.0,0.6875,False,
MAT110,MAT210,0.6875,5,0.6875,0.0,0.6875,False,
MAT110,MAT227,0.4921,24,0.6875,0.0,0.6875,False,
MAT110,MAT228,0.4685,33,0.6875,0.0,0.6875,False,
MAT110,MAT229,0.5989,15,0.6875,0.0,0.6875,False,
MAT110,MAT230,0.6875,6,0.6875,0.0,0.6875,False,
MAT110,MAT247,0.4921,25,0.6875,0.0,0.6875,False,
MAT110,MAT248,0.4685,34,0.6875,0.0,0.6875,False,
MAT110,MAT249,0.5989,16,0.6875,0.0,0.6875,False,
MAT110,MAT250,0.6875,7,0.6875,0.0,0.6875,False,
MAT110,MAT267,0.4921,26,0.6875,0.0,0.6875,False,
MAT110,MAT268,0.4685,35,0.6875,0.0,0.6875,False,
MAT110,MAT269,0.5989,17,0.6875,0.0,0.6875,False,
MAT110,MAT270,0.6875,8,0.6875,0.0,0.6875,False,
MAT110,MAT287,0.4921,27,0.6875,0.0,0.6875,False,
MAT110,MAT288,0.4685,36,0.6875,0.0,0.6875,False,
MAT110,MAT289,0.5989,18,0.6875,0.0,0.6875,False,
MAT110,MAT290,0.6875,9,0.6875,0.0,0.6875,False,
MAT111,MAT112,0.7008,10,0.8131,0.0,0.8131,False,
MAT111,MAT114,0.2852,20,0.8131,0.0,0.8131,False,
MAT111,MAT131,0.8131,1,0.8131,0.0,0.8131,False,
MAT111,MAT132,0.7008,11,0.8131,0.0,0.8131,False,
MAT111,MAT134,0.2852,21,0.8131,0.0,0.8131,False,
MAT111,MAT151,0.8131,2,0.8131,0.0,0.8131,False,
MAT111,MAT152,0.7008,12,0.8131,0.0,0.8131,False,
MAT111,MAT154,0.2852,22,0.8131,0.0,0.8131,False,
MAT111,MAT171,0.8131,3,0.8131,0.0,0.8131,False,
MAT111,MAT172,0.7008,13,0.8131,0.0,0.8131,False,
MAT111,MAT174,0.2852,23,0.8131,0.0,0.8131,False,
MAT111,MAT191,0.8131,4,0.8131,0.0,0.8131,False,
MAT111,MAT192,0.7008,14,0.8131,0.0,0.8131,False,
MAT111,MAT194,0.2852,24,0.8131,0.0,0.8131,False,
MAT111,MAT211,0.8131,5,0.8131,0.0,0.8131,False,
MAT111,MAT212,0.7008,15,0.8131,0.0,0.8131,False,
MAT111,MAT214,0.2852,25,0.8131,0.0,0.8131,False,
MAT111,MAT231,0.8131,6,0.8131,0.0,0.8131,False,
MAT111,MAT232,0.7008,16,0.8131,0.0,0.8131,False,
MAT111,MAT234,0.2852,26,0.8131,0.0,0.8131,False,
MAT111,MAT251,0.8131,7,0.8131,0.0,0.8131,False,
MAT111,MAT252,0.7008,17,0.8131,0.0,0.8131,False,
MAT111,MAT254,0.2852,27,0.8131,0.0,0.8131,False,
MAT111,MAT271,0.8131,8,0.8131,0.0,0.8131,False,
MAT111,MAT272,0.7008,18,0.8131,0.0,0.8131,False,
MAT111,MAT274,0.2852,28,0.8131,0.0,0.8131,False,
MAT111,MAT291,0.8131,9,0.8131,0.0,0.8131,False,
MAT111,MAT292,0.7008,19,0.8131,0.0,0.8131,False,
MAT111,MAT294,0.2852,29,0.8131,0.0,0.8131,False,
MAT112,MAT131,0.7008,10,0.8131,0.0,0.8131,False,
MAT112,MAT132,0.8131,1,0.8131,0.0,0.8131,False,
MAT112,MAT151,0.7008,11,0.8131,0.0,0.8131,False,
MAT112,MAT152,0.8131,2,0.8131,0.0,0.8131,False,
MAT112,MAT171,0.7008,12,0.8131,0.0,0.8131,False,
MAT112,MAT172,0.8131,3,0.8131,0.0,0.8131,False,
MAT112,MAT191,0.7008,13,0.8131,0.0,0.8131,False,
MAT112,MAT192,0.8131,4,0.8131,0.0,0.8131,False,
MAT112,MAT211,0.7008,14,0.8131,0.0,0.8131,False,
MAT112,MAT212,0.8131,5,0.8131,0.0,0.8131,False,
MAT112,MAT231,0.7008,15,0.8131,0.0,0.8131,False,
MAT112,MAT232,0.8131,6,0.8131,0.0,0.8131,False,
MAT112,MAT251,0.7008,16,0.8131,0.0,0.8131,False,
MAT112,MAT252,0.8131,7,0.8131,0.0,0.8131,False,
MAT112,MAT271,0.7008,17,0.8131,0.0,0.8131,False,
MAT112,MAT272,0.8131,8,0.8131,0.0,0.8131,False,
MAT112,MAT291,0.7008,18,0.8131,0.0,0.8131,False,
MAT112,MAT292,0.8131,9,0.8131,0.0,0.8131,False,
MAT113,MAT114,0.7695,10,0.8131,0.0,0.8131,False,
MAT113,MAT133,0.8131,1,0.8131,0.0,0.8131,False,
MAT113,MAT134,0.7695,11,0.8131,0.0,0.8131,False,
MAT113,MAT153,0.8131,2,0.8131,0.0,0.8131,False,
MAT113,MAT154,0.7695,12,0.8131,0.0,0.8131,False,
MAT113,MAT173,0.8131,3,0.8131,0.0,0.8131,False,
MAT113,MAT174,0.7695,13,0.8131,0.0,0.8131,False,
MAT113,MAT193,0.8131,4,0.8131,0.0,0.8131,False,
MAT113,MAT194,0.7695,14,0.8131,0.0,0.8131,False,
MAT113,MAT213,0.8131,5,0.8131,0.0,0.8131,False,
MAT113,MAT214,0.7695,15,0.8131,0.0,0.8131,False,
MAT113,MAT233,0.8131,6,0.8131,0.0,0.8131,False,
MAT113,MAT234,0.7695,16,0.8131,0.0,0.8131,False,
MAT113,MAT253,0.8131,7,0.8131,0.0,0.8131,False,
MAT113,MAT254,0.7695,17,0.8131,0.0,0.8131,False,
MAT113,MAT273,0.8131,8,0.8131,0.0,0.8131,False,
MAT113,MAT274,0.7695,18,0.8131,0.0,0.8131,False,
MAT113,MAT293,0.8131,9,0.8131,0.0,0.8131,False,
MAT113,MAT294,0.7695,19,0.8131,0.0,0.8131,False,
MAT114,MAT131,0.2852,19,0.8131,0.0,0.8131,False,
MAT114,MAT133,0.7695,10,0.8131,0.0,0.8131,False,
MAT114,MAT134,0.8131,1,0.8131,0.0,0.8131,False,
MAT114,MAT151,0.2852,20,0.8131,0.0,0.8131,False,
MAT114,MAT153,0.7695,11,0.8131,0.0,0.8131,False,
MAT114,MAT154,0.8131,2,0.8131,0.0,0.8131,False,
MAT114,MAT171,0.2852,21,0.8131,0.0,0.8131,False,
MAT114,MAT173,0.7695,12,0.8131,0.0,0.8131,False,
MAT114,MAT174,0.8131,3,0.8131,0.0,0.8131,False,
MAT114,MAT191,0.2852,22,0.8131,0.0,0.8131,False,
MAT114,MAT193,0.7695,13,0.8131,0.0,0.8131,False,
MAT114,MAT194,0.8131,4,0.8131,0.0,0.8131,False,
MAT114,MAT211,0.2852,23,0.8131,0.0,0.8131,False,
MAT114,MAT213,0.7695,14,0.8131,0.0,0.8131,False,
MAT114,MAT214,0.8131,5,0.8131,0.0,0.8131,False,
MAT114,MAT231,0.2852,24,0.8131,0.0,0.8131,False,
MAT114,MAT233,0.7695,15,0.8131,0.0,0.8131,False,
MAT114,MAT234,0.8131,6,0.8131,0.0,0.8131,False,
MAT114,MAT251,0.2852,25,0.8131,0.0,0.8131,False,
MAT114,MAT253,0.7695,16,0.8131,0.0,0.8131,False,
MAT114,MAT254,0.8131,7,0.8131,0.0,0.8131,False,
MAT114,MAT271,0.2852,26,0.8131,0.0,0.8131,False,
MAT114,MAT273,0.7695,17,0.8131,0.0,0.8131,False,
MAT114,MAT274,0.8131,8,0.8131,0.0,0.8131,False,
MAT114,MAT291,0.2852,27,0.8131,0.0,0.8131,False,
MAT114,MAT293,0.7695,18,0.8131,0.0,0.8131,False,
MAT114,MAT294,0.8131,9,0.8131,0.0,0.8131,False,
MAT115,MAT116,0.6339,10,0.9232,0.0,0.9232,False,
MAT115,MAT117,0.1616,30,0.9232,0.0,0.9232,False,
MAT115,MAT118,0.1718,20,0.9232,0.0,0.9232,False,
MAT115,MAT135,0.9232,1,0.9232,0.0,0.9232,False,
MAT115,MAT136,0.6339,11,0.9232,0.0,0.9232,False,
MAT115,MAT137,0.1616,31,0.9232,0.0,0.9232,False,
MAT115,MAT138,0.1718,21,0.9232,0.0,0.9232,False,
MAT115,MAT155,0.9232,2,0.9232,0.0,0.9232,False,
MAT115,MAT156,0.6339,12,0.9232,0.0,0.9232,False,
MAT115,MAT157,0.1616,32,0.9232,0.0,0.9232,False,
MAT115,MAT158,0.1718,22,0.9232,0.0,0.9232,False,
MAT115,MAT175,0.9232,3,0.9232,0.0,0.9232,False,
MAT115,MAT176,0.6339,13,0.9232,0.0,0.9232,False,
MAT115,MAT177,0.1616,33,0.9232,0.0,0.9232,False,
MAT115,MAT178,0.1718,23,0.9232,0.0,0.9232,False,
MAT115,MAT195,0.9232,4,0.9232,0.0,0.9232,False,
MAT115,MAT196,0.6339,14,0.9232,0.0,0.9232,False,
MAT115,MAT197,0.1616,34,0.9232,0.0,0.9232,False,
MAT115,MAT198,0.1718,24,0.9232,0.0,0.9232,False,
MAT115,MAT215,0.9232,5,0.9232,0.0,0.9232,False,
MAT115,MAT216,0.6339,15,0.9232,0.0,0.9232,False,
MAT115,MAT217,0.1616,35,0.9232,0.0,0.9232,False,
MAT115,MAT218,0.1718,25,0.9232,0.0,0.9232,False,
MAT115,MAT235,0.9232,6,0.9232,0.0,0.9232,False,
MAT115,MAT236,0.6339,16,0.9232,0.0,0.9232,False,
MAT115,MAT237,0.1616,36,0.9232,0.0,0.9232,False,
MAT115,MAT238,0.1718,26,0.9232,0.0,0.9232,False,
MAT115,MAT255,0.9232,7,0.9232,0.0,0.9232,False,
MAT115,MAT256,0.6339,17,0.9232,0.0,0.9232,False,
MAT115,MAT257,0.1616,37,0.9232,0.0,0.9232,False,
MAT115,MAT258,0.1718,27,0.9232,0.0,0.9232,False,
MAT115,MAT275,0.9232,8,0.9232,0.0,0.9232,False,
MAT115,MAT276,0.6339,18,0.9232,0.0,0.9232,False,
MAT115,MAT277,0.1616,38,0.9232,0.0,0.9232,False,
MAT115,MAT278,0.1718,28,0.9232,0.0,0.9232,False,
MAT115,MAT295,0.9232,9,0.9232,0.0,0.9232,False,
MAT115,MAT296,0.6339,19,0.9232,0.0,0.9232,False,
MAT115,MAT297,0.1616,39,0.9232,0.0,0.9232,False,
MAT115,MAT298,0.1718,29,0.9232,0.0,0.9232,False,
MAT116,MAT117,0.1597,29,0.9232,0.0,0.9232,False,
MAT116,MAT118,0.1687,19,0.9232,0.0,0.9232,False,
MAT116,MAT135,0.6339,10,0.9232,0.0,0.9232,False,
MAT116,MAT136,0.9232,1,0.9232,0.0,0.9232,False,
MAT116,MAT137,0.1597,30,0.9232,0.0,0.9232,False,
MAT116,MAT138,0.1687,20,0.9232,0.0,0.9232,False,
MAT116,MAT155,0.6339,11,0.9232,0.0,0.9232,False,
MAT116,MAT156,0.9232,2,0.9232,0.0,0.9232,False,
MAT116,MAT157,0.1597,31,0.9232,0.0,0.9232,False,
MAT116,MAT158,0.1687,21,0.9232,0.0,0.9232,False,
MAT116,MAT175,0.6339,12,0.9232,0.0,0.9232,False,
MAT116,MAT176,0.9232,3,0.9232,0.0,0.9232,False,
MAT116,MAT177,0.1597,32,0.9232,0.0,0.9232,False,
MAT116,MAT178,0.1687,22,0.9232,0.0,0.9232,False,
MAT116,MAT195,0.6339,13,0.9232,0.0,0.9232,False,
MAT116,MAT196,0.9232,4,0.9232,0.0,0.9232,False,
MAT116,MAT197,0.1597,33,0.9232,0.0,0.9232,False,
MAT116,MAT198,0.1687,23,0.9232,0.0,0.9232,False,
MAT116,MAT215,0.6339,14,0.9232,0.0,0.9232,False,
MAT116,MAT216,0.9232,5,0.9232,0.0,0.9232,False,
MAT116,MAT217,0.1597,34,0.9232,0.0,0.9232,False,
MAT116,MAT218,0.1687,24,0.9232,0.0,0.9232,False,
MAT116,MAT235,0.6339,15,0.9232,0.0,0.9232,False,
MAT116,MAT236,0.9232,6,0.9232,0.0,0.9232,False,
MAT116,MAT237,0.1597,35,0.9232,0.0,0.9232,False,
MAT116,MAT238,0.1687,25,0.9232,0.0,0.9232,False,
MAT116,MAT255,0.6339,16,0.9232,0.0,0.9232,False,
MAT116,MAT256,0.9232,7,0.9232,0.0,0.9232,False,
MAT116,MAT257,0.1597,36,0.9232,0.0,0.9232,False,
MAT116,MAT258,0.1687,26,0.9232,0.0,0.9232,False,
MAT116,MAT275,0.6339,17,0.9232,0.0,0.9232,False,
MAT116,MAT276,0.9232,8,0.9232,0.0,0.9232,False,
MAT116,MAT277,0.1597,37,0.9232,0.0,0.9232,False,
MAT116,MAT278,0.1687,27,0.9232,0.0,0.9232,False,
MAT116,MAT295,0.6339,18,0.9232,0.0,0.9232,False,
MAT116,MAT296,0.9232,9,0.9232,0.0,0.9232,False,
MAT116,MAT297,0.1597,38,0.9232,0.0,0.9232,False,
MAT116,MAT298,0.1687,28,0.9232,0.0,0.9232,False,
MAT117,MAT118,0.7218,10,0.7464,0.0,0.7464,False,
MAT117,MAT135,0.1616,20,0.7464,0.0,0.7464,False,
MAT117,MAT136,0.1597,29,0.7464,0.0,0.7464,False,
MAT117,MAT137,0.7464,1,0.7464,0.0,0.7464,False,
MAT117,MAT138,0.7218,11,0.7464,0.0,0.7464,False,
MAT117,MAT155,0.1616,21,0.7464,0.0,0.7464,False,
MAT117,MAT156,0.1597,30,0.7464,0.0,0.7464,False,
MAT117,MAT157,0.7464,2,0.7464,0.0,0.7464,False,
MAT117,MAT158,0.7218,12,0.7464,0.0,0.7464,False,
MAT117,MAT175,0.1616,22,0.7464,0.0,0.7464,False,
MAT117,MAT176,0.1597,31,0.7464,0.0,0.7464,False,
MAT117,MAT177,0.7464,3,0.7464,0.0,0.7464,False,
MAT117,MAT178,0.7218,13,0.7464,0.0,0.7464,False,
MAT117,MAT195,0.1616,23,0.7464,0.0,0.7464,False,
MAT117,MAT196,0.1597,32,0.7464,0.0,0.7464,False,
MAT117,MAT197,0.7464,4,0.7464,0.0,0.7464,False,
MAT117,MAT198,0.7218,14,0.7464,0.0,0.7464,False,
MAT117,MAT215,0.1616,24,0.7464,0.0,0.7464,False,
MAT117,MAT216,0.1597,33,0.7464,0.0,0.7464,False,
MAT117,MAT217,0.7464,5,0.7464,0.0,0.7464,False,
MAT117,MAT218,0.7218,15,0.7464,0.0,0.7464,False,
MAT117,MAT235,0.1616,25,0.7464,0.0,0.7464,False,
MAT117,MAT236,0.1597,34,0.7464,0.0,0.7464,False,
MAT117,MAT237,0.7464,6,0.7464,0.0,0.7464,False,
MAT117,MAT238,0.7218,16,0.7464,0.0,0.7464,False,
MAT117,MAT255,0.1616,26,0.7464,0.0,0.7464,False,
MAT117,MAT256,0.1597,35,0.7464,0.0,0.7464,False,
MAT117,MAT257,0.7464,7,0.7464,0.0,0.7464,False,
MAT117,MAT258,0.7218,17,0.7464,0.0,0.7464,False,
MAT117,MAT275,0.1616,27,0.7464,0.0,0.7464,False,
MAT117,MAT276,0.1597,36,0.7464,0.0,0.7464,False,
MAT117,MAT277,0.7464,8,0.7464,0.0,0.7464,False,
MAT117,MAT278,0.7218,18,0.7464,0.0,0.7464,False,
MAT117,MAT295,0.1616,28,0.7464,0.0,0.7464,False,
MAT117,MAT296,0.1597,37,0.7464,0.0,0.7464,False,
MAT117,MAT297,0.7464,9,0.7464,0.0,0.7464,False,
MAT117,MAT298,0.7218,19,0.7464,0.0,0.7464,False,
MAT118,MAT135,0.1718,19,0.7464,0.0,0.7464,False,
MAT118,MAT136,0.1687,28,0.7464,0.0,0.7464,False,
MAT118,MAT137,0.7218,10,0.7464,0.0,0.7464,False,
MAT118,MAT138,0.7464,1,0.7464,0.0,0.7464,False,
MAT118,MAT155,0.1718,20,0.7464,0.0,0.7464,False,
MAT118,MAT156,0.1687,29,0.7464,0.0,0.7464,False,
MAT118,MAT157,0.7218,11,0.7464,0.0,0.7464,False,
MAT118,MAT158,0.7464,2,0.7464,0.0,0.7464,False,
MAT118,MAT175,0.1718,21,0.7464,0.0,0.7464,False,
MAT118,MAT176,0.1687,30,0.7464,0.0,0.7464,False,
MAT118,MAT177,0.7218,12,0.7464,0.0,0.7464,False,
MAT118,MAT178,0.7464,3,0.7464,0.0,0.7464,False,
MAT118,MAT195,0.1718,22,0.7464,0.0,0.7464,False,
MAT118,MAT196,0.1687,31,0.7464,0.0,0.7464,False,
MAT118,MAT197,0.7218,13,0.7464,0.0,0.7464,False,
MAT118,MAT198,0.7464,4,0.7464,0.0,0.7464,False,
MAT118,MAT215,0.1718,23,0.7464,0.0,0.7464,False,
MAT118,MAT216,0.1687,32,0.7464,0.0,0.7464,False,
MAT118,MAT217,0.7218,14,0.7464,0.0,0.7464,False,
MAT118,MAT218,0.7464,5,0.7464,0.0,0.7464,False,
MAT118,MAT235,0.1718,24,0.7464,0.0,0.7464,False,
MAT118,MAT236,0.1687,33,0.7464,0.0,0.7464,False,
MAT118,MAT237,0.7218,15,0.7464,0.0,0.7464,False,
MAT118,MAT238,0.7464,6,0.7464,0.0,0.7464,False,
MAT118,MAT255,0.1718,25,0.7464,0.0,0.7464,False,
MAT118,MAT256,0.1687,34,0.7464,0.0,0.7464,False,
MAT118,MAT257,0.7218,16,0.7464,0.0,0.7464,False,
MAT118,MAT258,0.7464,7,0.7464,0.0,0.7464,False,
MAT118,MAT275,0.1718,26,0.7464,0.0,0.7464,False,
MAT118,MAT276,0.1687,35,0.7464,0.0,0.7464,False,
MAT118,MAT277,0.7218,17,0.7464,0.0,0.7464,False,
MAT118,MAT278,0.7464,8,0.7464,0.0,0.7464,False,
MAT118,MAT295,0.1718,27,0.7464,0.0,0.7464,False,
MAT118,MAT296,0.1687,36,0.7464,0.0,0.7464,False,
MAT118,MAT297,0.7218,18,0.7464,0.0,0.7464,False,
MAT118,MAT298,0.7464,9,0.7464,0.0,0.7464,False,
MAT119,MAT120,0.7059,10,0.7464,0.0,0.7464,False,
MAT119,MAT139,0.7464,1,0.7464,0.0,0.7464,False,
MAT119,MAT140,0.7059,11,0.7464,0.0,0.7464,False,
MAT119,MAT159,0.7464,2,0.7464,0.0,0.7464,False,
MAT119,MAT160,0.7059,12,0.7464,0.0,0.7464,False,
MAT119,MAT179,0.7464,3,0.7464,0.0,0.7464,False,
MAT119,MAT180,0.7059,13,0.7464,0.0,0.7464,False,
MAT119,MAT199,0.7464,4,0.7464,0.0,0.7464,False,
MAT119,MAT200,0.7059,14,0.7464,0.0,0.7464,False,
MAT119,MAT219,0.7464,5,0.7464,0.0,0.7464,False,
MAT119,MAT220,0.7059,15,0.7464,0.0,0.7464,False,
MAT119,MAT239,0.7464,6,0.7464,0.0,0.7464,False,
MAT119,MAT240,0.7059,16,0.7464,0.0,0.7464,False,
MAT119,MAT259,0.7464,7,0.7464,0.0,0.7464,False,
MAT119,MAT260,0.7059,17,0.7464,0.0,0.7464,False,
MAT119,MAT279,0.7464,8,0.7464,0.0,0.7464,False,
MAT119,MAT280,0.7059,18,0.7464,0.0,0.7464,False,
MAT119,MAT299,0.7464,9,0.7464,0.0,0.7464,False,
MAT119,MAT300,0.7059,19,0.7464,0.0,0.7464,False,
MAT120,MAT139,0.7059,10,0.7464,0.0,0.7464,False,
MAT120,MAT140,0.7464,1,0.7464,0.0,0.7464,False,
MAT120,MAT159,0.7059,11,0.7464,0.0,0.7464,False,
MAT120,MAT160,0.7464,2,0.7464,0.0,0.7464,False,
MAT120,MAT179,0.7059,12,0.7464,0.0,0.7464,False,
MAT120,MAT180,0.7464,3,0.7464,0.0,0.7464,False,
MAT120,MAT199,0.7059,13,0.7464,0.0,0.7464,False,
MAT120,MAT200,0.7464,4,0.7464,0.0,0.7464,False,
MAT120,MAT219,0.7059,14,0.7464,0.0,0.7464,False,
MAT120,MAT220,0.7464,5,0.7464,0.0,0.7464,False,
MAT120,MAT239,0.7059,15,0.7464,0.0,0.7464,False,
MAT120,MAT240,0.7464,6,0.7464,0.0,0.7464,False,
MAT120,MAT259,0.7059,16,0.7464,0.0,0.7464,False,
MAT120,MAT260,0.7464,7,0.7464,0.0,0.7464,False,
MAT120,MAT279,0.7059,17,0.7464,0.0,0.7464,False,
MAT120,MAT280,0.7464,8,0.7464,0.0,0.7464,False,
MAT120,MAT299,0.7059,18,0.7464,0.0,0.7464,False,
MAT120,MAT300,0.7464,9,0.7464,0.0,0.7464,False,
MAT121,MAT122,0.7159,18,0.7976,0.0,0.7976,False,
MAT121,MAT123,0.7339,9,0.7976,0.0,0.7976,False,
MAT121,MAT124,0.6961,27,0.7976,0.0,0.7976,False,
MAT121,MAT126,0.4851,36,0.7976,0.0,0.7976,False,
MAT121,MAT141,0.7976,1,0.7976,0.0,0.7976,False,
MAT121,MAT142,0.7159,19,0.7976,0.0,0.7976,False,
MAT121,MAT143,0.7339,10,0.7976,0.0,0.7976,False,
MAT121,MAT144,0.6961,28,0.7976,0.0,0.7976,False,
MAT121,MAT146,0.4851,37,0.7976,0.0,0.7976,False,
MAT121,MAT161,0.7976,2,0.7976,0.0,0.7976,False,
MAT121,MAT162,0.7159,20,0.7976,0.0,0.7976,False,
MAT121,MAT163,0.7339,11,0.7976,0.0,0.7976,False,
MAT121,MAT164,0.6961,29,0.7976,0.0,0.7976,False,
MAT121,MAT166,0.4851,38,0.7976,0.0,0.7976,False,
MAT121,MAT181,0.7976,3,0.7976,0.0,0.7976,False,
MAT121,MAT182,0.7159,21,0.7976,0.0,0.7976,False,
MAT121,MAT183,0.7339,12,0.7976,0.0,0.7976,False,
MAT121,MAT184,0.6961,30,0.7976,0.0,0.7976,False,
MAT121,MAT186,0.4851,39,0.7976,0.0,0.7976,False,
MAT121,MAT201,0.7976,4,0.7976,0.0,0.7976,False,
MAT121,MAT202,0.7159,22,0.7976,0.0,0.7976,False,
MAT121,MAT203,0.7339,13,0.7976,0.0,0.7976,False,
MAT121,MAT204,0.6961,31,0.7976,0.0,0.7976,False,
MAT121,MAT206,0.4851,40,0.7976,0.0,0.7976,False,
MAT121,MAT221,0.7976,5,0.7976,0.0,0.7976,False,
MAT121,MAT222,0.7159,23,0.7976,0.0,0.7976,False,
MAT121,MAT223,0.7339,14,0.7976,0.0,0.7976,False,
MAT121,MAT224,0.6961,32,0.7976,0.0,0.7976,False,
MAT121,MAT226,0.4851,41,0.7976,0.0,0.7976,False,
MAT121,MAT241,0.7976,6,0.7976,0.0,0.7976,False,
MAT121,MAT242,0.7159,24,0.7976,0.0,0.7976,False,
MAT121,MAT243,0.7339,15,0.7976,0.0,0.7976,False,
MAT121,MAT244,0.6961,33,0.7976,0.0,0.7976,False,
MAT121,MAT246,0.4851,42,0.7976,0.0,0.7976,False,
MAT121,MAT261,0.7976,7,0.7976,0.0,0.7976,False,
MAT121,MAT262,0.7159,25,0.7976,0.0,0.7976,False,
MAT121,MAT263,0.7339,16,0.7976,0.0,0.7976,False,
MAT121,MAT264,0.6961,34,0.7976,0.0,0.7976,False,
MAT121,MAT266,0.4851,43,0.7976,0.0,0.7976,False,
MAT121,MAT281,0.7976,8,0.7976,0.0,0.7976,False,
MAT121,MAT282,0.7159,26,0.7976,0.0,0.7976,False,
MAT121,MAT283,0.7339,17,0.7976,0.0,0.7976,False,
MAT121,MAT284,0.6961,35,0.7976,0.0,0.7976,False,
MAT121,MAT286,0.4851,44,0.7976,0.0,0.7976,False,
MAT122,MAT123,0.6282,26,0.9232,0.0,0.9232,False,
MAT122,MAT124,0.8089,9,0.9232,0.0,0.9232,False,
MAT122,MAT126,0.5088,35,0.9232,0.0,0.9232,False,
MAT122,MAT141,0.7159,18,0.9232,0.0,0.9232,False,
MAT122,MAT142,0.9232,1,0.9232,0.0,0.9232,False,
MAT122,MAT143,0.6282,27,0.9232,0.0,0.9232,False,
MAT122,MAT144,0.8089,10,0.9232,0.0,0.9232,False,
MAT122,MAT146,0.5088,36,0.9232,0.0,0.9232,False,
MAT122,MAT161,0.7159,19,0.9232,0.0,0.9232,False,
MAT122,MAT162,0.9232,2,0.9232,0.0,0.9232,False,
MAT122,MAT163,0.6282,28,0.9232,0.0,0.9232,False,
MAT122,MAT164,0.8089,11,0.9232,0.0,0.9232,False,
MAT122,MAT166,0.5088,37,0.9232,0.0,0.9232,False,
MAT122,MAT181,0.7159,20,0.9232,0.0,0.9232,False,
MAT122,MAT182,0.9232,3,0.9232,0.0,0.9232,False,
MAT122,MAT183,0.6282,29,0.9232,0.0,0.9232,False,
MAT122,MAT184,0.8089,12,0.9232,0.0,0.9232,False,
MAT122,MAT186,0.5088,38,0.9232,0.0,0.9232,False,
MAT122,MAT201,0.7159,21,0.9232,0.0,0.9232,False,
MAT122,MAT202,0.9232,4,0.9232,0.0,0.9232,False,
MAT122,MAT203,0.6282,30,0.9232,0.0,0.9232,False,
MAT122,MAT204,0.8089,13,0.9232,0.0,0.9232,False,
MAT122,MAT206,0.5088,39,0.9232,0.0,0.9232,False,
MAT122,MAT221,0.7159,22,0.9232,0.0,0.9232,False,
MAT122,MAT222,0.9232,5,0.9232,0.0,0.9232,False,
MAT122,MAT223,0.6282,31,0.9232,0.0,0.9232,False,
MAT122,MAT224,0.8089,14,0.9232,0.0,0.9232,False,
MAT122,MAT226,0.5088,40,0.9232,0.0,0.9232,False,
MAT122,MAT241,0.7159,23,0.9232,0.0,0.9232,False,
MAT122,MAT242,0.9232,6,0.9232,0.0,0.9232,False,
MAT122,MAT243,0.6282,32,0.9232,0.0,0.9232,False,
MAT122,MAT244,0.8089,15,0.9232,0.0,0.9232,False,
MAT122,MAT246,0.5088,41,0.9232,0.0,0.9232,False,
MAT122,MAT261,0.7159,24,0.9232,0.0,0.9232,False,
MAT122,MAT262,0.9232,7,0.9232,0.0,0.9232,False,
MAT122,MAT263,0.6282,33,0.9232,0.0,0.9232,False,
MAT122,MAT264,0.8089,16,0.9232,0.0,0.9232,False,
MAT122,MAT266,0.5088,42,0.9232,0.0,0.9232,False,
MAT122,MAT281,0.7159,25,0.9232,0.0,0.9232,False,
MAT122,MAT282,0.9232,8,0.9232,0.0,0.9232,False,
MAT122,MAT283,0.6282,34,0.9232,0.0,0.9232,False,
MAT122,MAT284,0.8089,17,0.9232,0.0,0.9232,False,
MAT122,MAT286,0.5088,43,0.9232,0.0,0.9232,False,
MAT123,MAT124,0.7511,9,0.772,0.0,0.772,False,
MAT123,MAT126,0.4978,34,0.772,0.0,0.772,False,
MAT123,MAT141,0.7339,18,0.772,0.0,0.772,False,
MAT123,MAT142,0.6282,26,0.772,0.0,0.772,False,
MAT123,MAT143,0.772,1,0.772,0.0,0.772,False,
MAT123,MAT144,0.7511,10,0.772,0.0,0.772,False,
MAT123,MAT146,0.4978,35,0.772,0.0,0.772,False,
MAT123,MAT161,0.7339,19,0.772,0.0,0.772,False,
MAT123,MAT162,0.6282,27,0.772,0.0,0.772,False,
MAT123,MAT163,0.772,2,0.772,0.0,0.772,False,
MAT123,MAT164,0.7511,11,0.772,0.0,0.772,False,
MAT123,MAT166,0.4978,36,0.772,0.0,0.772,False,
MAT123,MAT181,0.7339,20,0.772,0.0,0.772,False,
MAT123,MAT182,0.6282,28,0.772,0.0,0.772,False,
MAT123,MAT183,0.772,3,0.772,0.0,0.772,False,
MAT123,MAT184,0.7511,12,0.772,0.0,0.772,False,
MAT123,MAT186,0.4978,37,0.772,0.0,0.772,False,
MAT123,MAT201,0.7339,21,0.772,0.0,0.772,False,
MAT123,MAT202,0.6282,29,0.772,0.0,0.772,False,
MAT123,MAT203,0.772,4,0.772,0.0,0.772,False,
MAT123,MAT204,0.7511,13,0.772,0.0,0.772,False,
MAT123,MAT206,0.4978,38,0.772,0.0,0.772,False,
MAT123,MAT221,0.7339,22,0.772,0.0,0.772,False,
MAT123,MAT222,0.6282,30,0.772,0.0,0.772,False,
MAT123,MAT223,0.772,5,0.772,0.0,0.772,False,
MAT123,MAT224,0.7511,14,0.772,0.0,0.772,False,
MAT123,MAT226,0.4978,39,0.772,0.0,0.772,False,
MAT123,MAT241,0.7339,23,0.772,0.0,0.772,False,
MAT123,MAT242,0.6282,31,0.772,0.0,0.772,False,
MAT123,MAT243,0.772,6,0.772,0.0,0.772,False,
MAT123,MAT244,0.7511,15,0.772,0.0,0.772,False,
MAT123,MAT246,0.4978,40,0.772,0.0,0.772,False,
MAT123,MAT261,0.7339,24,0.772,0.0,0.772,False,
MAT123,MAT262,0.6282,32,0.772,0.0,0.772,False,
MAT123,MAT263,0.772,7,0.772,0.0,0.772,False,
MAT123,MAT264,0.7511,16,0.772,0.0,0.772,False,
MAT123,MAT266,0.4978,41,0.772,0.0,0.772,False,
MAT123,MAT281,0.7339,25,0.772,0.0,0.772,False,
MAT123,MAT282,0.6282,33,0.772,0.0,0.772,False,
MAT123,MAT283,0.772,8,0.772,0.0,0.772,False,
MAT123,MAT284,0.7511,17,0.772,0.0,0.772,False,
MAT123,MAT286,0.4978,42,0.772,0.0,0.772,False,
MAT124,MAT125,0.4181,42,0.8976,0.0,0.8976,False,
MAT124,MAT126,0.5166,33,0.8976,0.0,0.8976,False,
MAT124,MAT141,0.6961,25,0.8976,0.0,0.8976,False,
MAT124,MAT142,0.8089,9,0.8976,0.0,0.8976,False,
MAT124,MAT143,0.7511,17,0.8976,0.0,0.8976,False,
MAT124,MAT144,0.8976,1,0.8976,0.0,0.8976,False,
MAT124,MAT145,0.4181,43,0.8976,0.0,0.8976,False,
MAT124,MAT146,0.5166,34,0.8976,0.0,0.8976,False,
MAT124,MAT161,0.6961,26,0.8976,0.0,0.8976,False,
MAT124,MAT162,0.8089,10,0.8976,0.0,0.8976,False,
MAT124,MAT163,0.7511,18,0.8976,0.0,0.8976,False,
MAT124,MAT164,0.8976,2,0.8976,0.0,0.8976,False,
MAT124,MAT165,0.4181,44,0.8976,0.0,0.8976,False,
MAT124,MAT166,0.5166,35,0.8976,0.0,0.8976,False,
MAT124,MAT181,0.6961,27,0.8976,0.0,0.8976,False,
MAT124,MAT182,0.8089,11,0.8976,0.0,0.8976,False,
MAT124,MAT183,0.7511,19,0.8976,0.0,0.8976,False,
MAT124,MAT184,0.8976,3,0.8976,0.0,0.8976,False,
MAT124,MAT185,0.4181,45,0.8976,0.0,0.8976,False,
MAT124,MAT186,0.5166,36,0.8976,0.0,0.8976,False,
MAT124,MAT201,0.6961,28,0.8976,0.0,0.8976,False,
MAT124,MAT202,0.8089,12,0.8976,0.0,0.8976,False,
MAT124,MAT203,0.7511,20,0.8976,0.0,0.8976,False,
MAT124,MAT204,0.8976,4,0.8976,0.0,0.8976,False,
MAT124,MAT205,0.4181,46,0.8976,0.0,0.8976,False,
MAT124,MAT206,0.5166,37,0.8976,0.0,0.8976,False,
MAT124,MAT221,0.6961,29,0.8976,0.0,0.8976,False,
MAT124,MAT222,0.8089,13,0.8976,0.0,0.8976,False,
MAT124,MAT223,0.7511,21,0.8976,0.0,0.8976,False,
MAT124,MAT224,0.8976,5,0.8976,0.0,0.8976,False,
MAT124,MAT225,0.4181,47,0.8976,0.0,0.8976,False,
MAT124,MAT226,0.5166,38,0.8976,0.0,0.8976,False,
MAT124,MAT241,0.6961,30,0.8976,0.0,0.8976,False,
MAT124,MAT242,0.8089,14,0.8976,0.0,0.8976,False,
MAT124,MAT243,0.7511,22,0.8976,0.0,0.8976,False,
MAT124,MAT244,0.8976,6,0.8976,0.0,0.8976,False,
MAT124,MAT245,0.4181,48,0.8976,0.0,0.8976,False,
MAT124,MAT246,0.5166,39,0.8976,0.0,0.8976,False,
MAT124,MAT261,0.6961,31,0.8976,0.0,0.8976,False,
MAT124,MAT262,0.8089,15,0.8976,0.0,0.8976,False,
MAT124,MAT263,0.7511,23,0.8976,0.0,0.8976,False,
MAT124,MAT264,0.8976,7,0.8976,0.0,0.8976,False,
MAT124,MAT265,0.4181,49,0.8976,0.0,0.8976,False,
MAT124,MAT266,0.5166,40,0.8976,0.0,0.8976,False,
MAT124,MAT281,0.6961,32,0.8976,0.0,0.8976,False,
MAT124,MAT282,0.8089,16,0.8976,0.0,0.8976,False,
MAT124,MAT283,0.7511,24,0.8976,0.0,0.8976,False,
MAT124,MAT284,0.8976,8,0.8976,0.0,0.8976,False,
MAT124,MAT285,0.4181,50,0.8976,0.0,0.8976,False,
MAT124,MAT286,0.5166,41,0.8976,0.0,0.8976,False,
MAT125,MAT126,0.6342,9,0.7131,0.0,0.7131,False,
MAT125,MAT144,0.4181,18,0.7131,0.0,0.7131,False,
MAT125,MAT145,0.7131,1,0.7131,0.0,0.7131,False,
MAT125,MAT146,0.6342,10,0.7131,0.0,0.7131,False,
MAT125,MAT164,0.4181,19,0.7131,0.0,0.7131,False,
MAT125,MAT165,0.7131,2,0.7131,0.0,0.7131,False,
MAT125,MAT166,0.6342,11,0.7131,0.0,0.7131,False,
MAT125,MAT184,0.4181,20,0.7131,0.0,0.7131,False,
MAT125,MAT185,0.7131,3,0.7131,0.0,0.7131,False,
MAT125,MAT186,0.6342,12,0.7131,0.0,0.7131,False,
MAT125,MAT204,0.4181,21,0.7131,0.0,0.7131,False,
MAT125,MAT205,0.7131,4,0.7131,0.0,0.7131,False,
MAT125,MAT206,0.6342,13,0.7131,0.0,0.7131,False,
MAT125,MAT224,0.4181,22,0.7131,0.0,0.7131,False,
MAT125,MAT225,0.7131,5,0.7131,0.0,0.7131,False,
MAT125,MAT226,0.6342,14,0.7131,0.0,0.7131,False,
MAT125,MAT244,0.4181,23,0.7131,0.0,0.7131,False,
MAT125,MAT245,0.7131,6,0.7131,0.0,0.7131,False,
MAT125,MAT246,0.6342,15,0.7131,0.0,0.7131,False,
MAT125,MAT264,0.4181,24,0.7131,0.0,0.7131,False,
MAT125,MAT265,0.7131,7,0.7131,0.0,0.7131,False,
MAT125,MAT266,0.6342,16,0.7131,0.0,0.7131,False,
MAT125,MAT284,0.4181,25,0.7131,0.0,0.7131,False,
MAT125,MAT285,0.7131,8,0.7131,0.0,0.7131,False,
MAT125,MAT286,0.6342,17,0.7131,0.0,0.7131,False,
MAT126,MAT141,0.4851,41,0.772,0.0,0.772,False,
MAT126,MAT142,0.5088,25,0.772,0.0,0.772,False,
MAT126,MAT143,0.4978,33,0.772,0.0,0.772,False,
MAT126,MAT144,0.5166,17,0.772,0.0,0.772,False,
MAT126,MAT145,0.6342,9,0.772,0.0,0.772,False,
MAT126,MAT146,0.772,1,0.772,0.0,0.772,False,
MAT126,MAT161,0.4851,42,0.772,0.0,0.772,False,
MAT126,MAT162,0.5088,26,0.772,0.0,0.772,False,
MAT126,MAT163,0.4978,34,0.772,0.0,0.772,False,
MAT126,MAT164,0.5166,18,0.772,0.0,0.772,False,
MAT126,MAT165,0.6342,10,0.772,0.0,0.772,False,
MAT126,MAT166,0.772,2,0.772,0.0,0.772,False,
MAT126,MAT181,0.4851,43,0.772,0.0,0.772,False,
MAT126,MAT182,0.5088,27,0.772,0.0,0.772,False,
MAT126,MAT183,0.4978,35,0.772,0.0,0.772,False,
MAT126,MAT184,0.5166,19,0.772,0.0,0.772,False,
MAT126,MAT185,0.6342,11,0.772,0.0,0.772,False,
MAT126,MAT186,0.772,3,0.772,0.0,0.772,False,
MAT126,MAT201,0.4851,44,0.772,0.0,0.772,False,
MAT126,MAT202,0.5088,28,0.772,0.0,0.772,False,
MAT126,MAT203,0.4978,36,0.772,0.0,0.772,False,
MAT126,MAT204,0.5166,20,0.772,0.0,0.772,False,
MAT126,MAT205,0.6342,12,0.772,0.0,0.772,False,
MAT126,MAT206,0.772,4,0.772,0.0,0.772,False,
MAT126,MAT221,0.4851,45,0.772,0.0,0.772,False,
MAT126,MAT222,0.5088,29,0.772,0.0,0.772,False,
MAT126,MAT223,0.4978,37,0.772,0.0,0.772,False,
MAT126,MAT224,0.5166,21,0.772,0.0,0.772,False,
MAT126,MAT225,0.6342,13,0.772,0.0,0.772,False,
MAT126,MAT226,0.772,5,0.772,0.0,0.772,False,
MAT126,MAT241,0.4851,46,0.772,0.0,0.772,False,
MAT126,MAT242,0.5088,30,0.772,0.0,0.772,False,
MAT126,MAT243,0.4978,38,0.772,0.0,0.772,False,
MAT126,MAT244,0.5166,22,0.772,0.0,0.772,False,
MAT126,MAT245,0.6342,14,0.772,0.0,0.772,False,
MAT126,MAT246,0.772,6,0.772,0.0,0.772,False,
MAT126,MAT261,0.4851,47,0.772,0.0,0.772,False,
MAT126,MAT262,0.5088,31,0.772,0.0,0.772,False,
MAT126,MAT263,0.4978,39,0.772,0.0,0.772,False,
MAT126,MAT264,0.5166,23,0.772,0.0,0.772,False,
MAT126,MAT265,0.6342,15,0.772,0.0,0.772,False,
MAT126,MAT266,0.772,7,0.772,0.0,0.772,False,
MAT126,MAT281,0.4851,48,0.772,0.0,0.772,False,
MAT126,MAT282,0.5088,32,0.772,0.0,0.772,False,
MAT126,MAT283,0.4978,40,0.772,0.0,0.772,False,
MAT126,MAT284,0.5166,24,0.772,0.0,0.772,False,
MAT126,MAT285,0.6342,16,0.772,0.0,0.772,False,
MAT126,MAT286,0.772,8,0.772,0.0,0.772,False,
MAT127,MAT128,0.8131,1,0.8131,0.0,0.8131,False,
MAT127,MAT129,0.2442,27,0.8131,0.0,0.8131,False,
MAT127,MAT130,0.4921,18,0.8131,0.0,0.8131,False,
MAT127,MAT147,0.8131,2,0.8131,0.0,0.8131,False,
MAT127,MAT148,0.8131,3,0.8131,0.0,0.8131,False,
MAT127,MAT149,0.2442,28,0.8131,0.0,0.8131,False,
MAT127,MAT150,0.4921,19,0.8131,0.0,0.8131,False,
MAT127,MAT167,0.8131,4,0.8131,0.0,0.8131,False,
MAT127,MAT168,0.8131,5,0.8131,0.0,0.8131,False,
MAT127,MAT169,0.2442,29,0.8131,0.0,0.8131,False,
MAT127,MAT170,0.4921,20,0.8131,0.0,0.8131,False,
MAT127,MAT187,0.8131,6,0.8131,0.0,0.8131,False,
MAT127,MAT188,0.8131,7,0.8131,0.0,0.8131,False,
MAT127,MAT189,0.2442,30,0.8131,0.0,0.8131,False,
MAT127,MAT190,0.4921,21,0.8131,0.0,0.8131,False,
MAT127,MAT207,0.8131,8,0.8131,0.0,0.8131,False,
MAT127,MAT208,0.8131,9,0.8131,0.0,0.8131,False,
MAT127,MAT209,0.2442,31,0.8131,0.0,0.8131,False,
MAT127,MAT210,0.4921,22,0.8131,0.0,0.8131,False,
MAT127,MAT227,0.8131,10,0.8131,0.0,0.8131,False,
MAT127,MAT228,0.8131,11,0.8131,0.0,0.8131,False,
MAT127,MAT229,0.2442,32,0.8131,0.0,0.8131,False,
MAT127,MAT230,0.4921,23,0.8131,0.0,0.8131,False,
MAT127,MAT247,0.8131,12,0.8131,0.0,0.8131,False,
MAT127,MAT248,0.8131,13,0.8131,0.0,0.8131,False,
MAT127,MAT249,0.2442,33,0.8131,0.0,0.8131,False,
MAT127,MAT250,0.4921,24,0.8131,0.0,0.8131,False,
MAT127,MAT267,0.8131,14,0.8131,0.0,0.8131,False,
MAT127,MAT268,0.8131,15,0.8131,0.0,0.8131,False,
MAT127,MAT269,0.2442,34,0.8131,0.0,0.8131,False,
MAT127,MAT270,0.4921,25,0.8131,0.0,0.8131,False,
MAT127,MAT287,0.8131,16,0.8131,0.0,0.8131,False,
MAT127,MAT288,0.8131,17,0.8131,0.0,0.8131,False,
MAT127,MAT289,0.2442,35,0.8131,0.0,0.8131,False,
MAT127,MAT290,0.4921,26,0.8131,0.0,0.8131,False,
MAT128,MAT129,0.2206,26,0.8131,0.0,0.8131,False,
MAT128,MAT130,0.4685,17,0.8131,0.0,0.8131,False,
MAT128,MAT147,0.8131,1,0.8131,0.0,0.8131,False,
MAT128,MAT148,0.8131,2,0.8131,0.0,0.8131,False,
MAT128,MAT149,0.2206,27,0.8131,0.0,0.8131,False,
MAT128,MAT150,0.4685,18,0.8131,0.0,0.8131,False,
MAT128,MAT167,0.8131,3,0.8131,0.0,0.8131,False,
MAT128,MAT168,0.8131,4,0.8131,0.0,0.8131,False,
MAT128,MAT169,0.2206,28,0.8131,0.0,0.8131,False,
MAT128,MAT170,0.4685,19,0.8131,0.0,0.8131,False,
MAT128,MAT187,0.8131,5,0.8131,0.0,0.8131,False,
MAT128,MAT188,0.8131,6,0.8131,0.0,0.8131,False,
MAT128,MAT189,0.2206,29,0.8131,0.0,0.8131,False,
MAT128,MAT190,0.4685,20,0.8131,0.0,0.8131,False,
MAT128,MAT207,0.8131,7,0.8131,0.0,0.8131,False,
MAT128,MAT208,0.8131,8,0.8131,0.0,0.8131,False,
MAT128,MAT209,0.2206,30,0.8131,0.0,0.8131,False,
MAT128,MAT210,0.4685,21,0.8131,0.0,0.8131,False,
MAT128,MAT227,0.8131,9,0.8131,0.0,0.8131,False,
MAT128,MAT228,0.8131,10,0.8131,0.0,0.8131,False,
MAT128,MAT229,0.2206,31,0.8131,0.0,0.8131,False,
MAT128,MAT230,0.4685,22,0.8131,0.0,0.8131,False,
MAT128,MAT247,0.8131,11,0.8131,0.0,0.8131,False,
MAT128,MAT248,0.8131,12,0.8131,0.0,0.8131,False,
MAT128,MAT249,0.2206,32,0.8131,0.0,0.8131,False,
MAT128,MAT250,0.4685,23,0.8131,0.0,0.8131,False,
MAT128,MAT267,0.8131,13,0.8131,0.0,0.8131,False,
MAT128,MAT268,0.8131,14,0.8131,0.0,0.8131,False,
MAT128,MAT269,0.2206,33,0.8131,0.0,0.8131,False,
MAT128,MAT270,0.4685,24,0.8131,0.0,0.8131,False,
MAT128,MAT287,0.8131,15,0.8131,0.0,0.8131,False,
MAT128,MAT288,0.8131,16,0.8131,0.0,0.8131,False,
MAT128,MAT289,0.2206,34,0.8131,0.0,0.8131,False,
MAT128,MAT290,0.4685,25,0.8131,0.0,0.8131,False,
MAT129,MAT130,0.5989,9,0.8131,0.0,0.8131,False,
MAT129,MAT147,0.2442,18,0.8131,0.0,0.8131,False,
MAT129,MAT148,0.2206,26,0.8131,0.0,0.8131,False,
MAT129,MAT149,0.8131,1,0.8131,0.0,0.8131,False,
MAT129,MAT150,0.5989,10,0.8131,0.0,0.8131,False,
MAT129,MAT167,0.2442,19,0.8131,0.0,0.8131,False,
MAT129,MAT168,0.2206,27,0.8131,0.0,0.8131,False,
MAT129,MAT169,0.8131,2,0.8131,0.0,0.8131,False,
MAT129,MAT170,0.5989,11,0.8131,0.0,0.8131,False,
MAT129,MAT187,0.2442,20,0.8131,0.0,0.8131,False,
MAT129,MAT188,0.2206,28,0.8131,0.0,0.8131,False,
MAT129,MAT189,0.8131,3,0.8131,0.0,0.8131,False,
MAT129,MAT190,0.5989,12,0.8131,0.0,0.8131,False,
MAT129,MAT207,0.2442,21,0.8131,0.0,0.8131,False,
MAT129,MAT208,0.2206,29,0.8131,0.0,0.8131,False,
MAT129,MAT209,0.8131,4,0.8131,0.0,0.8131,False,
MAT129,MAT210,0.5989,13,0.8131,0.0,0.8131,False,
MAT129,MAT227,0.2442,22,0.8131,0.0,0.8131,False,
MAT129,MAT228,0.2206,30,0.8131,0.0,0.8131,False,
MAT129,MAT229,0.8131,5,0.8131,0.0,0.8131,False,
MAT129,MAT230,0.5989,14,0.8131,0.0,0.8131,False,
MAT129,MAT247,0.2442,23,0.8131,0.0,0.8131,False,
MAT129,MAT248,0.2206,31,0.8131,0.0,0.8131,False,
MAT129,MAT249,0.8131,6,0.8131,0.0,0.8131,False,
MAT129,MAT250,0.5989,15,0.8131,0.0,0.8131,False,
MAT129,MAT267,0.2442,24,0.8131,0.0,0.8131,False,
MAT129,MAT268,0.2206,32,0.8131,0.0,0.8131,False,
MAT129,MAT269,0.8131,7,0.8131,0.0,0.8131,False,
MAT129,MAT270,0.5989,16,0.8131,0.0,0.8131,False,
MAT129,MAT287,0.2442,25,0.8131,0.0,0.8131,False,
MAT129,MAT288,0.2206,33,0.8131,0.0,0.8131,False,
MAT129,MAT289,0.8131,8,0.8131,0.0,0.8131,False,
MAT129,MAT290,0.5989,17,0.8131,0.0,0.8131,False,
MAT130,MAT147,0.4921,17,0.6875,0.0,0.6875,False,
MAT130,MAT148,0.4685,25,0.6875,0.0,0.6875,False,
MAT130,MAT149,0.5989,9,0.6875,0.0,0.6875,False,
MAT130,MAT150,0.6875,1,0.6875,0.0,0.6875,False,
MAT130,MAT167,0.4921,18,0.6875,0.0,0.6875,False,
MAT130,MAT168,0.4685,26,0.6875,0.0,0.6875,False,
MAT130,MAT169,0.5989,10,0.6875,0.0,0.6875,False,
MAT130,MAT170,0.6875,2,0.6875,0.0,0.6875,False,
MAT130,MAT187,0.4921,19,0.6875,0.0,0.6875,False,
MAT130,MAT188,0.4685,27,0.6875,0.0,0.6875,False,
MAT130,MAT189,0.5989,11,0.6875,0.0,0.6875,False,
MAT130,MAT190,0.6875,3,0.6875,0.0,0.6875,False,
MAT130,MAT207,0.4921,20,0.6875,0.0,0.6875,False,
MAT130,MAT208,0.4685,28,0.6875,0.0,0.6875,False,
MAT130,MAT209,0.5989,12,0.6875,0.0,0.6875,False,
MAT130,MAT210,0.6875,4,0.6875,0.0,0.6875,False,
MAT130,MAT227,0.4921,21,0.6875,0.0,0.6875,False,
MAT130,MAT228,0.4685,29,0.6875,0.0,0.6875,False,
MAT130,MAT229,0.5989,13,0.6875,0.0,0.6875,False,
MAT130,MAT230,0.6875,5,0.6875,0.0,0.6875,False,
MAT130,MAT247,0.4921,22,0.6875,0.0,0.6875,False,
MAT130,MAT248,0.4685,30,0.6875,0.0,0.6875,False,
MAT130,MAT249,0.5989,14,0.6875,0.0,0.6875,False,
MAT130,MAT250,0.6875,6,0.6875,0.0,0.6875,False,
MAT130,MAT267,0.4921,23,0.6875,0.0,0.6875,False,
MAT130,MAT268,0.4685,31,0.6875,0.0,0.6875,False,
MAT130,MAT269,0.5989,15,0.6875,0.0,0.6875,False,
MAT130,MAT270,0.6875,7,0.6875,0.0,0.6875,False,
MAT130,MAT287,0.4921,24,0.6875,0.0,0.6875,False,
MAT130,MAT288,0.4685,32,0.6875,0.0,0.6875,False,
MAT130,MAT289,0.5989,16,0.6875,0.0,0.6875,False,
MAT130,MAT290,0.6875,8,0.6875,0.0,0.6875,False,
MAT131,MAT132,0.7008,9,0.8131,0.0,0.8131,False,
MAT131,MAT134,0.2852,18,0.8131,0.0,0.8131,False,
MAT131,MAT151,0.8131,1,0.8131,0.0,0.8131,False,
MAT131,MAT152,0.7008,10,0.8131,0.0,0.8131,False,
MAT131,MAT154,0.2852,19,0.8131,0.0,0.8131,False,
MAT131,MAT171,0.8131,2,0.8131,0.0,0.8131,False,
MAT131,MAT172,0.7008,11,0.8131,0.0,0.8131,False,
MAT131,MAT174,0.2852,20,0.8131,0.0,0.8131,False,
MAT131,MAT191,0.8131,3,0.8131,0.0,0.8131,False,
MAT131,MAT192,0.7008,12,0.8131,0.0,0.8131,False,
MAT131,MAT194,0.2852,21,0.8131,0.0,0.8131,False,
MAT131,MAT211,0.8131,4,0.8131,0.0,0.8131,False,
MAT131,MAT212,0.7008,13,0.8131,0.0,0.8131,False,
MAT131,MAT214,0.2852,22,0.8131,0.0,0.8131,False,
MAT131,MAT231,0.8131,5,0.8131,0.0,0.8131,False,
MAT131,MAT232,0.7008,14,0.8131,0.0,0.8131,False,
MAT131,MAT234,0.2852,23,0.8131,0.0,0.8131,False,
MAT131,MAT251,0.8131,6,0.8131,0.0,0.8131,False,
MAT131,MAT252,0.7008,15,0.8131,0.0,0.8131,False,
MAT131,MAT254,0.2852,24,0.8131,0.0,0.8131,False,
MAT131,MAT271,0.8131,7,0.8131,0.0,0.8131,False,
MAT131,MAT272,0.7008,16,0.8131,0.0,0.8131,False,
MAT131,MAT274,0.2852,25,0.8131,0.0,0.8131,False,
MAT131,MAT291,0.8131,8,0.8131,0.0,0.8131,False,
MAT131,MAT292,0.7008,17,0.8131,0.0,0.8131,False,
MAT131,MAT294,0.2852,26,0.8131,0.0,0.8131,False,
MAT132,MAT151,0.7008,9,0.8131,0.0,0.8131,False,
MAT132,MAT152,0.8131,1,0.8131,0.0,0.8131,False,
MAT132,MAT171,0.7008,10,0.8131,0.0,0.8131,False,
MAT132,MAT172,0.8131,2,0.8131,0.0,0.8131,False,
MAT132,MAT191,0.7008,11,0.8131,0.0,0.8131,False,
MAT132,MAT192,0.8131,3,0.8131,0.0,0.8131,False,
MAT132,MAT211,0.7008,12,0.8131,0.0,0.8131,False,
MAT132,MAT212,0.8131,4,0.8131,0.0,0.8131,False,
MAT132,MAT231,0.7008,13,0.8131,0.0,0.8131,False,
MAT132,MAT232,0.8131,5,0.8131,0.0,0.8131,False,
MAT132,MAT251,0.7008,14,0.8131,0.0,0.8131,False,
MAT132,MAT252,0.8131,6,0.8131,0.0,0.8131,False,
MAT132,MAT271,0.7008,15,0.8131,0.0,0.8131,False,
MAT132,MAT272,0.8131,7,0.8131,0.0,0.8131,False,
MAT132,MAT291,0.7008,16,0.8131,0.0,0.8131,False,
MAT132,MAT292,0.8131,8,0.8131,0.0,0.8131,False,
MAT133,MAT134,0.7695,9,0.8131,0.0,0.8131,False,
MAT133,MAT153,0.8131,1,0.8131,0.0,0.8131,False,
MAT133,MAT154,0.7695,10,0.8131,0.0,0.8131,False,
MAT133,MAT173,0.8131,2,0.8131,0.0,0.8131,False,
MAT133,MAT174,0.7695,11,0.8131,0.0,0.8131,False,
MAT133,MAT193,0.8131,3,0.8131,0.0,0.8131,False,
MAT133,MAT194,0.7695,12,0.8131,0.0,0.8131,False,
MAT133,MAT213,0.8131,4,0.8131,0.0,0.8131,False,
MAT133,MAT214,0.7695,13,0.8131,0.0,0.8131,False,
MAT133,MAT233,0.8131,5,0.8131,0.0,0.8131,False,
MAT133,MAT234,0.7695,14,0.8131,0.0,0.8131,False,
MAT133,MAT253,0.8131,6,0.8131,0.0,0.8131,False,
MAT133,MAT254,0.7695,15,0.8131,0.0,0.8131,False,
MAT133,MAT273,0.8131,7,0.8131,0.0,0.8131,False,
MAT133,MAT274,0.7695,16,0.8131,0.0,0.8131,False,
MAT133,MAT293,0.8131,8,0.8131,0.0,0.8131,False,
MAT133,MAT294,0.7695,17,0.8131,0.0,0.8131,False,
MAT134,MAT151,0.2852,17,0.8131,0.0,0.8131,False,
MAT134,MAT153,0.7695,9,0.8131,0.0,0.8131,False,
MAT134,MAT154,0.8131,1,0.8131,0.0,0.8131,False,
MAT134,MAT171,0.2852,18,0.8131,0.0,0.8131,False,
MAT134,MAT173,0.7695,10,0.8131,0.0,0.8131,False,
MAT134,MAT174,0.8131,2,0.8131,0.0,0.8131,False,
MAT134,MAT191,0.2852,19,0.8131,0.0,0.8131,False,
MAT134,MAT193,0.7695,11,0.8131,0.0,0.8131,False,
MAT134,MAT194,0.8131,3,0.8131,0.0,0.8131,False,
MAT134,MAT211,0.2852,20,0.8131,0.0,0.8131,False,
MAT134,MAT213,0.7695,12,0.8131,0.0,0.8131,False,
MAT134,MAT214,0.8131,4,0.8131,0.0,0.8131,False,
MAT134,MAT231,0.2852,21,0.8131,0.0,0.8131,False,
MAT134,MAT233,0.7695,13,0.8131,0.0,0.8131,False,
MAT134,MAT234,0.8131,5,0.8131,0.0,0.8131,False,
MAT134,MAT251,0.2852,22,0.8131,0.0,0.8131,False,
MAT134,MAT253,0.7695,14,0.8131,0.0,0.8131,False,
MAT134,MAT254,0.8131,6,0.8131,0.0,0.8131,False,
MAT134,MAT271,0.2852,23,0.8131,0.0,0.8131,False,
MAT134,MAT273,0.7695,15,0.8131,0.0,0.8131,False,
MAT134,MAT274,0.8131,7,0.8131,0.0,0.8131,False,
MAT134,MAT291,0.2852,24,0.8131,0.0,0.8131,False,
MAT134,MAT293,0.7695,16,0.8131,0.0,0.8131,False,
MAT134,MAT294,0.8131,8,0.8131,0.0,0.8131,False,
MAT135,MAT136,0.6339,9,0.9232,0.0,0.9232,False,
MAT135,MAT137,0.1616,27,0.9232,0.0,0.9232,False,
MAT135,MAT138,0.1718,18,0.9232,0.0,0.9232,False,
MAT135,MAT155,0.9232,1,0.9232,0.0,0.9232,False,
MAT135,MAT156,0.6339,10,0.9232,0.0,0.9232,False,
MAT135,MAT157,0.1616,28,0.9232,0.0,0.9232,False,
MAT135,MAT158,0.1718,19,0.9232,0.0,0.9232,False,
MAT135,MAT175,0.9232,2,0.9232,0.0,0.9232,False,
MAT135,MAT176,0.6339,11,0.9232,0.0,0.9232,False,
MAT135,MAT177,0.1616,29,0.9232,0.0,0.9232,False,
MAT135,MAT178,0.1718,20,0.9232,0.0,0.9232,False,
MAT135,MAT195,0.9232,3,0.9232,0.0,0.9232,False,
MAT135,MAT196,0.6339,12,0.9232,0.0,0.9232,False,
MAT135,MAT197,0.1616,30,0.9232,0.0,0.9232,False,
MAT135,MAT198,0.1718,21,0.9232,0.0,0.9232,False,
MAT135,MAT215,0.9232,4,0.9232,0.0,0.9232,False,
MAT135,MAT216,0.6339,13,0.9232,0.0,0.9232,False,
MAT135,MAT217,0.1616,31,0.9232,0.0,0.9232,False,
MAT135,MAT218,0.1718,22,0.9232,0.0,0.9232,False,
MAT135,MAT235,0.9232,5,0.9232,0.0,0.9232,False,
MAT135,MAT236,0.6339,14,0.9232,0.0,0.9232,False,
MAT135,MAT237,0.1616,32,0.9232,0.0,0.9232,False,
MAT135,MAT238,0.1718,23,0.9232,0.0,0.9232,False,
MAT135,MAT255,0.9232,6,0.9232,0.0,0.9232,False,
MAT135,MAT256,0.6339,15,0.9232,0.0,0.9232,False,
MAT135,MAT257,0.1616,33,0.9232,0.0,0.9232,False,
MAT135,MAT258,0.1718,24,0.9232,0.0,0.9232,False,
MAT135,MAT275,0.9232,7,0.9232,0.0,0.9232,False,
MAT135,MAT276,0.6339,16,0.9232,0.0,0.9232,False,
MAT135,MAT277,0.1616,34,0.9232,0.0,0.9232,False,
MAT135,MAT278,0.1718,25,0.9232,0.0,0.9232,False,
MAT135,MAT295,0.9232,8,0.9232,0.0,0.9232,False,
MAT135,MAT296,0.6339,17,0.9232,0.0,0.9232,False,
MAT135,MAT297,0.1616,35,0.9232,0.0,0.9232,False,
MAT135,MAT298,0.1718,26,0.9232,0.0,0.9232,False,
MAT136,MAT137,0.1597,26,0.9232,0.0,0.9232,False,
MAT136,MAT138,0.1687,17,0.9232,0.0,0.9232,False,
MAT136,MAT155,0.6339,9,0.9232,0.0,0.9232,False,
MAT136,MAT156,0.9232,1,0.9232,0.0,0.9232,False,
MAT136,MAT157,0.1597,27,0.9232,0.0,0.9232,False,
MAT136,MAT158,0.1687,18,0.9232,0.0,0.9232,False,
MAT136,MAT175,0.6339,10,0.9232,0.0,0.9232,False,
MAT136,MAT176,0.9232,2,0.9232,0.0,0.9232,False,
MAT136,MAT177,0.1597,28,0.9232,0.0,0.9232,False,
MAT136,MAT178,0.1687,19,0.9232,0.0,0.9232,False,
MAT136,MAT195,0.6339,11,0.9232,0.0,0.9232,False,
MAT136,MAT196,0.9232,3,0.9232,0.0,0.9232,False,
MAT136,MAT197,0.1597,29,0.9232,0.0,0.9232,False,
MAT136,MAT198,0.1687,20,0.9232,0.0,0.9232,False,
MAT136,MAT215,0.6339,12,0.9232,0.0,0.9232,False,
MAT136,MAT216,0.9232,4,0.9232,0.0,0.9232,False,
MAT136,MAT217,0.1597,30,0.9232,0.0,0.9232,False,
MAT136,MAT218,0.1687,21,0.9232,0.0,0.9232,False,
MAT136,MAT235,0.6339,13,0.9232,0.0,0.9232,False,
MAT136,MAT236,0.9232,5,0.9232,0.0,0.9232,False,
MAT136,MAT237,0.1597,31,0.9232,0.0,0.9232,False,
MAT136,MAT238,0.1687,22,0.9232,0.0,0.9232,False,
MAT136,MAT255,0.6339,14,0.9232,0.0,0.9232,False,
MAT136,MAT256,0.9232,6,0.9232,0.0,0.9232,False,
MAT136,MAT257,0.1597,32,0.9232,0.0,0.9232,False,
MAT136,MAT258,0.1687,23,0.9232,0.0,0.9232,False,
MAT136,MAT275,0.6339,15,0.9232,0.0,0.9232,False,
MAT136,MAT276,0.9232,7,0.9232,0.0,0.9232,False,
MAT136,MAT277,0.1597,33,0.9232,0.0,0.9232,False,
MAT136,MAT278,0.1687,24,0.9232,0.0,0.9232,False,
MAT136,MAT295,0.6339,16,0.9232,0.0,0.9232,False,
MAT136,MAT296,0.9232,8,0.9232,0.0,0.9232,False,
MAT136,MAT297,0.1597,34,0.9232,0.0,0.9232,False,
MAT136,MAT298,0.1687,25,0.9232,0.0,0.9232,False,
MAT137,MAT138,0.7218,9,0.7464,0.0,0.7464,False,
MAT137,MAT155,0.1616,18,0.7464,0.0,0.7464,False,
MAT137,MAT156,0.1597,26,0.7464,0.0,0.7464,False,
MAT137,MAT157,0.7464,1,0.7464,0.0,0.7464,False,
MAT137,MAT158,0.7218,10,0.7464,0.0,0.7464,False,
MAT137,MAT175,0.1616,19,0.7464,0.0,0.7464,False,
MAT137,MAT176,0.1597,27,0.7464,0.0,0.7464,False,
MAT137,MAT177,0.7464,2,0.7464,0.0,0.7464,False,
MAT137,MAT178,0.7218,11,0.7464,0.0,0.7464,False,
MAT137,MAT195,0.1616,20,0.7464,0.0,0.7464,False,
MAT137,MAT196,0.1597,28,0.7464,0.0,0.7464,False,
MAT137,MAT197,0.7464,3,0.7464,0.0,0.7464,False,
MAT137,MAT198,0.7218,12,0.7464,0.0,0.7464,False,
MAT137,MAT215,0.1616,21,0.7464,0.0,0.7464,False,
MAT137,MAT216,0.1597,29,0.7464,0.0,0.7464,False,
MAT137,MAT217,0.7464,4,0.7464,0.0,0.7464,False,
MAT137,MAT218,0.7218,13,0.7464,0.0,0.7464,False,
MAT137,MAT235,0.1616,22,0.7464,0.0,0.7464,False,
MAT137,MAT236,0.1597,30,0.7464,0.0,0.7464,False,
MAT137,MAT237,0.7464,5,0.7464,0.0,0.7464,False,
MAT137,MAT238,0.7218,14,0.7464,0.0,0.7464,False,
MAT137,MAT255,0.1616,23,0.7464,0.0,0.7464,False,
MAT137,MAT256,0.1597,31,0.7464,0.0,0.7464,False,
MAT137,MAT257,0.7464,6,0.7464,0.0,0.7464,False,
MAT137,MAT258,0.7218,15,0.7464,0.0,0.7464,False,
MAT137,MAT275,0.1616,24,0.7464,0.0,0.7464,False,
MAT137,MAT276,0.1597,32,0.7464,0.0,0.7464,False,
MAT137,MAT277,0.7464,7,0.7464,0.0,0.7464,False,
MAT137,MAT278,0.7218,16,0.7464,0.0,0.7464,False,
MAT137,MAT295,0.1616,25,0.7464,0.0,0.7464,False,
MAT137,MAT296,0.1597,33,0.7464,0.0,0.7464,False,
MAT137,MAT297,0.7464,8,0.7464,0.0,0.7464,False,
MAT137,MAT298,0.7218,17,0.7464,0.0,0.7464,False,
MAT138,MAT155,0.1718,17,0.7464,0.0,0.7464,False,
MAT138,MAT156,0.1687,25,0.7464,0.0,0.7464,False,
MAT138,MAT157,0.7218,9,0.7464,0.0,0.7464,False,
MAT138,MAT158,0.7464,1,0.7464,0.0,0.7464,False,
MAT138,MAT175,0.1718,18,0.7464,0.0,0.7464,False,
MAT138,MAT176,0.1687,26,0.7464,0.0,0.7464,False,
MAT138,MAT177,0.7218,10,0.7464,0.0,0.7464,False,
MAT138,MAT178,0.7464,2,0.7464,0.0,0.7464,False,
MAT138,MAT195,0.1718,19,0.7464,0.0,0.7464,False,
MAT138,MAT196,0.1687,27,0.7464,0.0,0.7464,False,
MAT138,MAT197,0.7218,11,0.7464,0.0,0.7464,False,
MAT138,MAT198,0.7464,3,0.7464,0.0,0.7464,False,
MAT138,MAT215,0.1718,20,0.7464,0.0,0.7464,False,
MAT138,MAT216,0.1687,28,0.7464,0.0,0.7464,False,
MAT138,MAT217,0.7218,12,0.7464,0.0,0.7464,False,
MAT138,MAT218,0.7464,4,0.7464,0.0,0.7464,False,
MAT138,MAT235,0.1718,21,0.7464,0.0,0.7464,False,
MAT138,MAT236,0.1687,29,0.7464,0.0,0.7464,False,
MAT138,MAT237,0.7218,13,0.7464,0.0,0.7464,False,
MAT138,MAT238,0.7464,5,0.7464,0.0,0.7464,False,
MAT138,MAT255,0.1718,22,0.7464,0.0,0.7464,False,
MAT138,MAT256,0.1687,30,0.7464,0.0,0.7464,False,
MAT138,MAT257,0.7218,14,0.7464,0.0,0.7464,False,
MAT138,MAT258,0.7464,6,0.7464,0.0,0.7464,False,
MAT138,MAT275,0.1718,23,0.7464,0.0,0.7464,False,
MAT138,MAT276,0.1687,31,0.7464,0.0,0.7464,False,
MAT138,MAT277,0.7218,15,0.7464,0.0,0.7464,False,
MAT138,MAT278,0.7464,7,0.7464,0.0,0.7464,False,
MAT138,MAT295,0.1718,24,0.7464,0.0,0.7464,False,
MAT138,MAT296,0.1687,32,0.7464,0.0,0.7464,False,
MAT138,MAT297,0.7218,16,0.7464,0.0,0.7464,False,
MAT138,MAT298,0.7464,8,0.7464,0.0,0.7464,False,
MAT139,MAT140,0.7059,9,0.7464,0.0,0.7464,False,
MAT139,MAT159,0.7464,1,0.7464,0.0,0.7464,False,
MAT139,MAT160,0.7059,10,0.7464,0.0,0.7464,False,
MAT139,MAT179,0.7464,2,0.7464,0.0,0.7464,False,
MAT139,MAT180,0.7059,11,0.7464,0.0,0.7464,False,
MAT139,MAT199,0.7464,3,0.7464,0.0,0.7464,False,
MAT139,MAT200,0.7059,12,0.7464,0.0,0.7464,False,
MAT139,MAT219,0.7464,4,0.7464,0.0,0.7464,False,
MAT139,MAT220,0.7059,13,0.7464,0.0,0.7464,False,
MAT139,MAT239,0.7464,5,0.7464,0.0,0.7464,False,
MAT139,MAT240,0.7059,14,0.7464,0.0,0.7464,False,
MAT139,MAT259,0.7464,6,0.7464,0.0,0.7464,False,
MAT139,MAT260,0.7059,15,0.7464,0.0,0.7464,False,
MAT139,MAT279,0.7464,7,0.7464,0.0,0.7464,False,
MAT139,MAT280,0.7059,16,0.7464,0.0,0.7464,False,
MAT139,MAT299,0.7464,8,0.7464,0.0,0.7464,False,
MAT139,MAT300,0.7059,17,0.7464,0.0,0.7464,False,
MAT140,MAT159,0.7059,9,0.7464,0.0,0.7464,False,
MAT140,MAT160,0.7464,1,0.7464,0.0,0.7464,False,
MAT140,MAT179,0.7059,10,0.7464,0.0,0.7464,False,
MAT140,MAT180,0.7464,2,0.7464,0.0,0.7464,False,
MAT140,MAT199,0.7059,11,0.7464,0.0,0.7464,False,
MAT140,MAT200,0.7464,3,0.7464,0.0,0.7464,False,
MAT140,MAT219,0.7059,12,0.7464,0.0,0.7464,False,
MAT140,MAT220,0.7464,4,0.7464,0.0,0.7464,False,
MAT140,MAT239,0.7059,13,0.7464,0.0,0.7464,False,
MAT140,MAT240,0.7464,5,0.7464,0.0,0.7464,False,
MAT140,MAT259,0.7059,14,0.7464,0.0,0.7464,False,
MAT140,MAT260,0.7464,6,0.7464,0.0,0.7464,False,
MAT140,MAT279,0.7059,15,0.7464,0.0,0.7464,False,
MAT140,MAT280,0.7464,7,0.7464,0.0,0.7464,False,
MAT140,MAT299,0.7059,16,0.7464,0.0,0.7464,False,
MAT140,MAT300,0.7464,8,0.7464,0.0,0.7464,False,
MAT141,MAT142,0.7159,16,0.7976,0.0,0.7976,False,
MAT141,MAT143,0.7339,8,0.7976,0.0,0.7976,False,
MAT141,MAT144,0.6961,24,0.7976,0.0,0.7976,False,
MAT141,MAT146,0.4851,32,0.7976,0.0,0.7976,False,
MAT141,MAT161,0.7976,1,0.7976,0.0,0.7976,False,
MAT141,MAT162,0.7159,17,0.7976,0.0,0.7976,False,
MAT141,MAT163,0.7339,9,0.7976,0.0,0.7976,False,
MAT141,MAT164,0.6961,25,0.7976,0.0,0.7976,False,
MAT141,MAT166,0.4851,33,0.7976,0.0,0.7976,False,
MAT141,MAT181,0.7976,2,0.7976,0.0,0.7976,False,
MAT141,MAT182,0.7159,18,0.7976,0.0,0.7976,False,
MAT141,MAT183,0.7339,10,0.7976,0.0,0.7976,False,
MAT141,MAT184,0.6961,26,0.7976,0.0,0.7976,False,
MAT141,MAT186,0.4851,34,0.7976,0.0,0.7976,False,
MAT141,MAT201,0.7976,3,0.7976,0.0,0.7976,False,
MAT141,MAT202,0.7159,19,0.7976,0.0,0.7976,False,
MAT141,MAT203,0.7339,11,0.7976,0.0,0.7976,False,
MAT141,MAT204,0.6961,27,0.7976,0.0,0.7976,False,
MAT141,MAT206,0.4851,35,0.7976,0.0,0.7976,False,
MAT141,MAT221,0.7976,4,0.7976,0.0,0.7976,False,
MAT141,MAT222,0.7159,20,0.7976,0.0,0.7976,False,
MAT141,MAT223,0.7339,12,0.7976,0.0,0.7976,False,
MAT141,MAT224,0.6961,28,0.7976,0.0,0.7976,False,
MAT141,MAT226,0.4851,36,0.7976,0.0,0.7976,False,
MAT141,MAT241,0.7976,5,0.7976,0.0,0.7976,False,
MAT141,MAT242,0.7159,21,0.7976,0.0,0.7976,False,
MAT141,MAT243,0.7339,13,0.7976,0.0,0.7976,False,
MAT141,MAT244,0.6961,29,0.7976,0.0,0.7976,False,
MAT141,MAT246,0.4851,37,0.7976,0.0,0.7976,False,
MAT141,MAT261,0.7976,6,0.7976,0.0,0.7976,False,
MAT141,MAT262,0.7159,22,0.7976,0.0,0.7976,False,
MAT141,MAT263,0.7339,14,0.7976,0.0,0.7976,False,
MAT141,MAT264,0.6961,30,0.7976,0.0,0.7976,False,
MAT141,MAT266,0.4851,38,0.7976,0.0,0.7976,False,
MAT141,MAT281,0.7976,7,0.7976,0.0,0.7976,False,
MAT141,MAT282,0.7159,23,0.7976,0.0,0.7976,False,
MAT141,MAT283,0.7339,15,0.7976,0.0,0.7976,False,
MAT141,MAT284,0.6961,31,0.7976,0.0,0.7976,False,
MAT141,MAT286,0.4851,39,0.7976,0.0,0.7976,False,
MAT142,MAT143,0.6282,23,0.9232,0.0,0.9232,False,
MAT142,MAT144,0.8089,8,0.9232,0.0,0.9232,False,
MAT142,MAT146,0.5088,31,0.9232,0.0,0.9232,False,
MAT142,MAT161,0.7159,16,0.9232,0.0,0.9232,False,
MAT142,MAT162,0.9232,1,0.9232,0.0,0.9232,False,
MAT142,MAT163,0.6282,24,0.9232,0.0,0.9232,False,
MAT142,MAT164,0.8089,9,0.9232,0.0,0.9232,False,
MAT142,MAT166,0.5088,32,0.9232,0.0,0.9232,False,
MAT142,MAT181,0.7159,17,0.9232,0.0,0.9232,False,
MAT142,MAT182,0.9232,2,0.9232,0.0,0.9232,False,
MAT142,MAT183,0.6282,25,0.9232,0.0,0.9232,False,
MAT142,MAT184,0.8089,10,0.9232,0.0,0.9232,False,
MAT142,MAT186,0.5088,33,0.9232,0.0,0.9232,False,
MAT142,MAT201,0.7159,18,0.9232,0.0,0.9232,False,
MAT142,MAT202,0.9232,3,0.9232,0.0,0.9232,False,
MAT142,MAT203,0.6282,26,0.9232,0.0,0.9232,False,
MAT142,MAT204,0.8089,11,0.9232,0.0,0.9232,False,
MAT142,MAT206,0.5088,34,0.9232,0.0,0.9232,False,
MAT142,MAT221,0.7159,19,0.9232,0.0,0.9232,False,
MAT142,MAT222,0.9232,4,0.9232,0.0,0.9232,False,
MAT142,MAT223,0.6282,27,0.9232,0.0,0.9232,False,
MAT142,MAT224,0.8089,12,0.9232,0.0,0.9232,False,
MAT142,MAT226,0.5088,35,0.9232,0.0,0.9232,False,
MAT142,MAT241,0.7159,20,0.9232,0.0,0.9232,False,
MAT142,MAT242,0.9232,5,0.9232,0.0,0.9232,False,
MAT142,MAT243,0.6282,28,0.9232,0.0,0.9232,False,
MAT142,MAT244,0.8089,13,0.9232,0.0,0.9232,False,
MAT142,MAT246,0.5088,36,0.9232,0.0,0.9232,False,
MAT142,MAT261,0.7159,21,0.9232,0.0,0.9232,False,
MAT142,MAT262,0.9232,6,0.9232,0.0,0.9232,False,
MAT142,MAT263,0.6282,29,0.9232,0.0,0.9232,False,
MAT142,MAT264,0.8089,14,0.9232,0.0,0.9232,False,
MAT142,MAT266,0.5088,37,0.9232,0.0,0.9232,False,
MAT142,MAT281,0.7159,22,0.9232,0.0,0.9232,False,
MAT142,MAT282,0.9232,7,0.9232,0.0,0.9232,False,
MAT142,MAT283,0.6282,30,0.9232,0.0,0.9232,False,
MAT142,MAT284,0.8089,15,0.9232,0.0,0.9232,False,
MAT142,MAT286,0.5088,38,0.9232,0.0,0.9232,False,
MAT143,MAT144,0.7511,8,0.772,0.0,0.772,False,
MAT143,MAT146,0.4978,30,0.772,0.0,0.772,False,
MAT143,MAT161,0.7339,16,0.772,0.0,0.772,False,
MAT143,MAT162,0.6282,23,0.772,0.0,0.772,False,
MAT143,MAT163,0.772,1,0.772,0.0,0.772,False,
MAT143,MAT164,0.7511,9,0.772,0.0,0.772,False,
MAT143,MAT166,0.4978,31,0.772,0.0,0.772,False,
MAT143,MAT181,0.7339,17,0.772,0.0,0.772,False,
MAT143,MAT182,0.6282,24,0.772,0.0,0.772,False,
MAT143,MAT183,0.772,2,0.772,0.0,0.772,False,
MAT143,MAT184,0.7511,10,0.772,0.0,0.772,False,
MAT143,MAT186,0.4978,32,0.772,0.0,0.772,False,
MAT143,MAT201,0.7339,18,0.772,0.0,0.772,False,
MAT143,MAT202,0.6282,25,0.772,0.0,0.772,False,
MAT143,MAT203,0.772,3,0.772,0.0,0.772,False,
MAT143,MAT204,0.7511,11,0.772,0.0,0.772,False,
MAT143,MAT206,0.4978,33,0.772,0.0,0.772,False,
MAT143,MAT221,0.7339,19,0.772,0.0,0.772,False,
MAT143,MAT222,0.6282,26,0.772,0.0,0.772,False,
MAT143,MAT223,0.772,4,0.772,0.0,0.772,False,
MAT143,MAT224,0.7511,12,0.772,0.0,0.772,False,
MAT143,MAT226,0.4978,34,0.772,0.0,0.772,False,
MAT143,MAT241,0.7339,20,0.772,0.0,0.772,False,
MAT143,MAT242,0.6282,27,0.772,0.0,0.772,False,
MAT143,MAT243,0.772,5,0.772,0.0,0.772,False,
MAT143,MAT244,0.7511,13,0.772,0.0,0.772,False,
MAT143,MAT246,0.4978,35,0.772,0.0,0.772,False,
MAT143,MAT261,0.7339,21,0.772,0.0,0.772,False,
MAT143,MAT262,0.6282,28,0.772,0.0,0.772,False,
MAT143,MAT263,0.772,6,0.772,0.0,0.772,False,
MAT143,MAT264,0.7511,14,0.772,0.0,0.772,False,
MAT143,MAT266,0.4978,36,0.772,0.0,0.772,False,
MAT143,MAT281,0.7339,22,0.772,0.0,0.772,False,
MAT143,MAT282,0.6282,29,0.772,0.0,0.772,False,
MAT143,MAT283,0.772,7,0.772,0.0,0.772,False,
MAT143,MAT284,0.7511,15,0.772,0.0,0.772,False,
MAT143,MAT286,0.4978,37,0.772,0.0,0.772,False,
MAT144,MAT145,0.4181,37,0.8976,0.0,0.8976,False,
MAT144,MAT146,0.5166,29,0.8976,0.0,0.8976,False,
MAT144,MAT161,0.6961,22,0.8976,0.0,0.8976,False,
MAT144,MAT162,0.8089,8,0.8976,0.0,0.8976,False,
MAT144,MAT163,0.7511,15,0.8976,0.0,0.8976,False,
MAT144,MAT164,0.8976,1,0.8976,0.0,0.8976,False,
MAT144,MAT165,0.4181,38,0.8976,0.0,0.8976,False,
MAT144,MAT166,0.5166,30,0.8976,0.0,0.8976,False,
MAT144,MAT181,0.6961,23,0.8976,0.0,0.8976,False,
MAT144,MAT182,0.8089,9,0.8976,0.0,0.8976,False,
MAT144,MAT183,0.7511,16,0.8976,0.0,0.8976,False,
MAT144,MAT184,0.8976,2,0.8976,0.0,0.8976,False,
MAT144,MAT185,0.4181,39,0.8976,0.0,0.8976,False,
MAT144,MAT186,0.5166,31,0.8976,0.0,0.8976,False,
MAT144,MAT201,0.6961,24,0.8976,0.0,0.8976,False,
MAT144,MAT202,0.8089,10,0.8976,0.0,0.8976,False,
MAT144,MAT203,0.7511,17,0.8976,0.0,0.8976,False,
MAT144,MAT204,0.8976,3,0.8976,0.0,0.8976,False,
MAT144,MAT205,0.4181,40,0.8976,0.0,0.8976,False,
MAT144,MAT206,0.5166,32,0.8976,0.0,0.8976,False,
MAT144,MAT221,0.6961,25,0.8976,0.0,0.8976,False,
MAT144,MAT222,0.8089,11,0.8976,0.0,0.8976,False,
MAT144,MAT223,0.7511,18,0.8976,0.0,0.8976,False,
MAT144,MAT224,0.8976,4,0.8976,0.0,0.8976,False,
MAT144,MAT225,0.4181,41,0.8976,0.0,0.8976,False,
MAT144,MAT226,0.5166,33,0.8976,0.0,0.8976,False,
MAT144,MAT241,0.6961,26,0.8976,0.0,0.8976,False,
MAT144,MAT242,0.8089,12,0.8976,0.0,0.8976,False,
MAT144,MAT243,0.7511,19,0.8976,0.0,0.8976,False,
MAT144,MAT244,0.8976,5,0.8976,0.0,0.8976,False,
MAT144,MAT245,0.4181,42,0.8976,0.0,0.8976,False,
MAT144,MAT246,0.5166,34,0.8976,0.0,0.8976,False,
MAT144,MAT261,0.6961,27,0.8976,0.0,0.8976,False,
MAT144,MAT262,0.8089,13,0.8976,0.0,0.8976,False,
MAT144,MAT263,0.7511,20,0.8976,0.0,0.8976,False,
MAT144,MAT264,0.8976,6,0.8976,0.0,0.8976,False,
MAT144,MAT265,0.4181,43,0.8976,0.0,0.8976,False,
MAT144,MAT266,0.5166,35,0.8976,0.0,0.8976,False,
MAT144,MAT281,0.6961,28,0.8976,0.0,0.8976,False,
MAT144,MAT282,0.8089,14,0.8976,0.0,0.8976,False,
MAT144,MAT283,0.7511,21,0.8976,0.0,0.8976,False,
MAT144,MAT284,0.8976,7,0.8976,0.0,0.8976,False,
MAT144,MAT285,0.4181,44,0.8976,0.0,0.8976,False,
MAT144,MAT286,0.5166,36,0.8976,0.0,0.8976,False,
MAT145,MAT146,0.6342,8,0.7131,0.0,0.7131,False,
MAT145,MAT164,0.4181,16,0.7131,0.0,0.7131,False,
MAT145,MAT165,0.7131,1,0.7131,0.0,0.7131,False,
MAT145,MAT166,0.6342,9,0.7131,0.0,0.7131,False,
MAT145,MAT184,0.4181,17,0.7131,0.0,0.7131,False,
MAT145,MAT185,0.7131,2,0.7131,0.0,0.7131,False,
MAT145,MAT186,0.6342,10,0.7131,0.0,0.7131,False,
MAT145,MAT204,0.4181,18,0.7131,0.0,0.7131,False,
MAT145,MAT205,0.7131,3,0.7131,0.0,0.7131,False,
MAT145,MAT206,0.6342,11,0.7131,0.0,0.7131,False,
MAT145,MAT224,0.4181,19,0.7131,0.0,0.7131,False,
MAT145,MAT225,0.7131,4,0.7131,0.0,0.7131,False,
MAT145,MAT226,0.6342,12,0.7131,0.0,0.7131,False,
MAT145,MAT244,0.4181,20,0.7131,0.0,0.7131,False,
MAT145,MAT245,0.7131,5,0.7131,0.0,0.7131,False,
MAT145,MAT246,0.6342,13,0.7131,0.0,0.7131,False,
MAT145,MAT264,0.4181,21,0.7131,0.0,0.7131,False,
MAT145,MAT265,0.7131,6,0.7131,0.0,0.7131,False,
MAT145,MAT266,0.6342,14,0.7131,0.0,0.7131,False,
MAT145,MAT284,0.4181,22,0.7131,0.0,0.7131,False,
MAT145,MAT285,0.7131,7,0.7131,0.0,0.7131,False,
MAT145,MAT286,0.6342,15,0.7131,0.0,0.7131,False,
MAT146,MAT161,0.4851,36,0.772,0.0,0.772,False,
MAT146,MAT162,0.5088,22,0.772,0.0,0.772,False,
MAT146,MAT163,0.4978,29,0.772,0.0,0.772,False,
MAT146,MAT164,0.5166,15,0.772,0.0,0.772,False,
MAT146,MAT165,0.6342,8,0.772,0.0,0.772,False,
MAT146,MAT166,0.772,1,0.772,0.0,0.772,False,
MAT146,MAT181,0.4851,37,0.772,0.0,0.772,False,
MAT146,MAT182,0.5088,23,0.772,0.0,0.772,False,
MAT146,MAT183,0.4978,30,0.772,0.0,0.772,False,
MAT146,MAT184,0.5166,16,0.772,0.0,0.772,False,
MAT146,MAT185,0.6342,9,0.772,0.0,0.772,False,
MAT146,MAT186,0.772,2,0.772,0.0,0.772,False,
MAT146,MAT201,0.4851,38,0.772,0.0,0.772,False,
MAT146,MAT202,0.5088,24,0.772,0.0,0.772,False,
MAT146,MAT203,0.4978,31,0.772,0.0,0.772,False,
MAT146,MAT204,0.5166,17,0.772,0.0,0.772,False,
MAT146,MAT205,0.6342,10,0.772,0.0,0.772,False,
MAT146,MAT206,0.772,3,0.772,0.0,0.772,False,
MAT146,MAT221,0.4851,39,0.772,0.0,0.772,False,
MAT146,MAT222,0.5088,25,0.772,0.0,0.772,False,
MAT146,MAT223,0.4978,32,0.772,0.0,0.772,False,
MAT146,MAT224,0.5166,18,0.772,0.0,0.772,False,
MAT146,MAT225,0.6342,11,0.772,0.0,0.772,False,
MAT146,MAT226,0.772,4,0.772,0.0,0.772,False,
MAT146,MAT241,0.4851,40,0.772,0.0,0.772,False,
MAT146,MAT242,0.5088,26,0.772,0.0,0.772,False,
MAT146,MAT243,0.4978,33,0.772,0.0,0.772,False,
MAT146,MAT244,0.5166,19,0.772,0.0,0.772,False,
MAT146,MAT245,0.6342,12,0.772,0.0,0.772,False,
MAT146,MAT246,0.772,5,0.772,0.0,0.772,False,
MAT146,MAT261,0.4851,41,0.772,0.0,0.772,False,
MAT146,MAT262,0.5088,27,0.772,0.0,0.772,False,
MAT146,MAT263,0.4978,34,0.772,0.0,0.772,False,
MAT146,MAT264,0.5166,20,0.772,0.0,0.772,False,
MAT146,MAT265,0.6342,13,0.772,0.0,0.772,False,
MAT146,MAT266,0.772,6,0.772,0.0,0.772,False,
MAT146,MAT281,0.4851,42,0.772,0.0,0.772,False,
MAT146,MAT282,0.5088,28,0.772,0.0,0.772,False,
MAT146,MAT283,0.4978,35,0.772,0.0,0.772,False,
MAT146,MAT284,0.5166,21,0.772,0.0,0.772,False,
MAT146,MAT285,0.6342,14,0.772,0.0,0.772,False,
MAT146,MAT286,0.772,7,0.772,0.0,0.772,False,
MAT147,MAT148,0.8131,1,0.8131,0.0,0.8131,False,
MAT147,MAT149,0.2442,24,0.8131,0.0,0.8131,False,
MAT147,MAT150,0.4921,16,0.8131,0.0,0.8131,False,
MAT147,MAT167,0.8131,2,0.8131,0.0,0.8131,False,
MAT147,MAT168,0.8131,3,0.8131,0.0,0.8131,False,
MAT147,MAT169,0.2442,25,0.8131,0.0,0.8131,False,
MAT147,MAT170,0.4921,17,0.8131,0.0,0.8131,False,
MAT147,MAT187,0.8131,4,0.8131,0.0,0.8131,False,
MAT147,MAT188,0.8131,5,0.8131,0.0,0.8131,False,
MAT147,MAT189,0.2442,26,0.8131,0.0,0.8131,False,
MAT147,MAT190,0.4921,18,0.8131,0.0,0.8131,False,
MAT147,MAT207,0.8131,6,0.8131,0.0,0.8131,False,
MAT147,MAT208,0.8131,7,0.8131,0.0,0.8131,False,
MAT147,MAT209,0.2442,27,0.8131,0.0,0.8131,False,
MAT147,MAT210,0.4921,19,0.8131,0.0,0.8131,False,
MAT147,MAT227,0.8131,8,0.8131,0.0,0.8131,False,
MAT147,MAT228,0.8131,9,0.8131,0.0,0.8131,False,
MAT147,MAT229,0.2442,28,0.8131,0.0,0.8131,False,
MAT147,MAT230,0.4921,20,0.8131,0.0,0.8131,False,
MAT147,MAT247,0.8131,10,0.8131,0.0,0.8131,False,
MAT147,MAT248,0.8131,11,0.8131,0.0,0.8131,False,
MAT147,MAT249,0.2442,29,0.8131,0.0,0.8131,False,
MAT147,MAT250,0.4921,21,0.8131,0.0,0.8131,False,
MAT147,MAT267,0.8131,12,0.8131,0.0,0.8131,False,
MAT147,MAT268,0.8131,13,0.8131,0.0,0.8131,False,
MAT147,MAT269,0.2442,30,0.8131,0.0,0.8131,False,
MAT147,MAT270,0.4921,22,0.8131,0.0,0.8131,False,
MAT147,MAT287,0.8131,14,0.8131,0.0,0.8131,False,
MAT147,MAT288,0.8131,15,0.8131,0.0,0.8131,False,
MAT147,MAT289,0.2442,31,0.8131,0.0,0.8131,False,
MAT147,MAT290,0.4921,23,0.8131,0.0,0.8131,False,
MAT148,MAT149,0.2206,23,0.8131,0.0,0.8131,False,
MAT148,MAT150,0.4685,15,0.8131,0.0,0.8131,False,
MAT148,MAT167,0.8131,1,0.8131,0.0,0.8131,False,
MAT148,MAT168,0.8131,2,0.8131,0.0,0.8131,False,
MAT148,MAT169,0.2206,24,0.8131,0.0,0.8131,False,
MAT148,MAT170,0.4685,16,0.8131,0.0,0.8131,False,
MAT148,MAT187,0.8131,3,0.8131,0.0,0.8131,False,
MAT148,MAT188,0.8131,4,0.8131,0.0,0.8131,False,
MAT148,MAT189,0.2206,25,0.8131,0.0,0.8131,False,
MAT148,MAT190,0.4685,17,0.8131,0.0,0.8131,False,
MAT148,MAT207,0.8131,5,0.8131,0.0,0.8131,False,
MAT148,MAT208,0.8131,6,0.8131,0.0,0.8131,False,
MAT148,MAT209,0.2206,26,0.8131,0.0,0.8131,False,
MAT148,MAT210,0.4685,18,0.8131,0.0,0.8131,False,
MAT148,MAT227,0.8131,7,0.8131,0.0,0.8131,False,
MAT148,MAT228,0.8131,8,0.8131,0.0,0.8131,False,
MAT148,MAT229,0.2206,27,0.8131,0.0,0.8131,False,
MAT148,MAT230,0.4685,19,0.8131,0.0,0.8131,False,
MAT148,MAT247,0.8131,9,0.8131,0.0,0.8131,False,
MAT148,MAT248,0.8131,10,0.8131,0.0,0.8131,False,
MAT148,MAT249,0.2206,28,0.8131,0.0,0.8131,False,
MAT148,MAT250,0.4685,20,0.8131,0.0,0.8131,False,
MAT148,MAT267,0.8131,11,0.8131,0.0,0.8131,False,
MAT148,MAT268,0.8131,12,0.8131,0.0,0.8131,False,
MAT148,MAT269,0.2206,29,0.8131,0.0,0.8131,False,
MAT148,MAT270,0.4685,21,0.8131,0.0,0.8131,False,
MAT148,MAT287,0.8131,13,0.8131,0.0,0.8131,False,
MAT148,MAT288,0.8131,14,0.8131,0.0,0.8131,False,
MAT148,MAT289,0.2206,30,0.8131,0.0,0.8131,False,
MAT148,MAT290,0.4685,22,0.8131,0.0,0.8131,False,
MAT149,MAT150,0.5989,8,0.8131,0.0,0.8131,False,
MAT149,MAT167,0.2442,16,0.8131,0.0,0.8131,False,
MAT149,MAT168,0.2206,23,0.8131,0.0,0.8131,False,
MAT149,MAT169,0.8131,1,0.8131,0.0,0.8131,False,
MAT149,MAT170,0.5989,9,0.8131,0.0,0.8131,False,
MAT149,MAT187,0.2442,17,0.8131,0.0,0.8131,False,
MAT149,MAT188,0.2206,24,0.8131,0.0,0.8131,False,
MAT149,MAT189,0.8131,2,0.8131,0.0,0.8131,False,
MAT149,MAT190,0.5989,10,0.8131,0.0,0.8131,False,
MAT149,MAT207,0.2442,18,0.8131,0.0,0.8131,False,
MAT149,MAT208,0.2206,25,0.8131,0.0,0.8131,False,
MAT149,MAT209,0.8131,3,0.8131,0.0,0.8131,False,
MAT149,MAT210,0.5989,11,0.8131,0.0,0.8131,False,
MAT149,MAT227,0.2442,19,0.8131,0.0,0.8131,False,
MAT149,MAT228,0.2206,26,0.8131,0.0,0.8131,False,
MAT149,MAT229,0.8131,4,0.8131,0.0,0.8131,False,
MAT149,MAT230,0.5989,12,0.8131,0.0,0.8131,False,
MAT149,MAT247,0.2442,20,0.8131,0.0,0.8131,False,
MAT149,MAT248,0.2206,27,0.8131,0.0,0.8131,False,
MAT149,MAT249,0.8131,5,0.8131,0.0,0.8131,False,
MAT149,MAT250,0.5989,13,0.8131,0.0,0.8131,False,
MAT149,MAT267,0.2442,21,0.8131,0.0,0.8131,False,
MAT149,MAT268,0.2206,28,0.8131,0.0,0.8131,False,
MAT149,MAT269,0.8131,6,0.8131,0.0,0.8131,False,
MAT149,MAT270,0.5989,14,0.8131,0.0,0.8131,False,
MAT149,MAT287,0.2442,22,0.8131,0.0,0.8131,False,
MAT149,MAT288,0.2206,29,0.8131,0.0,0.8131,False,
MAT149,MAT289,0.8131,7,0.8131,0.0,0.8131,False,
MAT149,MAT290,0.5989,15,0.8131,0.0,0.8131,False,
MAT150,MAT167,0.4921,15,0.6875,0.0,0.6875,False,
MAT150,MAT168,0.4685,22,0.6875,0.0,0.6875,False,
MAT150,MAT169,0.5989,8,0.6875,0.0,0.6875,False,
MAT150,MAT170,0.6875,1,0.6875,0.0,0.6875,False,
MAT150,MAT187,0.4921,16,0.6875,0.0,0.6875,False,
MAT150,MAT188,0.4685,23,0.6875,0.0,0.6875,False,
MAT150,MAT189,0.5989,9,0.6875,0.0,0.6875,False,
MAT150,MAT190,0.6875,2,0.6875,0.0,0.6875,False,
MAT150,MAT207,0.4921,17,0.6875,0.0,0.6875,False,
MAT150,MAT208,0.4685,24,0.6875,0.0,0.6875,False,
MAT150,MAT209,0.5989,10,0.6875,0.0,0.6875,False,
MAT150,MAT210,0.6875,3,0.6875,0.0,0.6875,False,
MAT150,MAT227,0.4921,18,0.6875,0.0,0.6875,False,
MAT150,MAT228,0.4685,25,0.6875,0.0,0.6875,False,
MAT150,MAT229,0.5989,11,0.6875,0.0,0.6875,False,
MAT150,MAT230,0.6875,4,0.6875,0.0,0.6875,False,
MAT150,MAT247,0.4921,19,0.6875,0.0,0.6875,False,
MAT150,MAT248,0.4685,26,0.6875,0.0,0.6875,False,
MAT150,MAT249,0.5989,12,0.6875,0.0,0.6875,False,
MAT150,MAT250,0.6875,5,0.6875,0.0,0.6875,False,
MAT150,MAT267,0.4921,20,0.6875,0.0,0.6875,False,
MAT150,MAT268,0.4685,27,0.6875,0.0,0.6875,False,
MAT150,MAT269,0.5989,13,0.6875,0.0,0.6875,False,
MAT150,MAT270,0.6875,6,0.6875,0.0,0.6875,False,
MAT150,MAT287,0.4921,21,0.6875,0.0,0.6875,False,
MAT150,MAT288,0.4685,28,0.6875,0.0,0.6875,False,
MAT150,MAT289,0.5989,14,0.6875,0.0,0.6875,False,
MAT150,MAT290,0.6875,7,0.6875,0.0,0.6875,False,
MAT151,MAT152,0.7008,8,0.8131,0.0,0.8131,False,
MAT151,MAT154,0.2852,16,0.8131,0.0,0.8131,False,
MAT151,MAT171,0.8131,1,0.8131,0.0,0.8131,False,
MAT151,MAT172,0.7008,9,0.8131,0.0,0.8131,False,
MAT151,MAT174,0.2852,17,0.8131,0.0,0.8131,False,
MAT151,MAT191,0.8131,2,0.8131,0.0,0.8131,False,
MAT151,MAT192,0.7008,10,0.8131,0.0,0.8131,False,
MAT151,MAT194,0.2852,18,0.8131,0.0,0.8131,False,
MAT151,MAT211,0.8131,3,0.8131,0.0,0.8131,False,
MAT151,MAT212,0.7008,11,0.8131,0.0,0.8131,False,
MAT151,MAT214,0.2852,19,0.8131,0.0,0.8131,False,
MAT151,MAT231,0.8131,4,0.8131,0.0,0.8131,False,
MAT151,MAT232,0.7008,12,0.8131,0.0,0.8131,False,
MAT151,MAT234,0.2852,20,0.8131,0.0,0.8131,False,
MAT151,MAT251,0.8131,5,0.8131,0.0,0.8131,False,
MAT151,MAT252,0.7008,13,0.8131,0.0,0.8131,False,
MAT151,MAT254,0.2852,21,0.8131,0.0,0.8131,False,
MAT151,MAT271,0.8131,6,0.8131,0.0,0.8131,False,
MAT151,MAT272,0.7008,14,0.8131,0.0,0.8131,False,
MAT151,MAT274,0.2852,22,0.8131,0.0,0.8131,False,
MAT151,MAT291,0.8131,7,0.8131,0.0,0.8131,False,
MAT151,MAT292,0.7008,15,0.8131,0.0,0.8131,False,
MAT151,MAT294,0.2852,23,0.8131,0.0,0.8131,False,
MAT152,MAT171,0.7008,8,0.8131,0.0,0.8131,False,
MAT152,MAT172,0.8131,1,0.8131,0.0,0.8131,False,
MAT152,MAT191,0.7008,9,0.8131,0.0,0.8131,False,
MAT152,MAT192,0.8131,2,0.8131,0.0,0.8131,False,
MAT152,MAT211,0.7008,10,0.8131,0.0,0.8131,False,
MAT152,MAT212,0.8131,3,0.8131,0.0,0.8131,False,
MAT152,MAT231,0.7008,11,0.8131,0.0,0.8131,False,
MAT152,MAT232,0.8131,4,0.8131,0.0,0.8131,False,
MAT152,MAT251,0.7008,12,0.8131,0.0,0.8131,False,
MAT152,MAT252,0.8131,5,0.8131,0.0,0.8131,False,
MAT152,MAT271,0.7008,13,0.8131,0.0,0.8131,False,
MAT152,MAT272,0.8131,6,0.8131,0.0,0.8131,False,
MAT152,MAT291,0.7008,14,0.8131,0.0,0.8131,False,
MAT152,MAT292,0.8131,7,0.8131,0.0,0.8131,False,
MAT153,MAT154,0.7695,8,0.8131,0.0,0.8131,False,
MAT153,MAT173,0.8131,1,0.8131,0.0,0.8131,False,
MAT153,MAT174,0.7695,9,0.8131,0.0,0.8131,False,
MAT153,MAT193,0.8131,2,0.8131,0.0,0.8131,False,
MAT153,MAT194,0.7695,10,0.8131,0.0,0.8131,False,
MAT153,MAT213,0.8131,3,0.8131,0.0,0.8131,False,
MAT153,MAT214,0.7695,11,0.8131,0.0,0.8131,False,
MAT153,MAT233,0.8131,4,0.8131,0.0,0.8131,False,
MAT153,MAT234,0.7695,12,0.8131,0.0,0.8131,False,
MAT153,MAT253,0.8131,5,0.8131,0.0,0.8131,False,
MAT153,MAT254,0.7695,13,0.8131,0.0,0.8131,False,
MAT153,MAT273,0.8131,6,0.8131,0.0,0.8131,False,
MAT153,MAT274,0.7695,14,0.8131,0.0,0.8131,False,
MAT153,MAT293,0.8131,7,0.8131,0.0,0.8131,False,
MAT153,MAT294,0.7695,15,0.8131,0.0,0.8131,False,
MAT154,MAT171,0.2852,15,0.8131,0.0,0.8131,False,
MAT154,MAT173,0.7695,8,0.8131,0.0,0.8131,False,
MAT154,MAT174,0.8131,1,0.8131,0.0,0.8131,False,
MAT154,MAT191,0.2852,16,0.8131,0.0,0.8131,False,
MAT154,MAT193,0.7695,9,0.8131,0.0,0.8131,False,
MAT154,MAT194,0.8131,2,0.8131,0.0,0.8131,False,
MAT154,MAT211,0.2852,17,0.8131,0.0,0.8131,False,
MAT154,MAT213,0.7695,10,0.8131,0.0,0.8131,False,
MAT154,MAT214,0.8131,3,0.8131,0.0,0.8131,False,
MAT154,MAT231,0.2852,18,0.8131,0.0,0.8131,False,
MAT154,MAT233,0.7695,11,0.8131,0.0,0.8131,False,
MAT154,MAT234,0.8131,4,0.8131,0.0,0.8131,False,
MAT154,MAT251,0.2852,19,0.8131,0.0,0.8131,False,
MAT154,MAT253,0.7695,12,0.8131,0.0,0.8131,False,
MAT154,MAT254,0.8131,5,0.8131,0.0,0.8131,False,
MAT154,MAT271,0.2852,20,0.8131,0.0,0.8131,False,
MAT154,MAT273,0.7695,13,0.8131,0.0,0.8131,False,
MAT154,MAT274,0.8131,6,0.8131,0.0,0.8131,False,
MAT154,MAT291,0.2852,21,0.8131,0.0,0.8131,False,
MAT154,MAT293,0.7695,14,0.8131,0.0,0.8131,False,
MAT154,MAT294,0.8131,7,0.8131,0.0,0.8131,False,
MAT155,MAT156,0.6339,8,0.9232,0.0,0.9232,False,
MAT155,MAT157,0.1616,24,0.9232,0.0,0.9232,False,
MAT155,MAT158,0.1718,16,0.9232,0.0,0.9232,False,
MAT155,MAT175,0.9232,1,0.9232,0.0,0.9232,False,
MAT155,MAT176,0.6339,9,0.9232,0.0,0.9232,False,
MAT155,MAT177,0.1616,25,0.9232,0.0,0.9232,False,
MAT155,MAT178,0.1718,17,0.9232,0.0,0.9232,False,
MAT155,MAT195,0.9232,2,0.9232,0.0,0.9232,False,
MAT155,MAT196,0.6339,10,0.9232,0.0,0.9232,False,
MAT155,MAT197,0.1616,26,0.9232,0.0,0.9232,False,
MAT155,MAT198,0.1718,18,0.9232,0.0,0.9232,False,
MAT155,MAT215,0.9232,3,0.9232,0.0,0.9232,False,
MAT155,MAT216,0.6339,11,0.9232,0.0,0.9232,False,
MAT155,MAT217,0.1616,27,0.9232,0.0,0.9232,False,
MAT155,MAT218,0.1718,19,0.9232,0.0,0.9232,False,
MAT155,MAT235,0.9232,4,0.9232,0.0,0.9232,False,
MAT155,MAT236,0.6339,12,0.9232,0.0,0.9232,False,
MAT155,MAT237,0.1616,28,0.9232,0.0,0.9232,False,
MAT155,MAT238,0.1718,20,0.9232,0.0,0.9232,False,
MAT155,MAT255,0.9232,5,0.9232,0.0,0.9232,False,
MAT155,MAT256,0.6339,13,0.9232,0.0,0.9232,False,
MAT155,MAT257,0.1616,29,0.9232,0.0,0.9232,False,
MAT155,MAT258,0.1718,21,0.9232,0.0,0.9232,False,
MAT155,MAT275,0.9232,6,0.9232,0.0,0.9232,False,
MAT155,MAT276,0.6339,14,0.9232,0.0,0.9232,False,
MAT155,MAT277,0.1616,30,0.9232,0.0,0.9232,False,
MAT155,MAT278,0.1718,22,0.9232,0.0,0.9232,False,
MAT155,MAT295,0.9232,7,0.9232,0.0,0.9232,False,
MAT155,MAT296,0.6339,15,0.9232,0.0,0.9232,False,
MAT155,MAT297,0.1616,31,0.9232,0.0,0.9232,False,
MAT155,MAT298,0.1718,23,0.9232,0.0,0.9232,False,
MAT156,MAT157,0.1597,23,0.9232,0.0,0.9232,False,
MAT156,MAT158,0.1687,15,0.9232,0.0,0.9232,False,
MAT156,MAT175,0.6339,8,0.9232,0.0,0.9232,False,
MAT156,MAT176,0.9232,1,0.9232,0.0,0.9232,False,
MAT156,MAT177,0.1597,24,0.9232,0.0,0.9232,False,
MAT156,MAT178,0.1687,16,0.9232,0.0,0.9232,False,
MAT156,MAT195,0.6339,9,0.9232,0.0,0.9232,False,
MAT156,MAT196,0.9232,2,0.9232,0.0,0.9232,False,
MAT156,MAT197,0.1597,25,0.9232,0.0,0.9232,False,
MAT156,MAT198,0.1687,17,0.9232,0.0,0.9232,False,
MAT156,MAT215,0.6339,10,0.9232,0.0,0.9232,False,
MAT156,MAT216,0.9232,3,0.9232,0.0,0.9232,False,
MAT156,MAT217,0.1597,26,0.9232,0.0,0.9232,False,
MAT156,MAT218,0.1687,18,0.9232,0.0,0.9232,False,
MAT156,MAT235,0.6339,11,0.9232,0.0,0.9232,False,
MAT156,MAT236,0.9232,4,0.9232,0.0,0.9232,False,
MAT156,MAT237,0.1597,27,0.9232,0.0,0.9232,False,
MAT156,MAT238,0.1687,19,0.9232,0.0,0.9232,False,
MAT156,MAT255,0.6339,12,0.9232,0.0,0.9232,False,
MAT156,MAT256,0.9232,5,0.9232,0.0,0.9232,False,
MAT156,MAT257,0.1597,28,0.9232,0.0,0.9232,False,
MAT156,MAT258,0.1687,20,0.9232,0.0,0.9232,False,
MAT156,MAT275,0.6339,13,0.9232,0.0,0.9232,False,
MAT156,MAT276,0.9232,6,0.9232,0.0,0.9232,False,
MAT156,MAT277,0.1597,29,0.9232,0.0,0.9232,False,
MAT156,MAT278,0.1687,21,0.9232,0.0,0.9232,False,
MAT156,MAT295,0.6339,14,0.9232,0.0,0.9232,False,
MAT156,MAT296,0.9232,7,0.9232,0.0,0.9232,False,
MAT156,MAT297,0.1597,30,0.9232,0.0,0.9232,False,
MAT156,MAT298,0.1687,22,0.9232,0.0,0.9232,False,
MAT157,MAT158,0.7218,8,0.7464,0.0,0.7464,False,
MAT157,MAT175,0.1616,16,0.7464,0.0,0.7464,False,
MAT157,MAT176,0.1597,23,0.7464,0.0,0.7464,False,
MAT157,MAT177,0.7464,1,0.7464,0.0,0.7464,False,
MAT157,MAT178,0.7218,9,0.7464,0.0,0.7464,False,
MAT157,MAT195,0.1616,17,0.7464,0.0,0.7464,False,
MAT157,MAT196,0.1597,24,0.7464,0.0,0.7464,False,
MAT157,MAT197,0.7464,2,0.7464,0.0,0.7464,False,
MAT157,MAT198,0.7218,10,0.7464,0.0,0.7464,False,
MAT157,MAT215,0.1616,18,0.7464,0.0,0.7464,False,
MAT157,MAT216,0.1597,25,0.7464,0.0,0.7464,False,
MAT157,MAT217,0.7464,3,0.7464,0.0,0.7464,False,
MAT157,MAT218,0.7218,11,0.7464,0.0,0.7464,False,
MAT157,MAT235,0.1616,19,0.7464,0.0,0.7464,False,
MAT157,MAT236,0.1597,26,0.7464,0.0,0.7464,False,
MAT157,MAT237,0.7464,4,0.7464,0.0,0.7464,False,
MAT157,MAT238,0.7218,12,0.7464,0.0,0.7464,False,
MAT157,MAT255,0.1616,20,0.7464,0.0,0.7464,False,
MAT157,MAT256,0.1597,27,0.7464,0.0,0.7464,False,
MAT157,MAT257,0.7464,5,0.7464,0.0,0.7464,False,
MAT157,MAT258,0.7218,13,0.7464,0.0,0.7464,False,
MAT157,MAT275,0.1616,21,0.7464,0.0,0.7464,False,
MAT157,MAT276,0.1597,28,0.7464,0.0,0.7464,False,
MAT157,MAT277,0.7464,6,0.7464,0.0,0.7464,False,
MAT157,MAT278,0.7218,14,0.7464,0.0,0.7464,False,
MAT157,MAT295,0.1616,22,0.7464,0.0,0.7464,False,
MAT157,MAT296,0.1597,29,0.7464,0.0,0.7464,False,
MAT157,MAT297,0.7464,7,0.7464,0.0,0.7464,False,
MAT157,MAT298,0.7218,15,0.7464,0.0,0.7464,False,
MAT158,MAT175,0.1718,15,0.7464,0.0,0.7464,False,
MAT158,MAT176,0.1687,22,0.7464,0.0,0.7464,False,
MAT158,MAT177,0.7218,8,0.7464,0.0,0.7464,False,
MAT158,MAT178,0.7464,1,0.7464,0.0,0.7464,False,
MAT158,MAT195,0.1718,16,0.7464,0.0,0.7464,False,
MAT158,MAT196,0.1687,23,0.7464,0.0,0.7464,False,
MAT158,MAT197,0.7218,9,0.7464,0.0,0.7464,False,
MAT158,MAT198,0.7464,2,0.7464,0.0,0.7464,False,
MAT158,MAT215,0.1718,17,0.7464,0.0,0.7464,False,
MAT158,MAT216,0.1687,24,0.7464,0.0,0.7464,False,
MAT158,MAT217,0.7218,10,0.7464,0.0,0.7464,False,
MAT158,MAT218,0.7464,3,0.7464,0.0,0.7464,False,
MAT158,MAT235,0.1718,18,0.7464,0.0,0.7464,False,
MAT158,MAT236,0.1687,25,0.7464,0.0,0.7464,False,
MAT158,MAT237,0.7218,11,0.7464,0.0,0.7464,False,
MAT158,MAT238,0.7464,4,0.7464,0.0,0.7464,False,
MAT158,MAT255,0.1718,19,0.7464,0.0,0.7464,False,
MAT158,MAT256,0.1687,26,0.7464,0.0,0.7464,False,
MAT158,MAT257,0.7218,12,0.7464,0.0,0.7464,False,
MAT158,MAT258,0.7464,5,0.7464,0.0,0.7464,False,
MAT158,MAT275,0.1718,20,0.7464,0.0,0.7464,False,
MAT158,MAT276,0.1687,27,0.7464,0.0,0.7464,False,
MAT158,MAT277,0.7218,13,0.7464,0.0,0.7464,False,
MAT158,MAT278,0.7464,6,0.7464,0.0,0.7464,False,
MAT158,MAT295,0.1718,21,0.7464,0.0,0.7464,False,
MAT158,MAT296,0.1687,28,0.7464,0.0,0.7464,False,
MAT158,MAT297,0.7218,14,0.7464,0.0,0.7464,False,
MAT158,MAT298,0.7464,7,0.7464,0.0,0.7464,False,
MAT159,MAT160,0.7059,8,0.7464,0.0,0.7464,False,
MAT159,MAT179,0.7464,1,0.7464,0.0,0.7464,False,
MAT159,MAT180,0.7059,9,0.7464,0.0,0.7464,False,
MAT159,MAT199,0.7464,2,0.7464,0.0,0.7464,False,
MAT159,MAT200,0.7059,10,0.7464,0.0,0.7464,False,
MAT159,MAT219,0.7464,3,0.7464,0.0,0.7464,False,
MAT159,MAT220,0.7059,11,0.7464,0.0,0.7464,False,
MAT159,MAT239,0.7464,4,0.7464,0.0,0.7464,False,
MAT159,MAT240,0.7059,12,0.7464,0.0,0.7464,False,
MAT159,MAT259,0.7464,5,0.7464,0.0,0.7464,False,
MAT159,MAT260,0.7059,13,0.7464,0.0,0.7464,False,
MAT159,MAT279,0.7464,6,0.7464,0.0,0.7464,False,
MAT159,MAT280,0.7059,14,0.7464,0.0,0.7464,False,
MAT159,MAT299,0.7464,7,0.7464,0.0,0.7464,False,
MAT159,MAT300,0.7059,15,0.7464,0.0,0.7464,False,
MAT160,MAT179,0.7059,8,0.7464,0.0,0.7464,False,
MAT160,MAT180,0.7464,1,0.7464,0.0,0.7464,False,
MAT160,MAT199,0.7059,9,0.7464,0.0,0.7464,False,
MAT160,MAT200,0.7464,2,0.7464,0.0,0.7464,False,
MAT160,MAT219,0.7059,10,0.7464,0.0,0.7464,False,
MAT160,MAT220,0.7464,3,0.7464,0.0,0.7464,False,
MAT160,MAT239,0.7059,11,0.7464,0.0,0.7464,False,
MAT160,MAT240,0.7464,4,0.7464,0.0,0.7464,False,
MAT160,MAT259,0.7059,12,0.7464,0.0,0.7464,False,
MAT160,MAT260,0.7464,5,0.7464,0.0,0.7464,False,
MAT160,MAT279,0.7059,13,0.7464,0.0,0.7464,False,
MAT160,MAT280,0.7464,6,0.7464,0.0,0.7464,False,
MAT160,MAT299,0.7059,14,0.7464,0.0,0.7464,False,
MAT160,MAT300,0.7464,7,0.7464,0.0,0.7464,False,
MAT161,MAT162,0.7159,14,0.7976,0.0,0.7976,False,
MAT161,MAT163,0.7339,7,0.7976,0.0,0.7976,False,
MAT161,MAT164,0.6961,21,0.7976,0.0,0.7976,False,
MAT161,MAT166,0.4851,28,0.7976,0.0,0.7976,False,
MAT161,MAT181,0.7976,1,0.7976,0.0,0.7976,False,
MAT161,MAT182,0.7159,15,0.7976,0.0,0.7976,False,
MAT161,MAT183,0.7339,8,0.7976,0.0,0.7976,False,
MAT161,MAT184,0.6961,22,0.7976,0.0,0.7976,False,
MAT161,MAT186,0.4851,29,0.7976,0.0,0.7976,False,
MAT161,MAT201,0.7976,2,0.7976,0.0,0.7976,False,
MAT161,MAT202,0.7159,16,0.7976,0.0,0.7976,False,
MAT161,MAT203,0.7339,9,0.7976,0.0,0.7976,False,
MAT161,MAT204,0.6961,23,0.7976,0.0,0.7976,False,
MAT161,MAT206,0.4851,30,0.7976,0.0,0.7976,False,
MAT161,MAT221,0.7976,3,0.7976,0.0,0.7976,False,
MAT161,MAT222,0.7159,17,0.7976,0.0,0.7976,False,
MAT161,MAT223,0.7339,10,0.7976,0.0,0.7976,False,
MAT161,MAT224,0.6961,24,0.7976,0.0,0.7976,False,
MAT161,MAT226,0.4851,31,0.7976,0.0,0.7976,False,
MAT161,MAT241,0.7976,4,0.7976,0.0,0.7976,False,
MAT161,MAT242,0.7159,18,0.7976,0.0,0.7976,False,
MAT161,MAT243,0.7339,11,0.7976,0.0,0.7976,False,
MAT161,MAT244,0.6961,25,0.7976,0.0,0.7976,False,
MAT161,MAT246,0.4851,32,0.7976,0.0,0.7976,False,
MAT161,MAT261,0.7976,5,0.7976,0.0,0.7976,False,
MAT161,MAT262,0.7159,19,0.7976,0.0,0.7976,False,
MAT161,MAT263,0.7339,12,0.7976,0.0,0.7976,False,
MAT161,MAT264,0.6961,26,0.7976,0.0,0.7976,False,
MAT161,MAT266,0.4851,33,0.7976,0.0,0.7976,False,
MAT161,MAT281,0.7976,6,0.7976,0.0,0.7976,False,
MAT161,MAT282,0.7159,20,0.7976,0.0,0.7976,False,
MAT161,MAT283,0.7339,13,0.7976,0.0,0.7976,False,
MAT161,MAT284,0.6961,27,0.7976,0.0,0.7976,False,
MAT161,MAT286,0.4851,34,0.7976,0.0,0.7976,False,
MAT162,MAT163,0.6282,20,0.9232,0.0,0.9232,False,
MAT162,MAT164,0.8089,7,0.9232,0.0,0.9232,False,
MAT162,MAT166,0.5088,27,0.9232,0.0,0.9232,False,
MAT162,MAT181,0.7159,14,0.9232,0.0,0.9232,False,
MAT162,MAT182,0.9232,1,0.9232,0.0,0.9232,False,
MAT162,MAT183,0.6282,21,0.9232,0.0,0.9232,False,
MAT162,MAT184,0.8089,8,0.9232,0.0,0.9232,False,
MAT162,MAT186,0.5088,28,0.9232,0.0,0.9232,False,
MAT162,MAT201,0.7159,15,0.9232,0.0,0.9232,False,
MAT162,MAT202,0.9232,2,0.9232,0.0,0.9232,False,
MAT162,MAT203,0.6282,22,0.9232,0.0,0.9232,False,
MAT162,MAT204,0.8089,9,0.9232,0.0,0.9232,False,
MAT162,MAT206,0.5088,29,0.9232,0.0,0.9232,False,
MAT162,MAT221,0.7159,16,0.9232,0.0,0.9232,False,
MAT162,MAT222,0.9232,3,0.9232,0.0,0.9232,False,
MAT162,MAT223,0.6282,23,0.9232,0.0,0.9232,False,
MAT162,MAT224,0.8089,10,0.9232,0.0,0.9232,False,
MAT162,MAT226,0.5088,30,0.9232,0.0,0.9232,False,
MAT162,MAT241,0.7159,17,0.9232,0.0,0.9232,False,
MAT162,MAT242,0.9232,4,0.9232,0.0,0.9232,False,
MAT162,MAT243,0.6282,24,0.9232,0.0,0.9232,False,
MAT162,MAT244,0.8089,11,0.9232,0.0,0.9232,False,
MAT162,MAT246,0.5088,31,0.9232,0.0,0.9232,False,
MAT162,MAT261,0.7159,18,0.9232,0.0,0.9232,False,
MAT162,MAT262,0.9232,5,0.9232,0.0,0.9232,False,
MAT162,MAT263,0.6282,25,0.9232,0.0,0.9232,False,
MAT162,MAT264,0.8089,12,0.9232,0.0,0.9232,False,
MAT162,MAT266,0.5088,32,0.9232,0.0,0.9232,False,
MAT162,MAT281,0.7159,19,0.9232,0.0,0.9232,False,
MAT162,MAT282,0.9232,6,0.9232,0.0,0.9232,False,
MAT162,MAT283,0.6282,26,0.9232,0.0,0.9232,False,
MAT162,MAT284,0.8089,13,0.9232,0.0,0.9232,False,
MAT162,MAT286,0.5088,33,0.9232,0.0,0.9232,False,
MAT163,MAT164,0.7511,7,0.772,0.0,0.772,False,
MAT163,MAT166,0.4978,26,0.772,0.0,0.772,False,
MAT163,MAT181,0.7339,14,0.772,0.0,0.772,False,
MAT163,MAT182,0.6282,20,0.772,0.0,0.772,False,
MAT163,MAT183,0.772,1,0.772,0.0,0.772,False,
MAT163,MAT184,0.7511,8,0.772,0.0,0.772,False,
MAT163,MAT186,0.4978,27,0.772,0.0,0.772,False,
MAT163,MAT201,0.7339,15,0.772,0.0,0.772,False,
MAT163,MAT202,0.6282,21,0.772,0.0,0.772,False,
MAT163,MAT203,0.772,2,0.772,0.0,0.772,False,
MAT163,MAT204,0.7511,9,0.772,0.0,0.772,False,
MAT163,MAT206,0.4978,28,0.772,0.0,0.772,False,
MAT163,MAT221,0.7339,16,0.772,0.0,0.772,False,
MAT163,MAT222,0.6282,22,0.772,0.0,0.772,False,
MAT163,MAT223,0.772,3,0.772,0.0,0.772,False,
MAT163,MAT224,0.7511,10,0.772,0.0,0.772,False,
MAT163,MAT226,0.4978,29,0.772,0.0,0.772,False,
MAT163,MAT241,0.7339,17,0.772,0.0,0.772,False,
MAT163,MAT242,0.6282,23,0.772,0.0,0.772,False,
MAT163,MAT243,0.772,4,0.772,0.0,0.772,False,
MAT163,MAT244,0.7511,11,0.772,0.0,0.772,False,
MAT163,MAT246,0.4978,30,0.772,0.0,0.772,False,
MAT163,MAT261,0.7339,18,0.772,0.0,0.772,False,
MAT163,MAT262,0.6282,24,0.772,0.0,0.772,False,
MAT163,MAT263,0.772,5,0.772,0.0,0.772,False,
MAT163,MAT264,0.7511,12,0.772,0.0,0.772,False,
MAT163,MAT266,0.4978,31,0.772,0.0,0.772,False,
MAT163,MAT281,0.7339,19,0.772,0.0,0.772,False,
MAT163,MAT282,0.6282,25,0.772,0.0,0.772,False,
MAT163,MAT283,0.772,6,0.772,0.0,0.772,False,
MAT163,MAT284,0.7511,13,0.772,0.0,0.772,False,
MAT163,MAT286,0.4978,32,0.772,0.0,0.772,False,
MAT164,MAT165,0.4181,32,0.8976,0.0,0.8976,False,
MAT164,MAT166,0.5166,25,0.8976,0.0,0.8976,False,
MAT164,MAT181,0.6961,19,0.8976,0.0,0.8976,False,
MAT164,MAT182,0.8089,7,0.8976,0.0,0.8976,False,
MAT164,MAT183,0.7511,13,0.8976,0.0,0.8976,False,
MAT164,MAT184,0.8976,1,0.8976,0.0,0.8976,False,
MAT164,MAT185,0.4181,33,0.8976,0.0,0.8976,False,
MAT164,MAT186,0.5166,26,0.8976,0.0,0.8976,False,
MAT164,MAT201,0.6961,20,0.8976,0.0,0.8976,False,
MAT164,MAT202,0.8089,8,0.8976,0.0,0.8976,False,
MAT164,MAT203,0.7511,14,0.8976,0.0,0.8976,False,
MAT164,MAT204,0.8976,2,0.8976,0.0,0.8976,False,
MAT164,MAT205,0.4181,34,0.8976,0.0,0.8976,False,
MAT164,MAT206,0.5166,27,0.8976,0.0,0.8976,False,
MAT164,MAT221,0.6961,21,0.8976,0.0,0.8976,False,
MAT164,MAT222,0.8089,9,0.8976,0.0,0.8976,False,
MAT164,MAT223,0.7511,15,0.8976,0.0,0.8976,False,
MAT164,MAT224,0.8976,3,0.8976,0.0,0.8976,False,
MAT164,MAT225,0.4181,35,0.8976,0.0,0.8976,False,
MAT164,MAT226,0.5166,28,0.8976,0.0,0.8976,False,
MAT164,MAT241,0.6961,22,0.8976,0.0,0.8976,False,
MAT164,MAT242,0.8089,10,0.8976,0.0,0.8976,False,
MAT164,MAT243,0.7511,16,0.8976,0.0,0.8976,False,
MAT164,MAT244,0.8976,4,0.8976,0.0,0.8976,False,
MAT164,MAT245,0.4181,36,0.8976,0.0,0.8976,False,
MAT164,MAT246,0.5166,29,0.8976,0.0,0.8976,False,
MAT164,MAT261,0.6961,23,0.8976,0.0,0.8976,False,
MAT164,MAT262,0.8089,11,0.8976,0.0,0.8976,False,
MAT164,MAT263,0.7511,17,0.8976,0.0,0.8976,False,
MAT164,MAT264,0.8976,5,0.8976,0.0,0.8976,False,
MAT164,MAT265,0.4181,37,0.8976,0.0,0.8976,False,
MAT164,MAT266,0.5166,30,0.8976,0.0,0.8976,False,
MAT164,MAT281,0.6961,24,0.8976,0.0,0.8976,False,
MAT164,MAT282,0.8089,12,0.8976,0.0,0.8976,False,
MAT164,MAT283,0.7511,18,0.8976,0.0,0.8976,False,
MAT164,MAT284,0.8976,6,0.8976,0.0,0.8976,False,
MAT164,MAT285,0.4181,38,0.8976,0.0,0.8976,False,
MAT164,MAT286,0.5166,31,0.8976,0.0,0.8976,False,
MAT165,MAT166,0.6342,7,0.7131,0.0,0.7131,False,
MAT165,MAT184,0.4181,14,0.7131,0.0,0.7131,False,
MAT165,MAT185,0.7131,1,0.7131,0.0,0.7131,False,
MAT165,MAT186,0.6342,8,0.7131,0.0,0.7131,False,
MAT165,MAT204,0.4181,15,0.7131,0.0,0.7131,False,
MAT165,MAT205,0.7131,2,0.7131,0.0,0.7131,False,
MAT165,MAT206,0.6342,9,0.7131,0.0,0.7131,False,
MAT165,MAT224,0.4181,16,0.7131,0.0,0.7131,False,
MAT165,MAT225,0.7131,3,0.7131,0.0,0.7131,False,
MAT165,MAT226,0.6342,10,0.7131,0.0,0.7131,False,
MAT165,MAT244,0.4181,17,0.7131,0.0,0.7131,False,
MAT165,MAT245,0.7131,4,0.7131,0.0,0.7131,False,
MAT165,MAT246,0.6342,11,0.7131,0.0,0.7131,False,
MAT165,MAT264,0.4181,18,0.7131,0.0,0.7131,False,
MAT165,MAT265,0.7131,5,0.7131,0.0,0.7131,False,
MAT165,MAT266,0.6342,12,0.7131,0.0,0.7131,False,
MAT165,MAT284,0.4181,19,0.7131,0.0,0.7131,False,
MAT165,MAT285,0.7131,6,0.7131,0.0,0.7131,False,
MAT165,MAT286,0.6342,13,0.7131,0.0,0.7131,False,
MAT166,MAT181,0.4851,31,0.772,0.0,0.772,False,
MAT166,MAT182,0.5088,19,0.772,0.0,0.772,False,
MAT166,MAT183,0.4978,25,0.772,0.0,0.772,False,
MAT166,MAT184,0.5166,13,0.772,0.0,0.772,False,
MAT166,MAT185,0.6342,7,0.772,0.0,0.772,False,
MAT166,MAT186,0.772,1,0.772,0.0,0.772,False,
MAT166,MAT201,0.4851,32,0.772,0.0,0.772,False,
MAT166,MAT202,0.5088,20,0.772,0.0,0.772,False,
MAT166,MAT203,0.4978,26,0.772,0.0,0.772,False,
MAT166,MAT204,0.5166,14,0.772,0.0,0.772,False,
MAT166,MAT205,0.6342,8,0.772,0.0,0.772,False,
MAT166,MAT206,0.772,2,0.772,0.0,0.772,False,
MAT166,MAT221,0.4851,33,0.772,0.0,0.772,False,
MAT166,MAT222,0.5088,21,0.772,0.0,0.772,False,
MAT166,MAT223,0.4978,27,0.772,0.0,0.772,False,
MAT166,MAT224,0.5166,15,0.772,0.0,0.772,False,
MAT166,MAT225,0.6342,9,0.772,0.0,0.772,False,
MAT166,MAT226,0.772,3,0.772,0.0,0.772,False,
MAT166,MAT241,0.4851,34,0.772,0.0,0.772,False,
MAT166,MAT242,0.5088,22,0.772,0.0,0.772,False,
MAT166,MAT243,0.4978,28,0.772,0.0,0.772,False,
MAT166,MAT244,0.5166,16,0.772,0.0,0.772,False,
MAT166,MAT245,0.6342,10,0.772,0.0,0.772,False,
MAT166,MAT246,0.772,4,0.772,0.0,0.772,False,
MAT166,MAT261,0.4851,35,0.772,0.0,0.772,False,
MAT166,MAT262,0.5088,23,0.772,0.0,0.772,False,
MAT166,MAT263,0.4978,29,0.772,0.0,0.772,False,
MAT166,MAT264,0.5166,17,0.772,0.0,0.772,False,
MAT166,MAT265,0.6342,11,0.772,0.0,0.772,False,
MAT166,MAT266,0.772,5,0.772,0.0,0.772,False,
MAT166,MAT281,0.4851,36,0.772,0.0,0.772,False,
MAT166,MAT282,0.5088,24,0.772,0.0,0.772,False,
MAT166,MAT283,0.4978,30,0.772,0.0,0.772,False,
MAT166,MAT284,0.5166,18,0.772,0.0,0.772,False,
MAT166,MAT285,0.6342,12,0.772,0.0,0.772,False,
MAT166,MAT286,0.772,6,0.772,0.0,0.772,False,
MAT167,MAT168,0.8131,1,0.8131,0.0,0.8131,False,
MAT167,MAT169,0.2442,21,0.8131,0.0,0.8131,False,
MAT167,MAT170,0.4921,14,0.8131,0.0,0.8131,False,
MAT167,MAT187,0.8131,2,0.8131,0.0,0.8131,False,
MAT167,MAT188,0.8131,3,0.8131,0.0,0.8131,False,
MAT167,MAT189,0.2442,22,0.8131,0.0,0.8131,False,
MAT167,MAT190,0.4921,15,0.8131,0.0,0.8131,False,
MAT167,MAT207,0.8131,4,0.8131,0.0,0.8131,False,
MAT167,MAT208,0.8131,5,0.8131,0.0,0.8131,False,
MAT167,MAT209,0.2442,23,0.8131,0.0,0.8131,False,
MAT167,MAT210,0.4921,16,0.8131,0.0,0.8131,False,
MAT167,MAT227,0.8131,6,0.8131,0.0,0.8131,False,
MAT167,MAT228,0.8131,7,0.8131,0.0,0.8131,False,
MAT167,MAT229,0.2442,24,0.8131,0.0,0.8131,False,
MAT167,MAT230,0.4921,17,0.8131,0.0,0.8131,False,
MAT167,MAT247,0.8131,8,0.8131,0.0,0.8131,False,
MAT167,MAT248,0.8131,9,0.8131,0.0,0.8131,False,
MAT167,MAT249,0.2442,25,0.8131,0.0,0.8131,False,
MAT167,MAT250,0.4921,18,0.8131,0.0,0.8131,False,
MAT167,MAT267,0.8131,10,0.8131,0.0,0.8131,False,
MAT167,MAT268,0.8131,11,0.8131,0.0,0.8131,False,
MAT167,MAT269,0.2442,26,0.8131,0.0,0.8131,False,
MAT167,MAT270,0.4921,19,0.8131,0.0,0.8131,False,
MAT167,MAT287,0.8131,12,0.8131,0.0,0.8131,False,
MAT167,MAT288,0.8131,13,0.8131,0.0,0.8131,False,
MAT167,MAT289,0.2442,27,0.8131,0.0,0.8131,False,
MAT167,MAT290,0.4921,20,0.8131,0.0,0.8131,False,
MAT168,MAT169,0.2206,20,0.8131,0.0,0.8131,False,
MAT168,MAT170,0.4685,13,0.8131,0.0,0.8131,False,
MAT168,MAT187,0.8131,1,0.8131,0.0,0.8131,False,
MAT168,MAT188,0.8131,2,0.8131,0.0,0.8131,False,
MAT168,MAT189,0.2206,21,0.8131,0.0,0.8131,False,
MAT168,MAT190,0.4685,14,0.8131,0.0,0.8131,False,
MAT168,MAT207,0.8131,3,0.8131,0.0,0.8131,False,
MAT168,MAT208,0.8131,4,0.8131,0.0,0.8131,False,
MAT168,MAT209,0.2206,22,0.8131,0.0,0.8131,False,
MAT168,MAT210,0.4685,15,0.8131,0.0,0.8131,False,
MAT168,MAT227,0.8131,5,0.8131,0.0,0.8131,False,
MAT168,MAT228,0.8131,6,0.8131,0.0,0.8131,False,
MAT168,MAT229,0.2206,23,0.8131,0.0,0.8131,False,
MAT168,MAT230,0.4685,16,0.8131,0.0,0.8131,False,
MAT168,MAT247,0.8131,7,0.8131,0.0,0.8131,False,
MAT168,MAT248,0.8131,8,0.8131,0.0,0.8131,False,
MAT168,MAT249,0.2206,24,0.8131,0.0,0.8131,False,
MAT168,MAT250,0.4685,17,0.8131,0.0,0.8131,False,
MAT168,MAT267,0.8131,9,0.8131,0.0,0.8131,False,
MAT168,MAT268,0.8131,10,0.8131,0.0,0.8131,False,
MAT168,MAT269,0.2206,25,0.8131,0.0,0.8131,False,
MAT168,MAT270,0.4685,18,0.8131,0.0,0.8131,False,
MAT168,MAT287,0.8131,11,0.8131,0.0,0.8131,False,
MAT168,MAT288,0.8131,12,0.8131,0.0,0.8131,False,
MAT168,MAT289,0.2206,26,0.8131,0.0,0.8131,False,
MAT168,MAT290,0.4685,19,0.8131,0.0,0.8131,False,
MAT169,MAT170,0.5989,7,0.8131,0.0,0.8131,False,
MAT169,MAT187,0.2442,14,0.8131,0.0,0.8131,False,
MAT169,MAT188,0.2206,20,0.8131,0.0,0.8131,False,
MAT169,MAT189,0.8131,1,0.8131,0.0,0.8131,False,
MAT169,MAT190,0.5989,8,0.8131,0.0,0.8131,False,
MAT169,MAT207,0.2442,15,0.8131,0.0,0.8131,False,
MAT169,MAT208,0.2206,21,0.8131,0.0,0.8131,False,
MAT169,MAT209,0.8131,2,0.8131,0.0,0.8131,False,
MAT169,MAT210,0.5989,9,0.8131,0.0,0.8131,False,
MAT169,MAT227,0.2442,16,0.8131,0.0,0.8131,False,
MAT169,MAT228,0.2206,22,0.8131,0.0,0.8131,False,
MAT169,MAT229,0.8131,3,0.8131,0.0,0.8131,False,
MAT169,MAT230,0.5989,10,0.8131,0.0,0.8131,False,
MAT169,MAT247,0.2442,17,0.8131,0.0,0.8131,False,
MAT169,MAT248,0.2206,23,0.8131,0.0,0.8131,False,
MAT169,MAT249,0.8131,4,0.8131,0.0,0.8131,False,
MAT169,MAT250,0.5989,11,0.8131,0.0,0.8131,False,
MAT169,MAT267,0.2442,18,0.8131,0.0,0.8131,False,
MAT169,MAT268,0.2206,24,0.8131,0.0,0.8131,False,
MAT169,MAT269,0.8131,5,0.8131,0.0,0.8131,False,
MAT169,MAT270,0.5989,12,0.8131,0.0,0.8131,False,
MAT169,MAT287,0.2442,19,0.8131,0.0,0.8131,False,
MAT169,MAT288,0.2206,25,0.8131,0.0,0.8131,False,
MAT169,MAT289,0.8131,6,0.8131,0.0,0.8131,False,
MAT169,MAT290,0.5989,13,0.8131,0.0,0.8131,False,
MAT170,MAT187,0.4921,13,0.6875,0.0,0.6875,False,
MAT170,MAT188,0.4685,19,0.6875,0.0,0.6875,False,
MAT170,MAT189,0.5989,7,0.6875,0.0,0.6875,False,
MAT170,MAT190,0.6875,1,0.6875,0.0,0.6875,False,
MAT170,MAT207,0.4921,14,0.6875,0.0,0.6875,False,
MAT170,MAT208,0.4685,20,0.6875,0.0,0.6875,False,
MAT170,MAT209,0.5989,8,0.6875,0.0,0.6875,False,
MAT170,MAT210,0.6875,2,0.6875,0.0,0.6875,False,
MAT170,MAT227,0.4921,15,0.6875,0.0,0.6875,False,
MAT170,MAT228,0.4685,21,0.6875,0.0,0.6875,False,
MAT170,MAT229,0.5989,9,0.6875,0.0,0.6875,False,
MAT170,MAT230,0.6875,3,0.6875,0.0,0.6875,False,
MAT170,MAT247,0.4921,16,0.6875,0.0,0.6875,False,
MAT170,MAT248,0.4685,22,0.6875,0.0,0.6875,False,
MAT170,MAT249,0.5989,10,0.6875,0.0,0.6875,False,
MAT170,MAT250,0.6875,4,0.6875,0.0,0.6875,False,
MAT170,MAT267,0.4921,17,0.6875,0.0,0.6875,False,
MAT170,MAT268,0.4685,23,0.6875,0.0,0.6875,False,
MAT170,MAT269,0.5989,11,0.6875,0.0,0.6875,False,
MAT170,MAT270,0.6875,5,0.6875,0.0,0.6875,False,
MAT170,MAT287,0.4921,18,0.6875,0.0,0.6875,False,
MAT170,MAT288,0.4685,24,0.6875,0.0,0.6875,False,
MAT170,MAT289,0.5989,12,0.6875,0.0,0.6875,False,
MAT170,MAT290,0.6875,6,0.6875,0.0,0.6875,False,
MAT171,MAT172,0.7008,7,0.8131,0.0,0.8131,False,
MAT171,MAT174,0.2852,14,0.8131,0.0,0.8131,False,
MAT171,MAT191,0.8131,1,0.8131,0.0,0.8131,False,
MAT171,MAT192,0.7008,8,0.8131,0.0,0.8131,False,
MAT171,MAT194,0.2852,15,0.8131,0.0,0.8131,False,
MAT171,MAT211,0.8131,2,0.8131,0.0,0.8131,False,
MAT171,MAT212,0.7008,9,0.8131,0.0,0.8131,False,
MAT171,MAT214,0.2852,16,0.8131,0.0,0.8131,False,
MAT171,MAT231,0.8131,3,0.8131,0.0,0.8131,False,
MAT171,MAT232,0.7008,10,0.8131,0.0,0.8131,False,
MAT171,MAT234,0.2852,17,0.8131,0.0,0.8131,False,
MAT171,MAT251,0.8131,4,0.8131,0.0,0.8131,False,
MAT171,MAT252,0.7008,11,0.8131,0.0,0.8131,False,
MAT171,MAT254,0.2852,18,0.8131,0.0,0.8131,False,
MAT171,MAT271,0.8131,5,0.8131,0.0,0.8131,False,
MAT171,MAT272,0.7008,12,0.8131,0.0,0.8131,False,
MAT171,MAT274,0.2852,19,0.8131,0.0,0.8131,False,
MAT171,MAT291,0.8131,6,0.8131,0.0,0.8131,False,
MAT171,MAT292,0.7008,13,0.8131,0.0,0.8131,False,
MAT171,MAT294,0.2852,20,0.8131,0.0,0.8131,False,
MAT172,MAT191,0.7008,7,0.8131,0.0,0.8131,False,
MAT172,MAT192,0.8131,1,0.8131,0.0,0.8131,False,
MAT172,MAT211,0.7008,8,0.8131,0.0,0.8131,False,
MAT172,MAT212,0.8131,2,0.8131,0.0,0.8131,False,
MAT172,MAT231,0.7008,9,0.8131,0.0,0.8131,False,
MAT172,MAT232,0.8131,3,0.8131,0.0,0.8131,False,
MAT172,MAT251,0.7008,10,0.8131,0.0,0.8131,False,
MAT172,MAT252,0.8131,4,0.8131,0.0,0.8131,False,
MAT172,MAT271,0.7008,11,0.8131,0.0,0.8131,False,
MAT172,MAT272,0.8131,5,0.8131,0.0,0.8131,False,
MAT172,MAT291,0.7008,12,0.8131,0.0,0.8131,False,
MAT172,MAT292,0.8131,6,0.8131,0.0,0.8131,False,
MAT173,MAT174,0.7695,7,0.8131,0.0,0.8131,False,
MAT173,MAT193,0.8131,1,0.8131,0.0,0.8131,False,
MAT173,MAT194,0.7695,8,0.8131,0.0,0.8131,False,
MAT173,MAT213,0.8131,2,0.8131,0.0,0.8131,False,
MAT173,MAT214,0.7695,9,0.8131,0.0,0.8131,False,
MAT173,MAT233,0.8131,3,0.8131,0.0,0.8131,False,
MAT173,MAT234,0.7695,10,0.8131,0.0,0.8131,False,
MAT173,MAT253,0.8131,4,0.8131,0.0,0.8131,False,
MAT173,MAT254,0.7695,11,0.8131,0.0,0.8131,False,
MAT173,MAT273,0.8131,5,0.8131,0.0,0.8131,False,
MAT173,MAT274,0.7695,12,0.8131,0.0,0.8131,False,
MAT173,MAT293,0.8131,6,0.8131,0.0,0.8131,False,
MAT173,MAT294,0.7695,13,0.8131,0.0,0.8131,False,
MAT174,MAT191,0.2852,13,0.8131,0.0,0.8131,False,
MAT174,MAT193,0.7695,7,0.8131,0.0,0.8131,False,
MAT174,MAT194,0.8131,1,0.8131,0.0,0.8131,False,
MAT174,MAT211,0.2852,14,0.8131,0.0,0.8131,False,
MAT174,MAT213,0.7695,8,0.8131,0.0,0.8131,False,
MAT174,MAT214,0.8131,2,0.8131,0.0,0.8131,False,
MAT174,MAT231,0.2852,15,0.8131,0.0,0.8131,False,
MAT174,MAT233,0.7695,9,0.8131,0.0,0.8131,False,
MAT174,MAT234,0.8131,3,0.8131,0.0,0.8131,False,
MAT174,MAT251,0.2852,16,0.8131,0.0,0.8131,False,
MAT174,MAT253,0.7695,10,0.8131,0.0,0.8131,False,
MAT174,MAT254,0.8131,4,0.8131,0.0,0.8131,False,
MAT174,MAT271,0.2852,17,0.8131,0.0,0.8131,False,
MAT174,MAT273,0.7695,11,0.8131,0.0,0.8131,False,
MAT174,MAT274,0.8131,5,0.8131,0.0,0.8131,False,
MAT174,MAT291,0.2852,18,0.8131,0.0,0.8131,False,
MAT174,MAT293,0.7695,12,0.8131,0.0,0.8131,False,
MAT174,MAT294,0.8131,6,0.8131,0.0,0.8131,False,
MAT175,MAT176,0.6339,7,0.9232,0.0,0.9232,False,
MAT175,MAT177,0.1616,21,0.9232,0.0,0.9232,False,
MAT175,MAT178,0.1718,14,0.9232,0.0,0.9232,False,
MAT175,MAT195,0.9232,1,0.9232,0.0,0.9232,False,
MAT175,MAT196,0.6339,8,0.9232,0.0,0.9232,False,
MAT175,MAT197,0.1616,22,0.9232,0.0,0.9232,False,
MAT175,MAT198,0.1718,15,0.9232,0.0,0.9232,False,
MAT175,MAT215,0.9232,2,0.9232,0.0,0.9232,False,
MAT175,MAT216,0.6339,9,0.9232,0.0,0.9232,False,
MAT175,MAT217,0.1616,23,0.9232,0.0,0.9232,False,
MAT175,MAT218,0.1718,16,0.9232,0.0,0.9232,False,
MAT175,MAT235,0.9232,3,0.9232,0.0,0.9232,False,
MAT175,MAT236,0.6339,10,0.9232,0.0,0.9232,False,
MAT175,MAT237,0.1616,24,0.9232,0.0,0.9232,False,
MAT175,MAT238,0.1718,17,0.9232,0.0,0.9232,False,
MAT175,MAT255,0.9232,4,0.9232,0.0,0.9232,False,
MAT175,MAT256,0.6339,11,0.9232,0.0,0.9232,False,
MAT175,MAT257,0.1616,25,0.9232,0.0,0.9232,False,
MAT175,MAT258,0.1718,18,0.9232,0.0,0.9232,False,
MAT175,MAT275,0.9232,5,0.9232,0.0,0.9232,False,
MAT175,MAT276,0.6339,12,0.9232,0.0,0.9232,False,
MAT175,MAT277,0.1616,26,0.9232,0.0,0.9232,False,
MAT175,MAT278,0.1718,19,0.9232,0.0,0.9232,False,
MAT175,MAT295,0.9232,6,0.9232,0.0,0.9232,False,
MAT175,MAT296,0.6339,13,0.9232,0.0,0.9232,False,
MAT175,MAT297,0.1616,27,0.9232,0.0,0.9232,False,
MAT175,MAT298,0.1718,20,0.9232,0.0,0.9232,False,
MAT176,MAT177,0.1597,20,0.9232,0.0,0.9232,False,
MAT176,MAT178,0.1687,13,0.9232,0.0,0.9232,False,
MAT176,MAT195,0.6339,7,0.9232,0.0,0.9232,False,
MAT176,MAT196,0.9232,1,0.9232,0.0,0.9232,False,
MAT176,MAT197,0.1597,21,0.9232,0.0,0.9232,False,
MAT176,MAT198,0.1687,14,0.9232,0.0,0.9232,False,
MAT176,MAT215,0.6339,8,0.9232,0.0,0.9232,False,
MAT176,MAT216,0.9232,2,0.9232,0.0,0.9232,False,
MAT176,MAT217,0.1597,22,0.9232,0.0,0.9232,False,
MAT176,MAT218,0.1687,15,0.9232,0.0,0.9232,False,
MAT176,MAT235,0.6339,9,0.9232,0.0,0.9232,False,
MAT176,MAT236,0.9232,3,0.9232,0.0,0.9232,False,
MAT176,MAT237,0.1597,23,0.9232,0.0,0.9232,False,
MAT176,MAT238,0.1687,16,0.9232,0.0,0.9232,False,
MAT176,MAT255,0.6339,10,0.9232,0.0,0.9232,False,
MAT176,MAT256,0.9232,4,0.9232,0.0,0.9232,False,
MAT176,MAT257,0.1597,24,0.9232,0.0,0.9232,False,
MAT176,MAT258,0.1687,17,0.9232,0.0,0.9232,False,
MAT176,MAT275,0.6339,11,0.9232,0.0,0.9232,False,
MAT176,MAT276,0.9232,5,0.9232,0.0,0.9232,False,
MAT176,MAT277,0.1597,25,0.9232,0.0,0.9232,False,
MAT176,MAT278,0.1687,18,0.9232,0.0,0.9232,False,
MAT176,MAT295,0.6339,12,0.9232,0.0,0.9232,False,
MAT176,MAT296,0.9232,6,0.9232,0.0,0.9232,False,
MAT176,MAT297,0.1597,26,0.9232,0.0,0.9232,False,
MAT176,MAT298,0.1687,19,0.9232,0.0,0.9232,False,
MAT177,MAT178,0.7218,7,0.7464,0.0,0.7464,False,
MAT177,MAT195,0.1616,14,0.7464,0.0,0.7464,False,
MAT177,MAT196,0.1597,20,0.7464,0.0,0.7464,False,
MAT177,MAT197,0.7464,1,0.7464,0.0,0.7464,False,
MAT177,MAT198,0.7218,8,0.7464,0.0,0.7464,False,
MAT177,MAT215,0.1616,15,0.7464,0.0,0.7464,False,
MAT177,MAT216,0.1597,21,0.7464,0.0,0.7464,False,
MAT177,MAT217,0.7464,2,0.7464,0.0,0.7464,False,
MAT177,MAT218,0.7218,9,0.7464,0.0,0.7464,False,
MAT177,MAT235,0.1616,16,0.7464,0.0,0.7464,False,
MAT177,MAT236,0.1597,22,0.7464,0.0,0.7464,False,
MAT177,MAT237,0.7464,3,0.7464,0.0,0.7464,False,
MAT177,MAT238,0.7218,10,0.7464,0.0,0.7464,False,
MAT177,MAT255,0.1616,17,0.7464,0.0,0.7464,False,
MAT177,MAT256,0.1597,23,0.7464,0.0,0.7464,False,
MAT177,MAT257,0.7464,4,0.7464,0.0,0.7464,False,
MAT177,MAT258,0.7218,11,0.7464,0.0,0.7464,False,
MAT177,MAT275,0.1616,18,0.7464,0.0,0.7464,False,
MAT177,MAT276,0.1597,24,0.7464,0.0,0.7464,False,
MAT177,MAT277,0.7464,5,0.7464,0.0,0.7464,False,
MAT177,MAT278,0.7218,12,0.7464,0.0,0.7464,False,
MAT177,MAT295,0.1616,19,0.7464,0.0,0.7464,False,
MAT177,MAT296,0.1597,25,0.7464,0.0,0.7464,False,
MAT177,MAT297,0.7464,6,0.7464,0.0,0.7464,False,
MAT177,MAT298,0.7218,13,0.7464,0.0,0.7464,False,
MAT178,MAT195,0.1718,13,0.7464,0.0,0.7464,False,
MAT178,MAT196,0.1687,19,0.7464,0.0,0.7464,False,
MAT178,MAT197,0.7218,7,0.7464,0.0,0.7464,False,
MAT178,MAT198,0.7464,1,0.7464,0.0,0.7464,False,
MAT178,MAT215,0.1718,14,0.7464,0.0,0.7464,False,
MAT178,MAT216,0.1687,20,0.7464,0.0,0.7464,False,
MAT178,MAT217,0.7218,8,0.7464,0.0,0.7464,False,
MAT178,MAT218,0.7464,2,0.7464,0.0,0.7464,False,
MAT178,MAT235,0.1718,15,0.7464,0.0,0.7464,False,
MAT178,MAT236,0.1687,21,0.7464,0.0,0.7464,False,
MAT178,MAT237,0.7218,9,0.7464,0.0,0.7464,False,
MAT178,MAT238,0.7464,3,0.7464,0.0,0.7464,False,
MAT178,MAT255,0.1718,16,0.7464,0.0,0.7464,False,
MAT178,MAT256,0.1687,22,0.7464,0.0,0.7464,False,
MAT178,MAT257,0.7218,10,0.7464,0.0,0.7464,False,
MAT178,MAT258,0.7464,4,0.7464,0.0,0.7464,False,
MAT178,MAT275,0.1718,17,0.7464,0.0,0.7464,False,
MAT178,MAT276,0.1687,23,0.7464,0.0,0.7464,False,
MAT178,MAT277,0.7218,11,0.7464,0.0,0.7464,False,
MAT178,MAT278,0.7464,5,0.7464,0.0,0.7464,False,
MAT178,MAT295,0.1718,18,0.7464,0.0,0.7464,False,
MAT178,MAT296,0.1687,24,0.7464,0.0,0.7464,False,
MAT178,MAT297,0.7218,12,0.7464,0.0,0.7464,False,
MAT178,MAT298,0.7464,6,0.7464,0.0,0.7464,False,
MAT179,MAT180,0.7059,7,0.7464,0.0,0.7464,False,
MAT179,MAT199,0.7464,1,0.7464,0.0,0.7464,False,
MAT179,MAT200,0.7059,8,0.7464,0.0,0.7464,False,
MAT179,MAT219,0.7464,2,0.7464,0.0,0.7464,False,
MAT179,MAT220,0.7059,9,0.7464,0.0,0.7464,False,
MAT179,MAT239,0.7464,3,0.7464,0.0,0.7464,False,
MAT179,MAT240,0.7059,10,0.7464,0.0,0.7464,False,
MAT179,MAT259,0.7464,4,0.7464,0.0,0.7464,False,
MAT179,MAT260,0.7059,11,0.7464,0.0,0.7464,False,
MAT179,MAT279,0.7464,5,0.7464,0.0,0.7464,False,
MAT179,MAT280,0.7059,12,0.7464,0.0,0.7464,False,
MAT179,MAT299,0.7464,6,0.7464,0.0,0.7464,False,
MAT179,MAT300,0.7059,13,0.7464,0.0,0.7464,False,
MAT180,MAT199,0.7059,7,0.7464,0.0,0.7464,False,
MAT180,MAT200,0.7464,1,0.7464,0.0,0.7464,False,
MAT180,MAT219,0.7059,8,0.7464,0.0,0.7464,False,
MAT180,MAT220,0.7464,2,0.7464,0.0,0.7464,False,
MAT180,MAT239,0.7059,9,0.7464,0.0,0.7464,False,
MAT180,MAT240,0.7464,3,0.7464,0.0,0.7464,False,
MAT180,MAT259,0.7059,10,0.7464,0.0,0.7464,False,
MAT180,MAT260,0.7464,4,0.7464,0.0,0.7464,False,
MAT180,MAT279,0.7059,11,0.7464,0.0,0.7464,False,
MAT180,MAT280,0.7464,5,0.7464,0.0,0.7464,False,
MAT180,MAT299,0.7059,12,0.7464,0.0,0.7464,False,
MAT180,MAT300,0.7464,6,0.7464,0.0,0.7464,False,
MAT181,MAT182,0.7159,12,0.7976,0.0,0.7976,False,
MAT181,MAT183,0.7339,6,0.7976,0.0,0.7976,False,
MAT181,MAT184,0.6961,18,0.7976,0.0,0.7976,False,
MAT181,MAT186,0.4851,24,0.7976,0.0,0.7976,False,
MAT181,MAT201,0.7976,1,0.7976,0.0,0.7976,False,
MAT181,MAT202,0.7159,13,0.7976,0.0,0.7976,False,
MAT181,MAT203,0.7339,7,0.7976,0.0,0.7976,False,
MAT181,MAT204,0.6961,19,0.7976,0.0,0.7976,False,
MAT181,MAT206,0.4851,25,0.7976,0.0,0.7976,False,
MAT181,MAT221,0.7976,2,0.7976,0.0,0.7976,False,
MAT181,MAT222,0.7159,14,0.7976,0.0,0.7976,False,
MAT181,MAT223,0.7339,8,0.7976,0.0,0.7976,False,
MAT181,MAT224,0.6961,20,0.7976,0.0,0.7976,False,
MAT181,MAT226,0.4851,26,0.7976,0.0,0.7976,False,
MAT181,MAT241,0.7976,3,0.7976,0.0,0.7976,False,
MAT181,MAT242,0.7159,15,0.7976,0.0,0.7976,False,
MAT181,MAT243,0.7339,9,0.7976,0.0,0.7976,False,
MAT181,MAT244,0.6961,21,0.7976,0.0,0.7976,False,
MAT181,MAT246,0.4851,27,0.7976,0.0,0.7976,False,
MAT181,MAT261,0.7976,4,0.7976,0.0,0.7976,False,
MAT181,MAT262,0.7159,16,0.7976,0.0,0.7976,False,
MAT181,MAT263,0.7339,10,0.7976,0.0,0.7976,False,
MAT181,MAT264,0.6961,22,0.7976,0.0,0.7976,False,
MAT181,MAT266,0.4851,28,0.7976,0.0,0.7976,False,
MAT181,MAT281,0.7976,5,0.7976,0.0,0.7976,False,
MAT181,MAT282,0.7159,17,0.7976,0.0,0.7976,False,
MAT181,MAT283,0.7339,11,0.7976,0.0,0.7976,False,
MAT181,MAT284,0.6961,23,0.7976,0.0,0.7976,False,
MAT181,MAT286,0.4851,29,0.7976,0.0,0.7976,False,
MAT182,MAT183,0.6282,17,0.9232,0.0,0.9232,False,
MAT182,MAT184,0.8089,6,0.9232,0.0,0.9232,False,
MAT182,MAT186,0.5088,23,0.9232,0.0,0.9232,False,
MAT182,MAT201,0.7159,12,0.9232,0.0,0.9232,False,
MAT182,MAT202,0.9232,1,0.9232,0.0,0.9232,False,
MAT182,MAT203,0.6282,18,0.9232,0.0,0.9232,False,
MAT182,MAT204,0.8089,7,0.9232,0.0,0.9232,False,
MAT182,MAT206,0.5088,24,0.9232,0.0,0.9232,False,
MAT182,MAT221,0.7159,13,0.9232,0.0,0.9232,False,
MAT182,MAT222,0.9232,2,0.9232,0.0,0.9232,False,
MAT182,MAT223,0.6282,19,0.9232,0.0,0.9232,False,
MAT182,MAT224,0.8089,8,0.9232,0.0,0.9232,False,
MAT182,MAT226,0.5088,25,0.9232,0.0,0.9232,False,
MAT182,MAT241,0.7159,14,0.9232,0.0,0.9232,False,
MAT182,MAT242,0.9232,3,0.9232,0.0,0.9232,False,
MAT182,MAT243,0.6282,20,0.9232,0.0,0.9232,False,
MAT182,MAT244,0.8089,9,0.9232,0.0,0.9232,False,
MAT182,MAT246,0.5088,26,0.9232,0.0,0.9232,False,
MAT182,MAT261,0.7159,15,0.9232,0.0,0.9232,False,
MAT182,MAT262,0.9232,4,0.9232,0.0,0.9232,False,
MAT182,MAT263,0.6282,21,0.9232,0.0,0.9232,False,
MAT182,MAT264,0.8089,10,0.9232,0.0,0.9232,False,
MAT182,MAT266,0.5088,27,0.9232,0.0,0.9232,False,
MAT182,MAT281,0.7159,16,0.9232,0.0,0.9232,False,
MAT182,MAT282,0.9232,5,0.9232,0.0,0.9232,False,
MAT182,MAT283,0.6282,22,0.9232,0.0,0.9232,False,
MAT182,MAT284,0.8089,11,0.9232,0.0,0.9232,False,
MAT182,MAT286,0.5088,28,0.9232,0.0,0.9232,False,
MAT183,MAT184,0.7511,6,0.772,0.0,0.772,False,
MAT183,MAT186,0.4978,22,0.772,0.0,0.772,False,
MAT183,MAT201,0.7339,12,0.772,0.0,0.772,False,
MAT183,MAT202,0.6282,17,0.772,0.0,0.772,False,
MAT183,MAT203,0.772,1,0.772,0.0,0.772,False,
MAT183,MAT204,0.7511,7,0.772,0.0,0.772,False,
MAT183,MAT206,0.4978,23,0.772,0.0,0.772,False,
MAT183,MAT221,0.7339,13,0.772,0.0,0.772,False,
MAT183,MAT222,0.6282,18,0.772,0.0,0.772,False,
MAT183,MAT223,0.772,2,0.772,0.0,0.772,False,
MAT183,MAT224,0.7511,8,0.772,0.0,0.772,False,
MAT183,MAT226,0.4978,24,0.772,0.0,0.772,False,
MAT183,MAT241,0.7339,14,0.772,0.0,0.772,False,
MAT183,MAT242,0.6282,19,0.772,0.0,0.772,False,
MAT183,MAT243,0.772,3,0.772,0.0,0.772,False,
MAT183,MAT244,0.7511,9,0.772,0.0,0.772,False,
MAT183,MAT246,0.4978,25,0.772,0.0,0.772,False,
MAT183,MAT261,0.7339,15,0.772,0.0,0.772,False,
MAT183,MAT262,0.6282,20,0.772,0.0,0.772,False,
MAT183,MAT263,0.772,4,0.772,0.0,0.772,False,
MAT183,MAT264,0.7511,10,0.772,0.0,0.772,False,
MAT183,MAT266,0.4978,26,0.772,0.0,0.772,False,
MAT183,MAT281,0.7339,16,0.772,0.0,0.772,False,
MAT183,MAT282,0.6282,21,0.772,0.0,0.772,False,
MAT183,MAT283,0.772,5,0.772,0.0,0.772,False,
MAT183,MAT284,0.7511,11,0.772,0.0,0.772,False,
MAT183,MAT286,0.4978,27,0.772,0.0,0.772,False,
MAT184,MAT185,0.4181,27,0.8976,0.0,0.8976,False,
MAT184,MAT186,0.5166,21,0.8976,0.0,0.8976,False,
MAT184,MAT201,0.6961,16,0.8976,0.0,0.8976,False,
MAT184,MAT202,0.8089,6,0.8976,0.0,0.8976,False,
MAT184,MAT203,0.7511,11,0.8976,0.0,0.8976,False,
MAT184,MAT204,0.8976,1,0.8976,0.0,0.8976,False,
MAT184,MAT205,0.4181,28,0.8976,0.0,0.8976,False,
MAT184,MAT206,0.5166,22,0.8976,0.0,0.8976,False,
MAT184,MAT221,0.6961,17,0.8976,0.0,0.8976,False,
MAT184,MAT222,0.8089,7,0.8976,0.0,0.8976,False,
MAT184,MAT223,0.7511,12,0.8976,0.0,0.8976,False,
MAT184,MAT224,0.8976,2,0.8976,0.0,0.8976,False,
MAT184,MAT225,0.4181,29,0.8976,0.0,0.8976,False,
MAT184,MAT226,0.5166,23,0.8976,0.0,0.8976,False,
MAT184,MAT241,0.6961,18,0.8976,0.0,0.8976,False,
MAT184,MAT242,0.8089,8,0.8976,0.0,0.8976,False,
MAT184,MAT243,0.7511,13,0.8976,0.0,0.8976,False,
MAT184,MAT244,0.8976,3,0.8976,0.0,0.8976,False,
MAT184,MAT245,0.4181,30,0.8976,0.0,0.8976,False,
MAT184,MAT246,0.5166,24,0.8976,0.0,0.8976,False,
MAT184,MAT261,0.6961,19,0.8976,0.0,0.8976,False,
MAT184,MAT262,0.8089,9,0.8976,0.0,0.8976,False,
MAT184,MAT263,0.7511,14,0.8976,0.0,0.8976,False,
MAT184,MAT264,0.8976,4,0.8976,0.0,0.8976,False,
MAT184,MAT265,0.4181,31,0.8976,0.0,0.8976,False,
MAT184,MAT266,0.5166,25,0.8976,0.0,0.8976,False,
MAT184,MAT281,0.6961,20,0.8976,0.0,0.8976,False,
MAT184,MAT282,0.8089,10,0.8976,0.0,0.8976,False,
MAT184,MAT283,0.7511,15,0.8976,0.0,0.8976,False,
MAT184,MAT284,0.8976,5,0.8976,0.0,0.8976,False,
MAT184,MAT285,0.4181,32,0.8976,0.0,0.8976,False,
MAT184,MAT286,0.5166,26,0.8976,0.0,0.8976,False,
MAT185,MAT186,0.6342,6,0.7131,0.0,0.7131,False,
MAT185,MAT204,0.4181,12,0.7131,0.0,0.7131,False,
MAT185,MAT205,0.7131,1,0.7131,0.0,0.7131,False,
MAT185,MAT206,0.6342,7,0.7131,0.0,0.7131,False,
MAT185,MAT224,0.4181,13,0.7131,0.0,0.7131,False,
MAT185,MAT225,0.7131,2,0.7131,0.0,0.7131,False,
MAT185,MAT226,0.6342,8,0.7131,0.0,0.7131,False,
MAT185,MAT244,0.4181,14,0.7131,0.0,0.7131,False,
MAT185,MAT245,0.7131,3,0.7131,0.0,0.7131,False,
MAT185,MAT246,0.6342,9,0.7131,0.0,0.7131,False,
MAT185,MAT264,0.4181,15,0.7131,0.0,0.7131,False,
MAT185,MAT265,0.7131,4,0.7131,0.0,0.7131,False,
MAT185,MAT266,0.6342,10,0.7131,0.0,0.7131,False,
MAT185,MAT284,0.4181,16,0.7131,0.0,0.7131,False,
MAT185,MAT285,0.7131,5,0.7131,0.0,0.7131,False,
MAT185,MAT286,0.6342,11,0.7131,0.0,0.7131,False,
MAT186,MAT201,0.4851,26,0.772,0.0,0.772,False,
MAT186,MAT202,0.5088,16,0.772,0.0,0.772,False,
MAT186,MAT203,0.4978,21,0.772,0.0,0.772,False,
MAT186,MAT204,0.5166,11,0.772,0.0,0.772,False,
MAT186,MAT205,0.6342,6,0.772,0.0,0.772,False,
MAT186,MAT206,0.772,1,0.772,0.0,0.772,False,
MAT186,MAT221,0.4851,27,0.772,0.0,0.772,False,
MAT186,MAT222,0.5088,17,0.772,0.0,0.772,False,
MAT186,MAT223,0.4978,22,0.772,0.0,0.772,False,
MAT186,MAT224,0.5166,12,0.772,0.0,0.772,False,
MAT186,MAT225,0.6342,7,0.772,0.0,0.772,False,
MAT186,MAT226,0.772,2,0.772,0.0,0.772,False,
MAT186,MAT241,0.4851,28,0.772,0.0,0.772,False,
MAT186,MAT242,0.5088,18,0.772,0.0,0.772,False,
MAT186,MAT243,0.4978,23,0.772,0.0,0.772,False,
MAT186,MAT244,0.5166,13,0.772,0.0,0.772,False,
MAT186,MAT245,0.6342,8,0.772,0.0,0.772,False,
MAT186,MAT246,0.772,3,0.772,0.0,0.772,False,
MAT186,MAT261,0.4851,29,0.772,0.0,0.772,False,
MAT186,MAT262,0.5088,19,0.772,0.0,0.772,False,
MAT186,MAT263,0.4978,24,0.772,0.0,0.772,False,
MAT186,MAT264,0.5166,14,0.772,0.0,0.772,False,
MAT186,MAT265,0.6342,9,0.772,0.0,0.772,False,
MAT186,MAT266,0.772,4,0.772,0.0,0.772,False,
MAT186,MAT281,0.4851,30,0.772,0.0,0.772,False,
MAT186,MAT282,0.5088,20,0.772,0.0,0.772,False,
MAT186,MAT283,0.4978,25,0.772,0.0,0.772,False,
MAT186,MAT284,0.5166,15,0.772,0.0,0.772,False,
MAT186,MAT285,0.6342,10,0.772,0.0,0.772,False,
MAT186,MAT286,0.772,5,0.772,0.0,0.772,False,
MAT187,MAT188,0.8131,1,0.8131,0.0,0.8131,False,
MAT187,MAT189,0.2442,18,0.8131,0.0,0.8131,False,
MAT187,MAT190,0.4921,12,0.8131,0.0,0.8131,False,
MAT187,MAT207,0.8131,2,0.8131,0.0,0.8131,False,
MAT187,MAT208,0.8131,3,0.8131,0.0,0.8131,False,
MAT187,MAT209,0.2442,19,0.8131,0.0,0.8131,False,
MAT187,MAT210,0.4921,13,0.8131,0.0,0.8131,False,
MAT187,MAT227,0.8131,4,0.8131,0.0,0.8131,False,
MAT187,MAT228,0.8131,5,0.8131,0.0,0.8131,False,
MAT187,MAT229,0.2442,20,0.8131,0.0,0.8131,False,
MAT187,MAT230,0.4921,14,0.8131,0.0,0.8131,False,
MAT187,MAT247,0.8131,6,0.8131,0.0,0.8131,False,
MAT187,MAT248,0.8131,7,0.8131,0.0,0.8131,False,
MAT187,MAT249,0.2442,21,0.8131,0.0,0.8131,False,
MAT187,MAT250,0.4921,15,0.8131,0.0,0.8131,False,
MAT187,MAT267,0.8131,8,0.8131,0.0,0.8131,False,
MAT187,MAT268,0.8131,9,0.8131,0.0,0.8131,False,
MAT187,MAT269,0.2442,22,0.8131,0.0,0.8131,False,
MAT187,MAT270,0.4921,16,0.8131,0.0,0.8131,False,
MAT187,MAT287,0.8131,10,0.8131,0.0,0.8131,False,
MAT187,MAT288,0.8131,11,0.8131,0.0,0.8131,False,
MAT187,MAT289,0.2442,23,0.8131,0.0,0.8131,False,
MAT187,MAT290,0.4921,17,0.8131,0.0,0.8131,False,
MAT188,MAT189,0.2206,17,0.8131,0.0,0.8131,False,
MAT188,MAT190,0.4685,11,0.8131,0.0,0.8131,False,
MAT188,MAT207,0.8131,1,0.8131,0.0,0.8131,False,
MAT188,MAT208,0.8131,2,0.8131,0.0,0.8131,False,
MAT188,MAT209,0.2206,18,0.8131,0.0,0.8131,False,
MAT188,MAT210,0.4685,12,0.8131,0.0,0.8131,False,
MAT188,MAT227,0.8131,3,0.8131,0.0,0.8131,False,
MAT188,MAT228,0.8131,4,0.8131,0.0,0.8131,False,
MAT188,MAT229,0.2206,19,0.8131,0.0,0.8131,False,
MAT188,MAT230,0.4685,13,0.8131,0.0,0.8131,False,
MAT188,MAT247,0.8131,5,0.8131,0.0,0.8131,False,
MAT188,MAT248,0.8131,6,0.8131,0.0,0.8131,False,
MAT188,MAT249,0.2206,20,0.8131,0.0,0.8131,False,
MAT188,MAT250,0.4685,14,0.8131,0.0,0.8131,False,
MAT188,MAT267,0.8131,7,0.8131,0.0,0.8131,False,
MAT188,MAT268,0.8131,8,0.8131,0.0,0.8131,False,
MAT188,MAT269,0.2206,21,0.8131,0.0,0.8131,False,
MAT188,MAT270,0.4685,15,0.8131,0.0,0.8131,False,
MAT188,MAT287,0.8131,9,0.8131,0.0,0.8131,False,
MAT188,MAT288,0.8131,10,0.8131,0.0,0.8131,False,
MAT188,MAT289,0.2206,22,0.8131,0.0,0.8131,False,
MAT188,MAT290,0.4685,16,0.8131,0.0,0.8131,False,
MAT189,MAT190,0.5989,6,0.8131,0.0,0.8131,False,
MAT189,MAT207,0.2442,12,0.8131,0.0,0.8131,False,
MAT189,MAT208,0.2206,17,0.8131,0.0,0.8131,False,
MAT189,MAT209,0.8131,1,0.8131,0.0,0.8131,False,
MAT189,MAT210,0.5989,7,0.8131,0.0,0.8131,False,
MAT189,MAT227,0.2442,13,0.8131,0.0,0.8131,False,
MAT189,MAT228,0.2206,18,0.8131,0.0,0.8131,False,
MAT189,MAT229,0.8131,2,0.8131,0.0,0.8131,False,
MAT189,MAT230,0.5989,8,0.8131,0.0,0.8131,False,
MAT189,MAT247,0.2442,14,0.8131,0.0,0.8131,False,
MAT189,MAT248,0.2206,19,0.8131,0.0,0.8131,False,
MAT189,MAT249,0.8131,3,0.8131,0.0,0.8131,False,
MAT189,MAT250,0.5989,9,0.8131,0.0,0.8131,False,
MAT189,MAT267,0.2442,15,0.8131,0.0,0.8131,False,
MAT189,MAT268,0.2206,20,0.8131,0.0,0.8131,False,
MAT189,MAT269,0.8131,4,0.8131,0.0,0.8131,False,
MAT189,MAT270,0.5989,10,0.8131,0.0,0.8131,False,
MAT189,MAT287,0.2442,16,0.8131,0.0,0.8131,False,
MAT189,MAT288,0.2206,21,0.8131,0.0,0.8131,False,
MAT189,MAT289,0.8131,5,0.8131,0.0,0.8131,False,
MAT189,MAT290,0.5989,11,0.8131,0.0,0.8131,False,
MAT190,MAT207,0.4921,11,0.6875,0.0,0.6875,False,
MAT190,MAT208,0.4685,16,0.6875,0.0,0.6875,False,
MAT190,MAT209,0.5989,6,0.6875,0.0,0.6875,False,
MAT190,MAT210,0.6875,1,0.6875,0.0,0.6875,False,
MAT190,MAT227,0.4921,12,0.6875,0.0,0.6875,False,
MAT190,MAT228,0.4685,17,0.6875,0.0,0.6875,False,
MAT190,MAT229,0.5989,7,0.6875,0.0,0.6875,False,
MAT190,MAT230,0.6875,2,0.6875,0.0,0.6875,False,
MAT190,MAT247,0.4921,13,0.6875,0.0,0.6875,False,
MAT190,MAT248,0.4685,18,0.6875,0.0,0.6875,False,
MAT190,MAT249,0.5989,8,0.6875,0.0,0.6875,False,
MAT190,MAT250,0.6875,3,0.6875,0.0,0.6875,False,
MAT190,MAT267,0.4921,14,0.6875,0.0,0.6875,False,
MAT190,MAT268,0.4685,19,0.6875,0.0,0.6875,False,
MAT190,MAT269,0.5989,9,0.6875,0.0,0.6875,False,
MAT190,MAT270,0.6875,4,0.6875,0.0,0.6875,False,
MAT190,MAT287,0.4921,15,0.6875,0.0,0.6875,False,
MAT190,MAT288,0.4685,20,0.6875,0.0,0.6875,False,
MAT190,MAT289,0.5989,10,0.6875,0.0,0.6875,False,
MAT190,MAT290,0.6875,5,0.6875,0.0,0.6875,False,
MAT191,MAT192,0.7008,6,0.8131,0.0,0.8131,False,
MAT191,MAT194,0.2852,12,0.8131,0.0,0.8131,False,
MAT191,MAT211,0.8131,1,0.8131,0.0,0.8131,False,
MAT191,MAT212,0.7008,7,0.8131,0.0,0.8131,False,
MAT191,MAT214,0.2852,13,0.8131,0.0,0.8131,False,
MAT191,MAT231,0.8131,2,0.8131,0.0,0.8131,False,
MAT191,MAT232,0.7008,8,0.8131,0.0,0.8131,False,
MAT191,MAT234,0.2852,14,0.8131,0.0,0.8131,False,
MAT191,MAT251,0.8131,3,0.8131,0.0,0.8131,False,
MAT191,MAT252,0.7008,9,0.8131,0.0,0.8131,False,
MAT191,MAT254,0.2852,15,0.8131,0.0,0.8131,False,
MAT191,MAT271,0.8131,4,0.8131,0.0,0.8131,False,
MAT191,MAT272,0.7008,10,0.8131,0.0,0.8131,False,
MAT191,MAT274,0.2852,16,0.8131,0.0,0.8131,False,
MAT191,MAT291,0.8131,5,0.8131,0.0,0.8131,False,
MAT191,MAT292,0.7008,11,0.8131,0.0,0.8131,False,
MAT191,MAT294,0.2852,17,0.8131,0.0,0.8131,False,
MAT192,MAT211,0.7008,6,0.8131,0.0,0.8131,False,
MAT192,MAT212,0.8131,1,0.8131,0.0,0.8131,False,
MAT192,MAT231,0.7008,7,0.8131,0.0,0.8131,False,
MAT192,MAT232,0.8131,2,0.8131,0.0,0.8131,False,
MAT192,MAT251,0.7008,8,0.8131,0.0,0.8131,False,
MAT192,MAT252,0.8131,3,0.8131,0.0,0.8131,False,
MAT192,MAT271,0.7008,9,0.8131,0.0,0.8131,False,
MAT192,MAT272,0.8131,4,0.8131,0.0,0.8131,False,
MAT192,MAT291,0.7008,10,0.8131,0.0,0.8131,False,
MAT192,MAT292,0.8131,5,0.8131,0.0,0.8131,False,
MAT193,MAT194,0.7695,6,0.8131,0.0,0.8131,False,
MAT193,MAT213,0.8131,1,0.8131,0.0,0.8131,False,
MAT193,MAT214,0.7695,7,0.8131,0.0,0.8131,False,
MAT193,MAT233,0.8131,2,0.8131,0.0,0.8131,False,
MAT193,MAT234,0.7695,8,0.8131,0.0,0.8131,False,
MAT193,MAT253,0.8131,3,0.8131,0.0,0.8131,False,
MAT193,MAT254,0.7695,9,0.8131,0.0,0.8131,False,
MAT193,MAT273,0.8131,4,0.8131,0.0,0.8131,False,
MAT193,MAT274,0.7695,10,0.8131,0.0,0.8131,False,
MAT193,MAT293,0.8131,5,0.8131,0.0,0.8131,False,
MAT193,MAT294,0.7695,11,0.8131,0.0,0.8131,False,
MAT194,MAT211,0.2852,11,0.8131,0.0,0.8131,False,
MAT194,MAT213,0.7695,6,0.8131,0.0,0.8131,False,
MAT194,MAT214,0.8131,1,0.8131,0.0,0.8131,False,
MAT194,MAT231,0.2852,12,0.8131,0.0,0.8131,False,
MAT194,MAT233,0.7695,7,0.8131,0.0,0.8131,False,
MAT194,MAT234,0.8131,2,0.8131,0.0,0.8131,False,
MAT194,MAT251,0.2852,13,0.8131,0.0,0.8131,False,
MAT194,MAT253,0.7695,8,0.8131,0.0,0.8131,False,
MAT194,MAT254,0.8131,3,0.8131,0.0,0.8131,False,
MAT194,MAT271,0.2852,14,0.8131,0.0,0.8131,False,
MAT194,MAT273,0.7695,9,0.8131,0.0,0.8131,False,
MAT194,MAT274,0.8131,4,0.8131,0.0,0.8131,False,
MAT194,MAT291,0.2852,15,0.8131,0.0,0.8131,False,
MAT194,MAT293,0.7695,10,0.8131,0.0,0.8131,False,
MAT194,MAT294,0.8131,5,0.8131,0.0,0.8131,False,
MAT195,MAT196,0.6339,6,0.9232,0.0,0.9232,False,
MAT195,MAT197,0.1616,18,0.9232,0.0,0.9232,False,
MAT195,MAT198,0.1718,12,0.9232,0.0,0.9232,False,
MAT195,MAT215,0.9232,1,0.9232,0.0,0.9232,False,
MAT195,MAT216,0.6339,7,0.9232,0.0,0.9232,False,
MAT195,MAT217,0.1616,19,0.9232,0.0,0.9232,False,
MAT195,MAT218,0.1718,13,0.9232,0.0,0.9232,False,
MAT195,MAT235,0.9232,2,0.9232,0.0,0.9232,False,
MAT195,MAT236,0.6339,8,0.9232,0.0,0.9232,False,
MAT195,MAT237,0.1616,20,0.9232,0.0,0.9232,False,
MAT195,MAT238,0.1718,14,0.9232,0.0,0.9232,False,
MAT195,MAT255,0.9232,3,0.9232,0.0,0.9232,False,
MAT195,MAT256,0.6339,9,0.9232,0.0,0.9232,False,
MAT195,MAT257,0.1616,21,0.9232,0.0,0.9232,False,
MAT195,MAT258,0.1718,15,0.9232,0.0,0.9232,False,
MAT195,MAT275,0.9232,4,0.9232,0.0,0.9232,False,
MAT195,MAT276,0.6339,10,0.9232,0.0,0.9232,False,
MAT195,MAT277,0.1616,22,0.9232,0.0,0.9232,False,
MAT195,MAT278,0.1718,16,0.9232,0.0,0.9232,False,
MAT195,MAT295,0.9232,5,0.9232,0.0,0.9232,False,
MAT195,MAT296,0.6339,11,0.9232,0.0,0.9232,False,
MAT195,MAT297,0.1616,23,0.9232,0.0,0.9232,False,
MAT195,MAT298,0.1718,17,0.9232,0.0,0.9232,False,
MAT196,MAT197,0.1597,17,0.9232,0.0,0.9232,False,
MAT196,MAT198,0.1687,11,0.9232,0.0,0.9232,False,
MAT196,MAT215,0.6339,6,0.9232,0.0,0.9232,False,
MAT196,MAT216,0.9232,1,0.9232,0.0,0.9232,False,
MAT196,MAT217,0.1597,18,0.9232,0.0,0.9232,False,
MAT196,MAT218,0.1687,12,0.9232,0.0,0.9232,False,
MAT196,MAT235,0.6339,7,0.9232,0.0,0.9232,False,
MAT196,MAT236,0.9232,2,0.9232,0.0,0.9232,False,
MAT196,MAT237,0.1597,19,0.9232,0.0,0.9232,False,
MAT196,MAT238,0.1687,13,0.9232,0.0,0.9232,False,
MAT196,MAT255,0.6339,8,0.9232,0.0,0.9232,False,
MAT196,MAT256,0.9232,3,0.9232,0.0,0.9232,False,
MAT196,MAT257,0.1597,20,0.9232,0.0,0.9232,False,
MAT196,MAT258,0.1687,14,0.9232,0.0,0.9232,False,
MAT196,MAT275,0.6339,9,0.9232,0.0,0.9232,False,
MAT196,MAT276,0.9232,4,0.9232,0.0,0.9232,False,
MAT196,MAT277,0.1597,21,0.9232,0.0,0.9232,False,
MAT196,MAT278,0.1687,15,0.9232,0.0,0.9232,False,
MAT196,MAT295,0.6339,10,0.9232,0.0,0.9232,False,
MAT196,MAT296,0.9232,5,0.9232,0.0,0.9232,False,
MAT196,MAT297,0.1597,22,0.9232,0.0,0.9232,False,
MAT196,MAT298,0.1687,16,0.9232,0.0,0.9232,False,
MAT197,MAT198,0.7218,6,0.7464,0.0,0.7464,False,
MAT197,MAT215,0.1616,12,0.7464,0.0,0.7464,False,
MAT197,MAT216,0.1597,17,0.7464,0.0,0.7464,False,
MAT197,MAT217,0.7464,1,0.7464,0.0,0.7464,False,
MAT197,MAT218,0.7218,7,0.7464,0.0,0.7464,False,
MAT197,MAT235,0.1616,13,0.7464,0.0,0.7464,False,
MAT197,MAT236,0.1597,18,0.7464,0.0,0.7464,False,
MAT197,MAT237,0.7464,2,0.7464,0.0,0.7464,False,
MAT197,MAT238,0.7218,8,0.7464,0.0,0.7464,False,
MAT197,MAT255,0.1616,14,0.7464,0.0,0.7464,False,
MAT197,MAT256,0.1597,19,0.7464,0.0,0.7464,False,
MAT197,MAT257,0.7464,3,0.7464,0.0,0.7464,False,
MAT197,MAT258,0.7218,9,0.7464,0.0,0.7464,False,
MAT197,MAT275,0.1616,15,0.7464,0.0,0.7464,False,
MAT197,MAT276,0.1597,20,0.7464,0.0,0.7464,False,
MAT197,MAT277,0.7464,4,0.7464,0.0,0.7464,False,
MAT197,MAT278,0.7218,10,0.7464,0.0,0.7464,False,
MAT197,MAT295,0.1616,16,0.7464,0.0,0.7464,False,
MAT197,MAT296,0.1597,21,0.7464,0.0,0.7464,False,
MAT197,MAT297,0.7464,5,0.7464,0.0,0.7464,False,
MAT197,MAT298,0.7218,11,0.7464,0.0,0.7464,False,
MAT198,MAT215,0.1718,11,0.7464,0.0,0.7464,False,
MAT198,MAT216,0.1687,16,0.7464,0.0,0.7464,False,
MAT198,MAT217,0.7218,6,0.7464,0.0,0.7464,False,
MAT198,MAT218,0.7464,1,0.7464,0.0,0.7464,False,
MAT198,MAT235,0.1718,12,0.7464,0.0,0.7464,False,
MAT198,MAT236,0.1687,17,0.7464,0.0,0.7464,False,
MAT198,MAT237,0.7218,7,0.7464,0.0,0.7464,False,
MAT198,MAT238,0.7464,2,0.7464,0.0,0.7464,False,
MAT198,MAT255,0.1718,13,0.7464,0.0,0.7464,False,
MAT198,MAT256,0.1687,18,0.7464,0.0,0.7464,False,
MAT198,MAT257,0.7218,8,0.7464,0.0,0.7464,False,
MAT198,MAT258,0.7464,3,0.7464,0.0,0.7464,False,
MAT198,MAT275,0.1718,14,0.7464,0.0,0.7464,False,
MAT198,MAT276,0.1687,19,0.7464,0.0,0.7464,False,
MAT198,MAT277,0.7218,9,0.7464,0.0,0.7464,False,
MAT198,MAT278,0.7464,4,0.7464,0.0,0.7464,False,
MAT198,MAT295,0.1718,15,0.7464,0.0,0.7464,False,
MAT198,MAT296,0.1687,20,0.7464,0.0,0.7464,False,
MAT198,MAT297,0.7218,10,0.7464,0.0,0.7464,False,
MAT198,MAT298,0.7464,5,0.7464,0.0,0.7464,False,
MAT199,MAT200,0.7059,6,0.7464,0.0,0.7464,False,
MAT199,MAT219,0.7464,1,0.7464,0.0,0.7464,False,
MAT199,MAT220,0.7059,7,0.7464,0.0,0.7464,False,
MAT199,MAT239,0.7464,2,0.7464,0.0,0.7464,False,
MAT199,MAT240,0.7059,8,0.7464,0.0,0.7464,False,
MAT199,MAT259,0.7464,3,0.7464,0.0,0.7464,False,
MAT199,MAT260,0.7059,9,0.7464,0.0,0.7464,False,
MAT199,MAT279,0.7464,4,0.7464,0.0,0.7464,False,
MAT199,MAT280,0.7059,10,0.7464,0.0,0.7464,False,
MAT199,MAT299,0.7464,5,0.7464,0.0,0.7464,False,
MAT199,MAT300,0.7059,11,0.7464,0.0,0.7464,False,
MAT200,MAT219,0.7059,6,0.7464,0.0,0.7464,False,
MAT200,MAT220,0.7464,1,0.7464,0.0,0.7464,False,
MAT200,MAT239,0.7059,7,0.7464,0.0,0.7464,False,
MAT200,MAT240,0.7464,2,0.7464,0.0,0.7464,False,
MAT200,MAT259,0.7059,8,0.7464,0.0,0.7464,False,
MAT200,MAT260,0.7464,3,0.7464,0.0,0.7464,False,
MAT200,MAT279,0.7059,9,0.7464,0.0,0.7464,False,
MAT200,MAT280,0.7464,4,0.7464,0.0,0.7464,False,
MAT200,MAT299,0.7059,10,0.7464,0.0,0.7464,False,
MAT200,MAT300,0.7464,5,0.7464,0.0,0.7464,False,
MAT201,MAT202,0.7159,10,0.7976,0.0,0.7976,False,
MAT201,MAT203,0.7339,5,0.7976,0.0,0.7976,False,
MAT201,MAT204,0.6961,15,0.7976,0.0,0.7976,False,
MAT201,MAT206,0.4851,20,0.7976,0.0,0.7976,False,
MAT201,MAT221,0.7976,1,0.7976,0.0,0.7976,False,
MAT201,MAT222,0.7159,11,0.7976,0.0,0.7976,False,
MAT201,MAT223,0.7339,6,0.7976,0.0,0.7976,False,
MAT201,MAT224,0.6961,16,0.7976,0.0,0.7976,False,
MAT201,MAT226,0.4851,21,0.7976,0.0,0.7976,False,
MAT201,MAT241,0.7976,2,0.7976,0.0,0.7976,False,
MAT201,MAT242,0.7159,12,0.7976,0.0,0.7976,False,
MAT201,MAT243,0.7339,7,0.7976,0.0,0.7976,False,
MAT201,MAT244,0.6961,17,0.7976,0.0,0.7976,False,
MAT201,MAT246,0.4851,22,0.7976,0.0,0.7976,False,
MAT201,MAT261,0.7976,3,0.7976,0.0,0.7976,False,
MAT201,MAT262,0.7159,13,0.7976,0.0,0.7976,False,
MAT201,MAT263,0.7339,8,0.7976,0.0,0.7976,False,
MAT201,MAT264,0.6961,18,0.7976,0.0,0.7976,False,
MAT201,MAT266,0.4851,23,0.7976,0.0,0.7976,False,
MAT201,MAT281,0.7976,4,0.7976,0.0,0.7976,False,
MAT201,MAT282,0.7159,14,0.7976,0.0,0.7976,False,
MAT201,MAT283,0.7339,9,0.7976,0.0,0.7976,False,
MAT201,MAT284,0.6961,19,0.7976,0.0,0.7976,False,
MAT201,MAT286,0.4851,24,0.7976,0.0,0.7976,False,
MAT202,MAT203,0.6282,14,0.9232,0.0,0.9232,False,
MAT202,MAT204,0.8089,5,0.9232,0.0,0.9232,False,
MAT202,MAT206,0.5088,19,0.9232,0.0,0.9232,False,
MAT202,MAT221,0.7159,10,0.9232,0.0,0.9232,False,
MAT202,MAT222,0.9232,1,0.9232,0.0,0.9232,False,
MAT202,MAT223,0.6282,15,0.9232,0.0,0.9232,False,
MAT202,MAT224,0.8089,6,0.9232,0.0,0.9232,False,
MAT202,MAT226,0.5088,20,0.9232,0.0,0.9232,False,
MAT202,MAT241,0.7159,11,0.9232,0.0,0.9232,False,
MAT202,MAT242,0.9232,2,0.9232,0.0,0.9232,False,
MAT202,MAT243,0.6282,16,0.9232,0.0,0.9232,False,
MAT202,MAT244,0.8089,7,0.9232,0.0,0.9232,False,
MAT202,MAT246,0.5088,21,0.9232,0.0,0.9232,False,
MAT202,MAT261,0.7159,12,0.9232,0.0,0.9232,False,
MAT202,MAT262,0.9232,3,0.9232,0.0,0.9232,False,
MAT202,MAT263,0.6282,17,0.9232,0.0,0.9232,False,
MAT202,MAT264,0.8089,8,0.9232,0.0,0.9232,False,
MAT202,MAT266,0.5088,22,0.9232,0.0,0.9232,False,
MAT202,MAT281,0.7159,13,0.9232,0.0,0.9232,False,
MAT202,MAT282,0.9232,4,0.9232,0.0,0.9232,False,
MAT202,MAT283,0.6282,18,0.9232,0.0,0.9232,False,
MAT202,MAT284,0.8089,9,0.9232,0.0,0.9232,False,
MAT202,MAT286,0.5088,23,0.9232,0.0,0.9232,False,
MAT203,MAT204,0.7511,5,0.772,0.0,0.772,False,
MAT203,MAT206,0.4978,18,0.772,0.0,0.772,False,
MAT203,MAT221,0.7339,10,0.772,0.0,0.772,False,
MAT203,MAT222,0.6282,14,0.772,0.0,0.772,False,
MAT203,MAT223,0.772,1,0.772,0.0,0.772,False,
MAT203,MAT224,0.7511,6,0.772,0.0,0.772,False,
MAT203,MAT226,0.4978,19,0.772,0.0,0.772,False,
MAT203,MAT241,0.7339,11,0.772,0.0,0.772,False,
MAT203,MAT242,0.6282,15,0.772,0.0,0.772,False,
MAT203,MAT243,0.772,2,0.772,0.0,0.772,False,
MAT203,MAT244,0.7511,7,0.772,0.0,0.772,False,
MAT203,MAT246,0.4978,20,0.772,0.0,0.772,False,
MAT203,MAT261,0.7339,12,0.772,0.0,0.772,False,
MAT203,MAT262,0.6282,16,0.772,0.0,0.772,False,
MAT203,MAT263,0.772,3,0.772,0.0,0.772,False,
MAT203,MAT264,0.7511,8,0.772,0.0,0.772,False,
MAT203,MAT266,0.4978,21,0.772,0.0,0.772,False,
MAT203,MAT281,0.7339,13,0.772,0.0,0.772,False,
MAT203,MAT282,0.6282,17,0.772,0.0,0.772,False,
MAT203,MAT283,0.772,4,0.772,0.0,0.772,False,
MAT203,MAT284,0.7511,9,0.772,0.0,0.772,False,
MAT203,MAT286,0.4978,22,0.772,0.0,0.772,False,
MAT204,MAT205,0.4181,22,0.8976,0.0,0.8976,False,
MAT204,MAT206,0.5166,17,0.8976,0.0,0.8976,False,
MAT204,MAT221,0.6961,13,0.8976,0.0,0.8976,False,
MAT204,MAT222,0.8089,5,0.8976,0.0,0.8976,False,
MAT204,MAT223,0.7511,9,0.8976,0.0,0.8976,False,
MAT204,MAT224,0.8976,1,0.8976,0.0,0.8976,False,
MAT204,MAT225,0.4181,23,0.8976,0.0,0.8976,False,
MAT204,MAT226,0.5166,18,0.8976,0.0,0.8976,False,
MAT204,MAT241,0.6961,14,0.8976,0.0,0.8976,False,
MAT204,MAT242,0.8089,6,0.8976,0.0,0.8976,False,
MAT204,MAT243,0.7511,10,0.8976,0.0,0.8976,False,
MAT204,MAT244,0.8976,2,0.8976,0.0,0.8976,False,
MAT204,MAT245,0.4181,24,0.8976,0.0,0.8976,False,
MAT204,MAT246,0.5166,19,0.8976,0.0,0.8976,False,
MAT204,MAT261,0.6961,15,0.8976,0.0,0.8976,False,
MAT204,MAT262,0.8089,7,0.8976,0.0,0.8976,False,
MAT204,MAT263,0.7511,11,0.8976,0.0,0.8976,False,
MAT204,MAT264,0.8976,3,0.8976,0.0,0.8976,False,
MAT204,MAT265,0.4181,25,0.8976,0.0,0.8976,False,
MAT204,MAT266,0.5166,20,0.8976,0.0,0.8976,False,
MAT204,MAT281,0.6961,16,0.8976,0.0,0.8976,False,
MAT204,MAT282,0.8089,8,0.8976,0.0,0.8976,False,
MAT204,MAT283,0.7511,12,0.8976,0.0,0.8976,False,
MAT204,MAT284,0.8976,4,0.8976,0.0,0.8976,False,
MAT204,MAT285,0.4181,26,0.8976,0.0,0.8976,False,
MAT204,MAT286,0.5166,21,0.8976,0.0,0.8976,False,
MAT205,MAT206,0.6342,5,0.7131,0.0,0.7131,False,
MAT205,MAT224,0.4181,10,0.7131,0.0,0.7131,False,
MAT205,MAT225,0.7131,1,0.7131,0.0,0.7131,False,
MAT205,MAT226,0.6342,6,0.7131,0.0,0.7131,False,
MAT205,MAT244,0.4181,11,0.7131,0.0,0.7131,False,
MAT205,MAT245,0.7131,2,0.7131,0.0,0.7131,False,
MAT205,MAT246,0.6342,7,0.7131,0.0,0.7131,False,
MAT205,MAT264,0.4181,12,0.7131,0.0,0.7131,False,
MAT205,MAT265,0.7131,3,0.7131,0.0,0.7131,False,
MAT205,MAT266,0.6342,8,0.7131,0.0,0.7131,False,
MAT205,MAT284,0.4181,13,0.7131,0.0,0.7131,False,
MAT205,MAT285,0.7131,4,0.7131,0.0,0.7131,False,
MAT205,MAT286,0.6342,9,0.7131,0.0,0.7131,False,
MAT206,MAT221,0.4851,21,0.772,0.0,0.772,False,
MAT206,MAT222,0.5088,13,0.772,0.0,0.772,False,
MAT206,MAT223,0.4978,17,0.772,0.0,0.772,False,
MAT206,MAT224,0.5166,9,0.772,0.0,0.772,False,
MAT206,MAT225,0.6342,5,0.772,0.0,0.772,False,
MAT206,MAT226,0.772,1,0.772,0.0,0.772,False,
MAT206,MAT241,0.4851,22,0.772,0.0,0.772,False,
MAT206,MAT242,0.5088,14,0.772,0.0,0.772,False,
MAT206,MAT243,0.4978,18,0.772,0.0,0.772,False,
MAT206,MAT244,0.5166,10,0.772,0.0,0.772,False,
MAT206,MAT245,0.6342,6,0.772,0.0,0.772,False,
MAT206,MAT246,0.772,2,0.772,0.0,0.772,False,
MAT206,MAT261,0.4851,23,0.772,0.0,0.772,False,
MAT206,MAT262,0.5088,15,0.772,0.0,0.772,False,
MAT206,MAT263,0.4978,19,0.772,0.0,0.772,False,
MAT206,MAT264,0.5166,11,0.772,0.0,0.772,False,
MAT206,MAT265,0.6342,7,0.772,0.0,0.772,False,
MAT206,MAT266,0.772,3,0.772,0.0,0.772,False,
MAT206,MAT281,0.4851,24,0.772,0.0,0.772,False,
MAT206,MAT282,0.5088,16,0.772,0.0,0.772,False,
MAT206,MAT283,0.4978,20,0.772,0.0,0.772,False,
MAT206,MAT284,0.5166,12,0.772,0.0,0.772,False,
MAT206,MAT285,0.6342,8,0.772,0.0,0.772,False,
MAT206,MAT286,0.772,4,0.772,0.0,0.772,False,
MAT207,MAT208,0.8131,1,0.8131,0.0,0.8131,False,
MAT207,MAT209,0.2442,15,0.8131,0.0,0.8131,False,
MAT207,MAT210,0.4921,10,0.8131,0.0,0.8131,False,
MAT207,MAT227,0.8131,2,0.8131,0.0,0.8131,False,
MAT207,MAT228,0.8131,3,0.8131,0.0,0.8131,False,
MAT207,MAT229,0.2442,16,0.8131,0.0,0.8131,False,
MAT207,MAT230,0.4921,11,0.8131,0.0,0.8131,False,
MAT207,MAT247,0.8131,4,0.8131,0.0,0.8131,False,
MAT207,MAT248,0.8131,5,0.8131,0.0,0.8131,False,
MAT207,MAT249,0.2442,17,0.8131,0.0,0.8131,False,
MAT207,MAT250,0.4921,12,0.8131,0.0,0.8131,False,
MAT207,MAT267,0.8131,6,0.8131,0.0,0.8131,False,
MAT207,MAT268,0.8131,7,0.8131,0.0,0.8131,False,
MAT207,MAT269,0.2442,18,0.8131,0.0,0.8131,False,
MAT207,MAT270,0.4921,13,0.8131,0.0,0.8131,False,
MAT207,MAT287,0.8131,8,0.8131,0.0,0.8131,False,
MAT207,MAT288,0.8131,9,0.8131,0.0,0.8131,False,
MAT207,MAT289,0.2442,19,0.8131,0.0,0.8131,False,
MAT207,MAT290,0.4921,14,0.8131,0.0,0.8131,False,
MAT208,MAT209,0.2206,14,0.8131,0.0,0.8131,False,
MAT208,MAT210,0.4685,9,0.8131,0.0,0.8131,False,
MAT208,MAT227,0.8131,1,0.8131,0.0,0.8131,False,
MAT208,MAT228,0.8131,2,0.8131,0.0,0.8131,False,
MAT208,MAT229,0.2206,15,0.8131,0.0,0.8131,False,
MAT208,MAT230,0.4685,10,0.8131,0.0,0.8131,False,
MAT208,MAT247,0.8131,3,0.8131,0.0,0.8131,False,
MAT208,MAT248,0.8131,4,0.8131,0.0,0.8131,False,
MAT208,MAT249,0.2206,16,0.8131,0.0,0.8131,False,
MAT208,MAT250,0.4685,11,0.8131,0.0,0.8131,False,
MAT208,MAT267,0.8131,5,0.8131,0.0,0.8131,False,
MAT208,MAT268,0.8131,6,0.8131,0.0,0.8131,False,
MAT208,MAT269,0.2206,17,0.8131,0.0,0.8131,False,
MAT208,MAT270,0.4685,12,0.8131,0.0,0.8131,False,
MAT208,MAT287,0.8131,7,0.8131,0.0,0.8131,False,
MAT208,MAT288,0.8131,8,0.8131,0.0,0.8131,False,
MAT208,MAT289,0.2206,18,0.8131,0.0,0.8131,False,
MAT208,MAT290,0.4685,13,0.8131,0.0,0.8131,False,
MAT209,MAT210,0.5989,5,0.8131,0.0,0.8131,False,
MAT209,MAT227,0.2442,10,0.8131,0.0,0.8131,False,
MAT209,MAT228,0.2206,14,0.8131,0.0,0.8131,False,
MAT209,MAT229,0.8131,1,0.8131,0.0,0.8131,False,
MAT209,MAT230,0.5989,6,0.8131,0.0,0.8131,False,
MAT209,MAT247,0.2442,11,0.8131,0.0,0.8131,False,
MAT209,MAT248,0.2206,15,0.8131,0.0,0.8131,False,
MAT209,MAT249,0.8131,2,0.8131,0.0,0.8131,False,
MAT209,MAT250,0.5989,7,0.8131,0.0,0.8131,False,
MAT209,MAT267,0.2442,12,0.8131,0.0,0.8131,False,
MAT209,MAT268,0.2206,16,0.8131,0.0,0.8131,False,
MAT209,MAT269,0.8131,3,0.8131,0.0,0.8131,False,
MAT209,MAT270,0.5989,8,0.8131,0.0,0.8131,False,
MAT209,MAT287,0.2442,13,0.8131,0.0,0.8131,False,
MAT209,MAT288,0.2206,17,0.8131,0.0,0.8131,False,
MAT209,MAT289,0.8131,4,0.8131,0.0,0.8131,False,
MAT209,MAT290,0.5989,9,0.8131,0.0,0.8131,False,
MAT210,MAT227,0.4921,9,0.6875,0.0,0.6875,False,
MAT210,MAT228,0.4685,13,0.6875,0.0,0.6875,False,
MAT210,MAT229,0.5989,5,0.6875,0.0,0.6875,False,
MAT210,MAT230,0.6875,1,0.6875,0.0,0.6875,False,
MAT210,MAT247,0.4921,10,0.6875,0.0,0.6875,False,
MAT210,MAT248,0.4685,14,0.6875,0.0,0.6875,False,
MAT210,MAT249,0.5989,6,0.6875,0.0,0.6875,False,
MAT210,MAT250,0.6875,2,0.6875,0.0,0.6875,False,
MAT210,MAT267,0.4921,11,0.6875,0.0,0.6875,False,
MAT210,MAT268,0.4685,15,0.6875,0.0,0.6875,False,
MAT210,MAT269,0.5989,7,0.6875,0.0,0.6875,False,
MAT210,MAT270,0.6875,3,0.6875,0.0,0.6875,False,
MAT210,MAT287,0.4921,12,0.6875,0.0,0.6875,False,
MAT210,MAT288,0.4685,16,0.6875,0.0,0.6875,False,
MAT210,MAT289,0.5989,8,0.6875,0.0,0.6875,False,
MAT210,MAT290,0.6875,4,0.6875,0.0,0.6875,False,
MAT211,MAT212,0.7008,5,0.8131,0.0,0.8131,False,
MAT211,MAT214,0.2852,10,0.8131,0.0,0.8131,False,
MAT211,MAT231,0.8131,1,0.8131,0.0,0.8131,False,
MAT211,MAT232,0.7008,6,0.8131,0.0,0.8131,False,
MAT211,MAT234,0.2852,11,0.8131,0.0,0.8131,False,
MAT211,MAT251,0.8131,2,0.8131,0.0,0.8131,False,
MAT211,MAT252,0.7008,7,0.8131,0.0,0.8131,False,
MAT211,MAT254,0.2852,12,0.8131,0.0,0.8131,False,
MAT211,MAT271,0.8131,3,0.8131,0.0,0.8131,False,
MAT211,MAT272,0.7008,8,0.8131,0.0,0.8131,False,
MAT211,MAT274,0.2852,13,0.8131,0.0,0.8131,False,
MAT211,MAT291,0.8131,4,0.8131,0.0,0.8131,False,
MAT211,MAT292,0.7008,9,0.8131,0.0,0.8131,False,
MAT211,MAT294,0.2852,14,0.8131,0.0,0.8131,False,
MAT212,MAT231,0.7008,5,0.8131,0.0,0.8131,False,
MAT212,MAT232,0.8131,1,0.8131,0.0,0.8131,False,
MAT212,MAT251,0.7008,6,0.8131,0.0,0.8131,False,
MAT212,MAT252,0.8131,2,0.8131,0.0,0.8131,False,
MAT212,MAT271,0.7008,7,0.8131,0.0,0.8131,False,
MAT212,MAT272,0.8131,3,0.8131,0.0,0.8131,False,
MAT212,MAT291,0.7008,8,0.8131,0.0,0.8131,False,
MAT212,MAT292,0.8131,4,0.8131,0.0,0.8131,False,
MAT213,MAT214,0.7695,5,0.8131,0.0,0.8131,False,
MAT213,MAT233,0.8131,1,0.8131,0.0,0.8131,False,
MAT213,MAT234,0.7695,6,0.8131,0.0,0.8131,False,
MAT213,MAT253,0.8131,2,0.8131,0.0,0.8131,False,
MAT213,MAT254,0.7695,7,0.8131,0.0,0.8131,False,
MAT213,MAT273,0.8131,3,0.8131,0.0,0.8131,False,
MAT213,MAT274,0.7695,8,0.8131,0.0,0.8131,False,
MAT213,MAT293,0.8131,4,0.8131,0.0,0.8131,False,
MAT213,MAT294,0.7695,9,0.8131,0.0,0.8131,False,
MAT214,MAT231,0.2852,9,0.8131,0.0,0.8131,False,
MAT214,MAT233,0.7695,5,0.8131,0.0,0.8131,False,
MAT214,MAT234,0.8131,1,0.8131,0.0,0.8131,False,
MAT214,MAT251,0.2852,10,0.8131,0.0,0.8131,False,
MAT214,MAT253,0.7695,6,0.8131,0.0,0.8131,False,
MAT214,MAT254,0.8131,2,0.8131,0.0,0.8131,False,
MAT214,MAT271,0.2852,11,0.8131,0.0,0.8131,False,
MAT214,MAT273,0.7695,7,0.8131,0.0,0.8131,False,
MAT214,MAT274,0.8131,3,0.8131,0.0,0.8131,False,
MAT214,MAT291,0.2852,12,0.8131,0.0,0.8131,False,
MAT214,MAT293,0.7695,8,0.8131,0.0,0.8131,False,
MAT214,MAT294,0.8131,4,0.8131,0.0,0.8131,False,
MAT215,MAT216,0.6339,5,0.9232,0.0,0.9232,False,
MAT215,MAT217,0.1616,15,0.9232,0.0,0.9232,False,
MAT215,MAT218,0.1718,10,0.9232,0.0,0.9232,False,
MAT215,MAT235,0.9232,1,0.9232,0.0,0.9232,False,
MAT215,MAT236,0.6339,6,0.9232,0.0,0.9232,False,
MAT215,MAT237,0.1616,16,0.9232,0.0,0.9232,False,
MAT215,MAT238,0.1718,11,0.9232,0.0,0.9232,False,
MAT215,MAT255,0.9232,2,0.9232,0.0,0.9232,False,
MAT215,MAT256,0.6339,7,0.9232,0.0,0.9232,False,
MAT215,MAT257,0.1616,17,0.9232,0.0,0.9232,False,
MAT215,MAT258,0.1718,12,0.9232,0.0,0.9232,False,
MAT215,MAT275,0.9232,3,0.9232,0.0,0.9232,False,
MAT215,MAT276,0.6339,8,0.9232,0.0,0.9232,False,
MAT215,MAT277,0.1616,18,0.9232,0.0,0.9232,False,
MAT215,MAT278,0.1718,13,0.9232,0.0,0.9232,False,
MAT215,MAT295,0.9232,4,0.9232,0.0,0.9232,False,
MAT215,MAT296,0.6339,9,0.9232,0.0,0.9232,False,
MAT215,MAT297,0.1616,19,0.9232,0.0,0.9232,False,
MAT215,MAT298,0.1718,14,0.9232,0.0,0.9232,False,
MAT216,MAT217,0.1597,14,0.9232,0.0,0.9232,False,
MAT216,MAT218,0.1687,9,0.9232,0.0,0.9232,False,
MAT216,MAT235,0.6339,5,0.9232,0.0,0.9232,False,
MAT216,MAT236,0.9232,1,0.9232,0.0,0.9232,False,
MAT216,MAT237,0.1597,15,0.9232,0.0,0.9232,False,
MAT216,MAT238,0.1687,10,0.9232,0.0,0.9232,False,
MAT216,MAT255,0.6339,6,0.9232,0.0,0.9232,False,
MAT216,MAT256,0.9232,2,0.9232,0.0,0.9232,False,
MAT216,MAT257,0.1597,16,0.9232,0.0,0.9232,False,
MAT216,MAT258,0.1687,11,0.9232,0.0,0.9232,False,
MAT216,MAT275,0.6339,7,0.9232,0.0,0.9232,False,
MAT216,MAT276,0.9232,3,0.9232,0.0,0.9232,False,
MAT216,MAT277,0.1597,17,0.9232,0.0,0.9232,False,
MAT216,MAT278,0.1687,12,0.9232,0.0,0.9232,False,
MAT216,MAT295,0.6339,8,0.9232,0.0,0.9232,False,
MAT216,MAT296,0.9232,4,0.9232,0.0,0.9232,False,
MAT216,MAT297,0.1597,18,0.9232,0.0,0.9232,False,
MAT216,MAT298,0.1687,13,0.9232,0.0,0.9232,False,
MAT217,MAT218,0.7218,5,0.7464,0.0,0.7464,False,
MAT217,MAT235,0.1616,10,0.7464,0.0,0.7464,False,
MAT217,MAT236,0.1597,14,0.7464,0.0,0.7464,False,
MAT217,MAT237,0.7464,1,0.7464,0.0,0.7464,False,
MAT217,MAT238,0.7218,6,0.7464,0.0,0.7464,False,
MAT217,MAT255,0.1616,11,0.7464,0.0,0.7464,False,
MAT217,MAT256,0.1597,15,0.7464,0.0,0.7464,False,
MAT217,MAT257,0.7464,2,0.7464,0.0,0.7464,False,
MAT217,MAT258,0.7218,7,0.7464,0.0,0.7464,False,
MAT217,MAT275,0.1616,12,0.7464,0.0,0.7464,False,
MAT217,MAT276,0.1597,16,0.7464,0.0,0.7464,False,
MAT217,MAT277,0.7464,3,0.7464,0.0,0.7464,False,
MAT217,MAT278,0.7218,8,0.7464,0.0,0.7464,False,
MAT217,MAT295,0.1616,13,0.7464,0.0,0.7464,False,
MAT217,MAT296,0.1597,17,0.7464,0.0,0.7464,False,
MAT217,MAT297,0.7464,4,0.7464,0.0,0.7464,False,
MAT217,MAT298,0.7218,9,0.7464,0.0,0.7464,False,
MAT218,MAT235,0.1718,9,0.7464,0.0,0.7464,False,
MAT218,MAT236,0.1687,13,0.7464,0.0,0.7464,False,
MAT218,MAT237,0.7218,5,0.7464,0.0,0.7464,False,
MAT218,MAT238,0.7464,1,0.7464,0.0,0.7464,False,
MAT218,MAT255,0.1718,10,0.7464,0.0,0.7464,False,
MAT218,MAT256,0.1687,14,0.7464,0.0,0.7464,False,
MAT218,MAT257,0.7218,6,0.7464,0.0,0.7464,False,
MAT218,MAT258,0.7464,2,0.7464,0.0,0.7464,False,
MAT218,MAT275,0.1718,11,0.7464,0.0,0.7464,False,
MAT218,MAT276,0.1687,15,0.7464,0.0,0.7464,False,
MAT218,MAT277,0.7218,7,0.7464,0.0,0.7464,False,
MAT218,MAT278,0.7464,3,0.7464,0.0,0.7464,False,
MAT218,MAT295,0.1718,12,0.7464,0.0,0.7464,False,
MAT218,MAT296,0.1687,16,0.7464,0.0,0.7464,False,
MAT218,MAT297,0.7218,8,0.7464,0.0,0.7464,False,
MAT218,MAT298,0.7464,4,0.7464,0.0,0.7464,False,
MAT219,MAT220,0.7059,5,0.7464,0.0,0.7464,False,
MAT219,MAT239,0.7464,1,0.7464,0.0,0.7464,False,
MAT219,MAT240,0.7059,6,0.7464,0.0,0.7464,False,
MAT219,MAT259,0.7464,2,0.7464,0.0,0.7464,False,
MAT219,MAT260,0.7059,7,0.7464,0.0,0.7464,False,
MAT219,MAT279,0.7464,3,0.7464,0.0,0.7464,False,
MAT219,MAT280,0.7059,8,0.7464,0.0,0.7464,False,
MAT219,MAT299,0.7464,4,0.7464,0.0,0.7464,False,
MAT219,MAT300,0.7059,9,0.7464,0.0,0.7464,False,
MAT220,MAT239,0.7059,5,0.7464,0.0,0.7464,False,
MAT220,MAT240,0.7464,1,0.7464,0.0,0.7464,False,
MAT220,MAT259,0.7059,6,0.7464,0.0,0.7464,False,
MAT220,MAT260,0.7464,2,0.7464,0.0,0.7464,False,
MAT220,MAT279,0.7059,7,0.7464,0.0,0.7464,False,
MAT220,MAT280,0.7464,3,0.7464,0.0,0.7464,False,
MAT220,MAT299,0.7059,8,0.7464,0.0,0.7464,False,
MAT220,MAT300,0.7464,4,0.7464,0.0,0.7464,False,
MAT221,MAT222,0.7159,8,0.7976,0.0,0.7976,False,
MAT221,MAT223,0.7339,4,0.7976,0.0,0.7976,False,
MAT221,MAT224,0.6961,12,0.7976,0.0,0.7976,False,
MAT221,MAT226,0.4851,16,0.7976,0.0,0.7976,False,
MAT221,MAT241,0.7976,1,0.7976,0.0,0.7976,False,
MAT221,MAT242,0.7159,9,0.7976,0.0,0.7976,False,
MAT221,MAT243,0.7339,5,0.7976,0.0,0.7976,False,
MAT221,MAT244,0.6961,13,0.7976,0.0,0.7976,False,
MAT221,MAT246,0.4851,17,0.7976,0.0,0.7976,False,
MAT221,MAT261,0.7976,2,0.7976,0.0,0.7976,False,
MAT221,MAT262,0.7159,10,0.7976,0.0,0.7976,False,
MAT221,MAT263,0.7339,6,0.7976,0.0,0.7976,False,
MAT221,MAT264,0.6961,14,0.7976,0.0,0.7976,False,
MAT221,MAT266,0.4851,18,0.7976,0.0,0.7976,False,
MAT221,MAT281,0.7976,3,0.7976,0.0,0.7976,False,
MAT221,MAT282,0.7159,11,0.7976,0.0,0.7976,False,
MAT221,MAT283,0.7339,7,0.7976,0.0,0.7976,False,
MAT221,MAT284,0.6961,15,0.7976,0.0,0.7976,False,
MAT221,MAT286,0.4851,19,0.7976,0.0,0.7976,False,
MAT222,MAT223,0.6282,11,0.9232,0.0,0.9232,False,
MAT222,MAT224,0.8089,4,0.9232,0.0,0.9232,False,
MAT222,MAT226,0.5088,15,0.9232,0.0,0.9232,False,
MAT222,MAT241,0.7159,8,0.9232,0.0,0.9232,False,
MAT222,MAT242,0.9232,1,0.9232,0.0,0.9232,False,
MAT222,MAT243,0.6282,12,0.9232,0.0,0.9232,False,
MAT222,MAT244,0.8089,5,0.9232,0.0,0.9232,False,
MAT222,MAT246,0.5088,16,0.9232,0.0,0.9232,False,
MAT222,MAT261,0.7159,9,0.9232,0.0,0.9232,False,
MAT222,MAT262,0.9232,2,0.9232,0.0,0.9232,False,
MAT222,MAT263,0.6282,13,0.9232,0.0,0.9232,False,
MAT222,MAT264,0.8089,6,0.9232,0.0,0.9232,False,
MAT222,MAT266,0.5088,17,0.9232,0.0,0.9232,False,
MAT222,MAT281,0.7159,10,0.9232,0.0,0.9232,False,
MAT222,MAT282,0.9232,3,0.9232,0.0,0.9232,False,
MAT222,MAT283,0.6282,14,0.9232,0.0,0.9232,False,
MAT222,MAT284,0.8089,7,0.9232,0.0,0.9232,False,
MAT222,MAT286,0.5088,18,0.9232,0.0,0.9232,False,
MAT223,MAT224,0.7511,4,0.772,0.0,0.772,False,
MAT223,MAT226,0.4978,14,0.772,0.0,0.772,False,
MAT223,MAT241,0.7339,8,0.772,0.0,0.772,False,
MAT223,MAT242,0.6282,11,0.772,0.0,0.772,False,
MAT223,MAT243,0.772,1,0.772,0.0,0.772,False,
MAT223,MAT244,0.7511,5,0.772,0.0,0.772,False,
MAT223,MAT246,0.4978,15,0.772,0.0,0.772,False,
MAT223,MAT261,0.7339,9,0.772,0.0,0.772,False,
MAT223,MAT262,0.6282,12,0.772,0.0,0.772,False,
MAT223,MAT263,0.772,2,0.772,0.0,0.772,False,
MAT223,MAT264,0.7511,6,0.772,0.0,0.772,False,
MAT223,MAT266,0.4978,16,0.772,0.0,0.772,False,
MAT223,MAT281,0.7339,10,0.772,0.0,0.772,False,
MAT223,MAT282,0.6282,13,0.772,0.0,0.772,False,
MAT223,MAT283,0.772,3,0.772,0.0,0.772,False,
MAT223,MAT284,0.7511,7,0.772,0.0,0.772,False,
MAT223,MAT286,0.4978,17,0.772,0.0,0.772,False,
MAT224,MAT225,0.4181,17,0.8976,0.0,0.8976,False,
MAT224,MAT226,0.5166,13,0.8976,0.0,0.8976,False,
MAT224,MAT241,0.6961,10,0.8976,0.0,0.8976,False,
MAT224,MAT242,0.8089,4,0.8976,0.0,0.8976,False,
MAT224,MAT243,0.7511,7,0.8976,0.0,0.8976,False,
MAT224,MAT244,0.8976,1,0.8976,0.0,0.8976,False,
MAT224,MAT245,0.4181,18,0.8976,0.0,0.8976,False,
MAT224,MAT246,0.5166,14,0.8976,0.0,0.8976,False,
MAT224,MAT261,0.6961,11,0.8976,0.0,0.8976,False,
MAT224,MAT262,0.8089,5,0.8976,0.0,0.8976,False,
MAT224,MAT263,0.7511,8,0.8976,0.0,0.8976,False,
MAT224,MAT264,0.8976,2,0.8976,0.0,0.8976,False,
MAT224,MAT265,0.4181,19,0.8976,0.0,0.8976,False,
MAT224,MAT266,0.5166,15,0.8976,0.0,0.8976,False,
MAT224,MAT281,0.6961,12,0.8976,0.0,0.8976,False,
MAT224,MAT282,0.8089,6,0.8976,0.0,0.8976,False,
MAT224,MAT283,0.7511,9,0.8976,0.0,0.8976,False,
MAT224,MAT284,0.8976,3,0.8976,0.0,0.8976,False,
MAT224,MAT285,0.4181,20,0.8976,0.0,0.8976,False,
MAT224,MAT286,0.5166,16,0.8976,0.0,0.8976,False,
MAT225,MAT226,0.6342,4,0.7131,0.0,0.7131,False,
MAT225,MAT244,0.4181,8,0.7131,0.0,0.7131,False,
MAT225,MAT245,0.7131,1,0.7131,0.0,0.7131,False,
MAT225,MAT246,0.6342,5,0.7131,0.0,0.7131,False,
MAT225,MAT264,0.4181,9,0.7131,0.0,0.7131,False,
MAT225,MAT265,0.7131,2,0.7131,0.0,0.7131,False,
MAT225,MAT266,0.6342,6,0.7131,0.0,0.7131,False,
MAT225,MAT284,0.4181,10,0.7131,0.0,0.7131,False,
MAT225,MAT285,0.7131,3,0.7131,0.0,0.7131,False,
MAT225,MAT286,0.6342,7,0.7131,0.0,0.7131,False,
MAT226,MAT241,0.4851,16,0.772,0.0,0.772,False,
MAT226,MAT242,0.5088,10,0.772,0.0,0.772,False,
MAT226,MAT243,0.4978,13,0.772,0.0,0.772,False,
MAT226,MAT244,0.5166,7,0.772,0.0,0.772,False,
MAT226,MAT245,0.6342,4,0.772,0.0,0.772,False,
MAT226,MAT246,0.772,1,0.772,0.0,0.772,False,
MAT226,MAT261,0.4851,17,0.772,0.0,0.772,False,
MAT226,MAT262,0.5088,11,0.772,0.0,0.772,False,
MAT226,MAT263,0.4978,14,0.772,0.0,0.772,False,
MAT226,MAT264,0.5166,8,0.772,0.0,0.772,False,
MAT226,MAT265,0.6342,5,0.772,0.0,0.772,False,
MAT226,MAT266,0.772,2,0.772,0.0,0.772,False,
MAT226,MAT281,0.4851,18,0.772,0.0,0.772,False,
MAT226,MAT282,0.5088,12,0.772,0.0,0.772,False,
MAT226,MAT283,0.4978,15,0.772,0.0,0.772,False,
MAT226,MAT284,0.5166,9,0.772,0.0,0.772,False,
MAT226,MAT285,0.6342,6,0.772,0.0,0.772,False,
MAT226,MAT286,0.772,3,0.772,0.0,0.772,False,
MAT227,MAT228,0.8131,1,0.8131,0.0,0.8131,False,
MAT227,MAT229,0.2442,12,0.8131,0.0,0.8131,False,
MAT227,MAT230,0.4921,8,0.8131,0.0,0.8131,False,
MAT227,MAT247,0.8131,2,0.8131,0.0,0.8131,False,
MAT227,MAT248,0.8131,3,0.8131,0.0,0.8131,False,
MAT227,MAT249,0.2442,13,0.8131,0.0,0.8131,False,
MAT227,MAT250,0.4921,9,0.8131,0.0,0.8131,False,
MAT227,MAT267,0.8131,4,0.8131,0.0,0.8131,False,
MAT227,MAT268,0.8131,5,0.8131,0.0,0.8131,False,
MAT227,MAT269,0.2442,14,0.8131,0.0,0.8131,False,
MAT227,MAT270,0.4921,10,0.8131,0.0,0.8131,False,
MAT227,MAT287,0.8131,6,0.8131,0.0,0.8131,False,
MAT227,MAT288,0.8131,7,0.8131,0.0,0.8131,False,
MAT227,MAT289,0.2442,15,0.8131,0.0,0.8131,False,
MAT227,MAT290,0.4921,11,0.8131,0.0,0.8131,False,
MAT228,MAT229,0.2206,11,0.8131,0.0,0.8131,False,
MAT228,MAT230,0.4685,7,0.8131,0.0,0.8131,False,
MAT228,MAT247,0.8131,1,0.8131,0.0,0.8131,False,
MAT228,MAT248,0.8131,2,0.8131,0.0,0.8131,False,
MAT228,MAT249,0.2206,12,0.8131,0.0,0.8131,False,
MAT228,MAT250,0.4685,8,0.8131,0.0,0.8131,False,
MAT228,MAT267,0.8131,3,0.8131,0.0,0.8131,False,
MAT228,MAT268,0.8131,4,0.8131,0.0,0.8131,False,
MAT228,MAT269,0.2206,13,0.8131,0.0,0.8131,False,
MAT228,MAT270,0.4685,9,0.8131,0.0,0.8131,False,
MAT228,MAT287,0.8131,5,0.8131,0.0,0.8131,False,
MAT228,MAT288,0.8131,6,0.8131,0.0,0.8131,False,
MAT228,MAT289,0.2206,14,0.8131,0.0,0.8131,False,
MAT228,MAT290,0.4685,10,0.8131,0.0,0.8131,False,
MAT229,MAT230,0.5989,4,0.8131,0.0,0.8131,False,
MAT229,MAT247,0.2442,8,0.8131,0.0,0.8131,False,
MAT229,MAT248,0.2206,11,0.8131,0.0,0.8131,False,
MAT229,MAT249,0.8131,1,0.8131,0.0,0.8131,False,
MAT229,MAT250,0.5989,5,0.8131,0.0,0.8131,False,
MAT229,MAT267,0.2442,9,0.8131,0.0,0.8131,False,
MAT229,MAT268,0.2206,12,0.8131,0.0,0.8131,False,
MAT229,MAT269,0.8131,2,0.8131,0.0,0.8131,False,
MAT229,MAT270,0.5989,6,0.8131,0.0,0.8131,False,
MAT229,MAT287,0.2442,10,0.8131,0.0,0.8131,False,
MAT229,MAT288,0.2206,13,0.8131,0.0,0.8131,False,
MAT229,MAT289,0.8131,3,0.8131,0.0,0.8131,False,
MAT229,MAT290,0.5989,7,0.8131,0.0,0.8131,False,
MAT230,MAT247,0.4921,7,0.6875,0.0,0.6875,False,
MAT230,MAT248,0.4685,10,0.6875,0.0,0.6875,False,
MAT230,MAT249,0.5989,4,0.6875,0.0,0.6875,False,
MAT230,MAT250,0.6875,1,0.6875,0.0,0.6875,False,
MAT230,MAT267,0.4921,8,0.6875,0.0,0.6875,False,
MAT230,MAT268,0.4685,11,0.6875,0.0,0.6875,False,
MAT230,MAT269,0.5989,5,0.6875,0.0,0.6875,False,
MAT230,MAT270,0.6875,2,0.6875,0.0,0.6875,False,
MAT230,MAT287,0.4921,9,0.6875,0.0,0.6875,False,
MAT230,MAT288,0.4685,12,0.6875,0.0,0.6875,False,
MAT230,MAT289,0.5989,6,0.6875,0.0,0.6875,False,
MAT230,MAT290,0.6875,3,0.6875,0.0,0.6875,False,
MAT231,MAT232,0.7008,4,0.8131,0.0,0.8131,False,
MAT231,MAT234,0.2852,8,0.8131,0.0,0.8131,False,
MAT231,MAT251,0.8131,1,0.8131,0.0,0.8131,False,
MAT231,MAT252,0.7008,5,0.8131,0.0,0.8131,False,
MAT231,MAT254,0.2852,9,0.8131,0.0,0.8131,False,
MAT231,MAT271,0.8131,2,0.8131,0.0,0.8131,False,
MAT231,MAT272,0.7008,6,0.8131,0.0,0.8131,False,
MAT231,MAT274,0.2852,10,0.8131,0.0,0.8131,False,
MAT231,MAT291,0.8131,3,0.8131,0.0,0.8131,False,
MAT231,MAT292,0.7008,7,0.8131,0.0,0.8131,False,
MAT231,MAT294,0.2852,11,0.8131,0.0,0.8131,False,
MAT232,MAT251,0.7008,4,0.8131,0.0,0.8131,False,
MAT232,MAT252,0.8131,1,0.8131,0.0,0.8131,False,
MAT232,MAT271,0.7008,5,0.8131,0.0,0.8131,False,
MAT232,MAT272,0.8131,2,0.8131,0.0,0.8131,False,
MAT232,MAT291,0.7008,6,0.8131,0.0,0.8131,False,
MAT232,MAT292,0.8131,3,0.8131,0.0,0.8131,False,
MAT233,MAT234,0.7695,4,0.8131,0.0,0.8131,False,
MAT233,MAT253,0.8131,1,0.8131,0.0,0.8131,False,
MAT233,MAT254,0.7695,5,0.8131,0.0,0.8131,False,
MAT233,MAT273,0.8131,2,0.8131,0.0,0.8131,False,
MAT233,MAT274,0.7695,6,0.8131,0.0,0.8131,False,
MAT233,MAT293,0.8131,3,0.8131,0.0,0.8131,False,
MAT233,MAT294,0.7695,7,0.8131,0.0,0.8131,False,
MAT234,MAT251,0.2852,7,0.8131,0.0,0.8131,False,
MAT234,MAT253,0.7695,4,0.8131,0.0,0.8131,False,
MAT234,MAT254,0.8131,1,0.8131,0.0,0.8131,False,
MAT234,MAT271,0.2852,8,0.8131,0.0,0.8131,False,
MAT234,MAT273,0.7695,5,0.8131,0.0,0.8131,False,
MAT234,MAT274,0.8131,2,0.8131,0.0,0.8131,False,
MAT234,MAT291,0.2852,9,0.8131,0.0,0.8131,False,
MAT234,MAT293,0.7695,6,0.8131,0.0,0.8131,False,
MAT234,MAT294,0.8131,3,0.8131,0.0,0.8131,False,
MAT235,MAT236,0.6339,4,0.9232,0.0,0.9232,False,
MAT235,MAT237,0.1616,12,0.9232,0.0,0.9232,False,
MAT235,MAT238,0.1718,8,0.9232,0.0,0.9232,False,
MAT235,MAT255,0.9232,1,0.9232,0.0,0.9232,False,
MAT235,MAT256,0.6339,5,0.9232,0.0,0.9232,False,
MAT235,MAT257,0.1616,13,0.9232,0.0,0.9232,False,
MAT235,MAT258,0.1718,9,0.9232,0.0,0.9232,False,
MAT235,MAT275,0.9232,2,0.9232,0.0,0.9232,False,
MAT235,MAT276,0.6339,6,0.9232,0.0,0.9232,False,
MAT235,MAT277,0.1616,14,0.9232,0.0,0.9232,False,
MAT235,MAT278,0.1718,10,0.9232,0.0,0.9232,False,
MAT235,MAT295,0.9232,3,0.9232,0.0,0.9232,False,
MAT235,MAT296,0.6339,7,0.9232,0.0,0.9232,False,
MAT235,MAT297,0.1616,15,0.9232,0.0,0.9232,False,
MAT235,MAT298,0.1718,11,0.9232,0.0,0.9232,False,
MAT236,MAT237,0.1597,11,0.9232,0.0,0.9232,False,
MAT236,MAT238,0.1687,7,0.9232,0.0,0.9232,False,
MAT236,MAT255,0.6339,4,0.9232,0.0,0.9232,False,
MAT236,MAT256,0.9232,1,0.9232,0.0,0.9232,False,
MAT236,MAT257,0.1597,12,0.9232,0.0,0.9232,False,
MAT236,MAT258,0.1687,8,0.9232,0.0,0.9232,False,
MAT236,MAT275,0.6339,5,0.9232,0.0,0.9232,False,
MAT236,MAT276,0.9232,2,0.9232,0.0,0.9232,False,
MAT236,MAT277,0.1597,13,0.9232,0.0,0.9232,False,
MAT236,MAT278,0.1687,9,0.9232,0.0,0.9232,False,
MAT236,MAT295,0.6339,6,0.9232,0.0,0.9232,False,
MAT236,MAT296,0.9232,3,0.9232,0.0,0.9232,False,
MAT236,MAT297,0.1597,14,0.9232,0.0,0.9232,False,
MAT236,MAT298,0.1687,10,0.9232,0.0,0.9232,False,
MAT237,MAT238,0.7218,4,0.7464,0.0,0.7464,False,
MAT237,MAT255,0.1616,8,0.7464,0.0,0.7464,False,
MAT237,MAT256,0.1597,11,0.7464,0.0,0.7464,False,
MAT237,MAT257,0.7464,1,0.7464,0.0,0.7464,False,
MAT237,MAT258,0.7218,5,0.7464,0.0,0.7464,False,
MAT237,MAT275,0.1616,9,0.7464,0.0,0.7464,False,
MAT237,MAT276,0.1597,12,0.7464,0.0,0.7464,False,
MAT237,MAT277,0.7464,2,0.7464,0.0,0.7464,False,
MAT237,MAT278,0.7218,6,0.7464,0.0,0.7464,False,
MAT237,MAT295,0.1616,10,0.7464,0.0,0.7464,False,
MAT237,MAT296,0.1597,13,0.7464,0.0,0.7464,False,
MAT237,MAT297,0.7464,3,0.7464,0.0,0.7464,False,
MAT237,MAT298,0.7218,7,0.7464,0.0,0.7464,False,
MAT238,MAT255,0.1718,7,0.7464,0.0,0.7464,False,
MAT238,MAT256,0.1687,10,0.7464,0.0,0.7464,False,
MAT238,MAT257,0.7218,4,0.7464,0.0,0.7464,False,
MAT238,MAT258,0.7464,1,0.7464,0.0,0.7464,False,
MAT238,MAT275,0.1718,8,0.7464,0.0,0.7464,False,
MAT238,MAT276,0.1687,11,0.7464,0.0,0.7464,False,
MAT238,MAT277,0.7218,5,0.7464,0.0,0.7464,False,
MAT238,MAT278,0.7464,2,0.7464,0.0,0.7464,False,
MAT238,MAT295,0.1718,9,0.7464,0.0,0.7464,False,
MAT238,MAT296,0.1687,12,0.7464,0.0,0.7464,False,
MAT238,MAT297,0.7218,6,0.7464,0.0,0.7464,False,
MAT238,MAT298,0.7464,3,0.7464,0.0,0.7464,False,
MAT239,MAT240,0.7059,4,0.7464,0.0,0.7464,False,
MAT239,MAT259,0.7464,1,0.7464,0.0,0.7464,False,
MAT239,MAT260,0.7059,5,0.7464,0.0,0.7464,False,
MAT239,MAT279,0.7464,2,0.7464,0.0,0.7464,False,
MAT239,MAT280,0.7059,6,0.7464,0.0,0.7464,False,
MAT239,MAT299,0.7464,3,0.7464,0.0,0.7464,False,
MAT239,MAT300,0.7059,7,0.7464,0.0,0.7464,False,
MAT240,MAT259,0.7059,4,0.7464,0.0,0.7464,False,
MAT240,MAT260,0.7464,1,0.7464,0.0,0.7464,False,
MAT240,MAT279,0.7059,5,0.7464,0.0,0.7464,False,
MAT240,MAT280,0.7464,2,0.7464,0.0,0.7464,False,
MAT240,MAT299,0.7059,6,0.7464,0.0,0.7464,False,
MAT240,MAT300,0.7464,3,0.7464,0.0,0.7464,False,
MAT241,MAT242,0.7159,6,0.7976,0.0,0.7976,False,
MAT241,MAT243,0.7339,3,0.7976,0.0,0.7976,False,
MAT241,MAT244,0.6961,9,0.7976,0.0,0.7976,False,
MAT241,MAT246,0.4851,12,0.7976,0.0,0.7976,False,
MAT241,MAT261,0.7976,1,0.7976,0.0,0.7976,False,
MAT241,MAT262,0.7159,7,0.7976,0.0,0.7976,False,
MAT241,MAT263,0.7339,4,0.7976,0.0,0.7976,False,
MAT241,MAT264,0.6961,10,0.7976,0.0,0.7976,False,
MAT241,MAT266,0.4851,13,0.7976,0.0,0.7976,False,
MAT241,MAT281,0.7976,2,0.7976,0.0,0.7976,False,
MAT241,MAT282,0.7159,8,0.7976,0.0,0.7976,False,
MAT241,MAT283,0.7339,5,0.7976,0.0,0.7976,False,
MAT241,MAT284,0.6961,11,0.7976,0.0,0.7976,False,
MAT241,MAT286,0.4851,14,0.7976,0.0,0.7976,False,
MAT242,MAT243,0.6282,8,0.9232,0.0,0.9232,False,
MAT242,MAT244,0.8089,3,0.9232,0.0,0.9232,False,
MAT242,MAT246,0.5088,11,0.9232,0.0,0.9232,False,
MAT242,MAT261,0.7159,6,0.9232,0.0,0.9232,False,
MAT242,MAT262,0.9232,1,0.9232,0.0,0.9232,False,
MAT242,MAT263,0.6282,9,0.9232,0.0,0.9232,False,
MAT242,MAT264,0.8089,4,0.9232,0.0,0.9232,False,
MAT242,MAT266,0.5088,12,0.9232,0.0,0.9232,False,
MAT242,MAT281,0.7159,7,0.9232,0.0,0.9232,False,
MAT242,MAT282,0.9232,2,0.9232,0.0,0.9232,False,
MAT242,MAT283,0.6282,10,0.9232,0.0,0.9232,False,
MAT242,MAT284,0.8089,5,0.9232,0.0,0.9232,False,
MAT242,MAT286,0.5088,13,0.9232,0.0,0.9232,False,
MAT243,MAT244,0.7511,3,0.772,0.0,0.772,False,
MAT243,MAT246,0.4978,10,0.772,0.0,0.772,False,
MAT243,MAT261,0.7339,6,0.772,0.0,0.772,False,
MAT243,MAT262,0.6282,8,0.772,0.0,0.772,False,
MAT243,MAT263,0.772,1,0.772,0.0,0.772,False,
MAT243,MAT264,0.7511,4,0.772,0.0,0.772,False,
MAT243,MAT266,0.4978,11,0.772,0.0,0.772,False,
MAT243,MAT281,0.7339,7,0.772,0.0,0.772,False,
MAT243,MAT282,0.6282,9,0.772,0.0,0.772,False,
MAT243,MAT283,0.772,2,0.772,0.0,0.772,False,
MAT243,MAT284,0.7511,5,0.772,0.0,0.772,False,
MAT243,MAT286,0.4978,12,0.772,0.0,0.772,False,
MAT244,MAT245,0.4181,12,0.8976,0.0,0.8976,False,
MAT244,MAT246,0.5166,9,0.8976,0.0,0.8976,False,
MAT244,MAT261,0.6961,7,0.8976,0.0,0.8976,False,
MAT244,MAT262,0.8089,3,0.8976,0.0,0.8976,False,
MAT244,MAT263,0.7511,5,0.8976,0.0,0.8976,False,
MAT244,MAT264,0.8976,1,0.8976,0.0,0.8976,False,
MAT244,MAT265,0.4181,13,0.8976,0.0,0.8976,False,
MAT244,MAT266,0.5166,10,0.8976,0.0,0.8976,False,
MAT244,MAT281,0.6961,8,0.8976,0.0,0.8976,False,
MAT244,MAT282,0.8089,4,0.8976,0.0,0.8976,False,
MAT244,MAT283,0.7511,6,0.8976,0.0,0.8976,False,
MAT244,MAT284,0.8976,2,0.8976,0.0,0.8976,False,
MAT244,MAT285,0.4181,14,0.8976,0.0,0.8976,False,
MAT244,MAT286,0.5166,11,0.8976,0.0,0.8976,False,
MAT245,MAT246,0.6342,3,0.7131,0.0,0.7131,False,
MAT245,MAT264,0.4181,6,0.7131,0.0,0.7131,False,
MAT245,MAT265,0.7131,1,0.7131,0.0,0.7131,False,
MAT245,MAT266,0.6342,4,0.7131,0.0,0.7131,False,
MAT245,MAT284,0.4181,7,0.7131,0.0,0.7131,False,
MAT245,MAT285,0.7131,2,0.7131,0.0,0.7131,False,
MAT245,MAT286,0.6342,5,0.7131,0.0,0.7131,False,
MAT246,MAT261,0.4851,11,0.772,0.0,0.772,False,
MAT246,MAT262,0.5088,7,0.772,0.0,0.772,False,
MAT246,MAT263,0.4978,9,0.772,0.0,0.772,False,
MAT246,MAT264,0.5166,5,0.772,0.0,0.772,False,
MAT246,MAT265,0.6342,3,0.772,0.0,0.772,False,
MAT246,MAT266,0.772,1,0.772,0.0,0.772,False,
MAT246,MAT281,0.4851,12,0.772,0.0,0.772,False,
MAT246,MAT282,0.5088,8,0.772,0.0,0.772,False,
MAT246,MAT283,0.4978,10,0.772,0.0,0.772,False,
MAT246,MAT284,0.5166,6,0.772,0.0,0.772,False,
MAT246,MAT285,0.6342,4,0.772,0.0,0.772,False,
MAT246,MAT286,0.772,2,0.772,0.0,0.772,False,
MAT247,MAT248,0.8131,1,0.8131,0.0,0.8131,False,
MAT247,MAT249,0.2442,9,0.8131,0.0,0.8131,False,
MAT247,MAT250,0.4921,6,0.8131,0.0,0.8131,False,
MAT247,MAT267,0.8131,2,0.8131,0.0,0.8131,False,
MAT247,MAT268,0.8131,3,0.8131,0.0,0.8131,False,
MAT247,MAT269,0.2442,10,0.8131,0.0,0.8131,False,
MAT247,MAT270,0.4921,7,0.8131,0.0,0.8131,False,
MAT247,MAT287,0.8131,4,0.8131,0.0,0.8131,False,
MAT247,MAT288,0.8131,5,0.8131,0.0,0.8131,False,
MAT247,MAT289,0.2442,11,0.8131,0.0,0.8131,False,
MAT247,MAT290,0.4921,8,0.8131,0.0,0.8131,False,
MAT248,MAT249,0.2206,8,0.8131,0.0,0.8131,False,
MAT248,MAT250,0.4685,5,0.8131,0.0,0.8131,False,
MAT248,MAT267,0.8131,1,0.8131,0.0,0.8131,False,
MAT248,MAT268,0.8131,2,0.8131,0.0,0.8131,False,
MAT248,MAT269,0.2206,9,0.8131,0.0,0.8131,False,
MAT248,MAT270,0.4685,6,0.8131,0.0,0.8131,False,
MAT248,MAT287,0.8131,3,0.8131,0.0,0.8131,False,
MAT248,MAT288,0.8131,4,0.8131,0.0,0.8131,False,
MAT248,MAT289,0.2206,10,0.8131,0.0,0.8131,False,
MAT248,MAT290,0.4685,7,0.8131,0.0,0.8131,False,
MAT249,MAT250,0.5989,3,0.8131,0.0,0.8131,False,
MAT249,MAT267,0.2442,6,0.8131,0.0,0.8131,False,
MAT249,MAT268,0.2206,8,0.8131,0.0,0.8131,False,
MAT249,MAT269,0.8131,1,0.8131,0.0,0.8131,False,
MAT249,MAT270,0.5989,4,0.8131,0.0,0.8131,False,
MAT249,MAT287,0.2442,7,0.8131,0.0,0.8131,False,
MAT249,MAT288,0.2206,9,0.8131,0.0,0.8131,False,
MAT249,MAT289,0.8131,2,0.8131,0.0,0.8131,False,
MAT249,MAT290,0.5989,5,0.8131,0.0,0.8131,False,
MAT250,MAT267,0.4921,5,0.6875,0.0,0.6875,False,
MAT250,MAT268,0.4685,7,0.6875,0.0,0.6875,False,
MAT250,MAT269,0.5989,3,0.6875,0.0,0.6875,False,
MAT250,MAT270,0.6875,1,0.6875,0.0,0.6875,False,
MAT250,MAT287,0.4921,6,0.6875,0.0,0.6875,False,
MAT250,MAT288,0.4685,8,0.6875,0.0,0.6875,False,
MAT250,MAT289,0.5989,4,0.6875,0.0,0.6875,False,
MAT250,MAT290,0.6875,2,0.6875,0.0,0.6875,False,
MAT251,MAT252,0.7008,3,0.8131,0.0,0.8131,False,
MAT251,MAT254,0.2852,6,0.8131,0.0,0.8131,False,
MAT251,MAT271,0.8131,1,0.8131,0.0,0.8131,False,
MAT251,MAT272,0.7008,4,0.8131,0.0,0.8131,False,
MAT251,MAT274,0.2852,7,0.8131,0.0,0.8131,False,
MAT251,MAT291,0.8131,2,0.8131,0.0,0.8131,False,
MAT251,MAT292,0.7008,5,0.8131,0.0,0.8131,False,
MAT251,MAT294,0.2852,8,0.8131,0.0,0.8131,False,
MAT252,MAT271,0.7008,3,0.8131,0.0,0.8131,False,
MAT252,MAT272,0.8131,1,0.8131,0.0,0.8131,False,
MAT252,MAT291,0.7008,4,0.8131,0.0,0.8131,False,
MAT252,MAT292,0.8131,2,0.8131,0.0,0.8131,False,
MAT253,MAT254,0.7695,3,0.8131,0.0,0.8131,False,
MAT253,MAT273,0.8131,1,0.8131,0.0,0.8131,False,
MAT253,MAT274,0.7695,4,0.8131,0.0,0.8131,False,
MAT253,MAT293,0.8131,2,0.8131,0.0,0.8131,False,
MAT253,MAT294,0.7695,5,0.8131,0.0,0.8131,False,
MAT254,MAT271,0.2852,5,0.8131,0.0,0.8131,False,
MAT254,MAT273,0.7695,3,0.8131,0.0,0.8131,False,
MAT254,MAT274,0.8131,1,0.8131,0.0,0.8131,False,
MAT254,MAT291,0.2852,6,0.8131,0.0,0.8131,False,
MAT254,MAT293,0.7695,4,0.8131,0.0,0.8131,False,
MAT254,MAT294,0.8131,2,0.8131,0.0,0.8131,False,
MAT255,MAT256,0.6339,3,0.9232,0.0,0.9232,False,
MAT255,MAT257,0.1616,9,0.9232,0.0,0.9232,False,
MAT255,MAT258,0.1718,6,0.9232,0.0,0.9232,False,
MAT255,MAT275,0.9232,1,0.9232,0.0,0.9232,False,
MAT255,MAT276,0.6339,4,0.9232,0.0,0.9232,False,
MAT255,MAT277,0.1616,10,0.9232,0.0,0.9232,False,
MAT255,MAT278,0.1718,7,0.9232,0.0,0.9232,False,
MAT255,MAT295,0.9232,2,0.9232,0.0,0.9232,False,
MAT255,MAT296,0.6339,5,0.9232,0.0,0.9232,False,
MAT255,MAT297,0.1616,11,0.9232,0.0,0.9232,False,
MAT255,MAT298,0.1718,8,0.9232,0.0,0.9232,False,
MAT256,MAT257,0.1597,8,0.9232,0.0,0.9232,False,
MAT256,MAT258,0.1687,5,0.9232,0.0,0.9232,False,
MAT256,MAT275,0.6339,3,0.9232,0.0,0.9232,False,
MAT256,MAT276,0.9232,1,0.9232,0.0,0.9232,False,
MAT256,MAT277,0.1597,9,0.9232,0.0,0.9232,False,
MAT256,MAT278,0.1687,6,0.9232,0.0,0.9232,False,
MAT256,MAT295,0.6339,4,0.9232,0.0,0.9232,False,
MAT256,MAT296,0.9232,2,0.9232,0.0,0.9232,False,
MAT256,MAT297,0.1597,10,0.9232,0.0,0.9232,False,
MAT256,MAT298,0.1687,7,0.9232,0.0,0.9232,False,
MAT257,MAT258,0.7218,3,0.7464,0.0,0.7464,False,
MAT257,MAT275,0.1616,6,0.7464,0.0,0.7464,False,
MAT257,MAT276,0.1597,8,0.7464,0.0,0.7464,False,
MAT257,MAT277,0.7464,1,0.7464,0.0,0.7464,False,
MAT257,MAT278,0.7218,4,0.7464,0.0,0.7464,False,
MAT257,MAT295,0.1616,7,0.7464,0.0,0.7464,False,
MAT257,MAT296,0.1597,9,0.7464,0.0,0.7464,False,
MAT257,MAT297,0.7464,2,0.7464,0.0,0.7464,False,
MAT257,MAT298,0.7218,5,0.7464,0.0,0.7464,False,
MAT258,MAT275,0.1718,5,0.7464,0.0,0.7464,False,
MAT258,MAT276,0.1687,7,0.7464,0.0,0.7464,False,
MAT258,MAT277,0.7218,3,0.7464,0.0,0.7464,False,
MAT258,MAT278,0.7464,1,0.7464,0.0,0.7464,False,
MAT258,MAT295,0.1718,6,0.7464,0.0,0.7464,False,
MAT258,MAT296,0.1687,8,0.7464,0.0,0.7464,False,
MAT258,MAT297,0.7218,4,0.7464,0.0,0.7464,False,
MAT258,MAT298,0.7464,2,0.7464,0.0,0.7464,False,
MAT259,MAT260,0.7059,3,0.7464,0.0,0.7464,False,
MAT259,MAT279,0.7464,1,0.7464,0.0,0.7464,False,
MAT259,MAT280,0.7059,4,0.7464,0.0,0.7464,False,
MAT259,MAT299,0.7464,2,0.7464,0.0,0.7464,False,
MAT259,MAT300,0.7059,5,0.7464,0.0,0.7464,False,
MAT260,MAT279,0.7059,3,0.7464,0.0,0.7464,False,
MAT260,MAT280,0.7464,1,0.7464,0.0,0.7464,False,
MAT260,MAT299,0.7059,4,0.7464,0.0,0.7464,False,
MAT260,MAT300,0.7464,2,0.7464,0.0,0.7464,False,
MAT261,MAT262,0.7159,4,0.7976,0.0,0.7976,False,
MAT261,MAT263,0.7339,2,0.7976,0.0,0.7976,False,
MAT261,MAT264,0.6961,6,0.7976,0.0,0.7976,False,
MAT261,MAT266,0.4851,8,0.7976,0.0,0.7976,False,
MAT261,MAT281,0.7976,1,0.7976,0.0,0.7976,False,
MAT261,MAT282,0.7159,5,0.7976,0.0,0.7976,False,
MAT261,MAT283,0.7339,3,0.7976,0.0,0.7976,False,
MAT261,MAT284,0.6961,7,0.7976,0.0,0.7976,False,
MAT261,MAT286,0.4851,9,0.7976,0.0,0.7976,False,
MAT262,MAT263,0.6282,5,0.9232,0.0,0.9232,False,
MAT262,MAT264,0.8089,2,0.9232,0.0,0.9232,False,
MAT262,MAT266,0.5088,7,0.9232,0.0,0.9232,False,
MAT262,MAT281,0.7159,4,0.9232,0.0,0.9232,False,
MAT262,MAT282,0.9232,1,0.9232,0.0,0.9232,False,
MAT262,MAT283,0.6282,6,0.9232,0.0,0.9232,False,
MAT262,MAT284,0.8089,3,0.9232,0.0,0.9232,False,
MAT262,MAT286,0.5088,8,0.9232,0.0,0.9232,False,
MAT263,MAT264,0.7511,2,0.772,0.0,0.772,False,
MAT263,MAT266,0.4978,6,0.772,0.0,0.772,False,
MAT263,MAT281,0.7339,4,0.772,0.0,0.772,False,
MAT263,MAT282,0.6282,5,0.772,0.0,0.772,False,
MAT263,MAT283,0.772,1,0.772,0.0,0.772,False,
MAT263,MAT284,0.7511,3,0.772,0.0,0.772,False,
MAT263,MAT286,0.4978,7,0.772,0.0,0.772,False,
MAT264,MAT265,0.4181,7,0.8976,0.0,0.8976,False,
MAT264,MAT266,0.5166,5,0.8976,0.0,0.8976,False,
MAT264,MAT281,0.6961,4,0.8976,0.0,0.8976,False,
MAT264,MAT282,0.8089,2,0.8976,0.0,0.8976,False,
MAT264,MAT283,0.7511,3,0.8976,0.0,0.8976,False,
MAT264,MAT284,0.8976,1,0.8976,0.0,0.8976,False,
MAT264,MAT285,0.4181,8,0.8976,0.0,0.8976,False,
MAT264,MAT286,0.5166,6,0.8976,0.0,0.8976,False,
MAT265,MAT266,0.6342,2,0.7131,0.0,0.7131,False,
MAT265,MAT284,0.4181,4,0.7131,0.0,0.7131,False,
MAT265,MAT285,0.7131,1,0.7131,0.0,0.7131,False,
MAT265,MAT286,0.6342,3,0.7131,0.0,0.7131,False,
MAT266,MAT281,0.4851,6,0.772,0.0,0.772,False,
MAT266,MAT282,0.5088,4,0.772,0.0,0.772,False,
MAT266,MAT283,0.4978,5,0.772,0.0,0.772,False,
MAT266,MAT284,0.5166,3,0.772,0.0,0.772,False,
MAT266,MAT285,0.6342,2,0.772,0.0,0.772,False,
MAT266,MAT286,0.772,1,0.772,0.0,0.772,False,
MAT267,MAT268,0.8131,1,0.8131,0.0,0.8131,False,
MAT267,MAT269,0.2442,6,0.8131,0.0,0.8131,False,
MAT267,MAT270,0.4921,4,0.8131,0.0,0.8131,False,
MAT267,MAT287,0.8131,2,0.8131,0.0,0.8131,False,
MAT267,MAT288,0.8131,3,0.8131,0.0,0.8131,False,
MAT267,MAT289,0.2442,7,0.8131,0.0,0.8131,False,
MAT267,MAT290,0.4921,5,0.8131,0.0,0.8131,False,
MAT268,MAT269,0.2206,5,0.8131,0.0,0.8131,False,
MAT268,MAT270,0.4685,3,0.8131,0.0,0.8131,False,
MAT268,MAT287,0.8131,1,0.8131,0.0,0.8131,False,
MAT268,MAT288,0.8131,2,0.8131,0.0,0.8131,False,
MAT268,MAT289,0.2206,6,0.8131,0.0,0.8131,False,
MAT268,MAT290,0.4685,4,0.8131,0.0,0.8131,False,
MAT269,MAT270,0.5989,2,0.8131,0.0,0.8131,False,
MAT269,MAT287,0.2442,4,0.8131,0.0,0.8131,False,
MAT269,MAT288,0.2206,5,0.8131,0.0,0.8131,False,
MAT269,MAT289,0.8131,1,0.8131,0.0,0.8131,False,
MAT269,MAT290,0.5989,3,0.8131,0.0,0.8131,False,
MAT270,MAT287,0.4921,3,0.6875,0.0,0.6875,False,
MAT270,MAT288,0.4685,4,0.6875,0.0,0.6875,False,
MAT270,MAT289,0.5989,2,0.6875,0.0,0.6875,False,
MAT270,MAT290,0.6875,1,0.6875,0.0,0.6875,False,
MAT271,MAT272,0.7008,2,0.8131,0.0,0.8131,False,
MAT271,MAT274,0.2852,4,0.8131,0.0,0.8131,False,
MAT271,MAT291,0.8131,1,0.8131,0.0,0.8131,False,
MAT271,MAT292,0.7008,3,0.8131,0.0,0.8131,False,
MAT271,MAT294,0.2852,5,0.8131,0.0,0.8131,False,
MAT272,MAT291,0.7008,2,0.8131,0.0,0.8131,False,
MAT272,MAT292,0.8131,1,0.8131,0.0,0.8131,False,
MAT273,MAT274,0.7695,2,0.8131,0.0,0.8131,False,
MAT273,MAT293,0.8131,1,0.8131,0.0,0.8131,False,
MAT273,MAT294,0.7695,3,0.8131,0.0,0.8131,False,
MAT274,MAT291,0.2852,3,0.8131,0.0,0.8131,False,
MAT274,MAT293,0.7695,2,0.8131,0.0,0.8131,False,
MAT274,MAT294,0.8131,1,0.8131,0.0,0.8131,False,
MAT275,MAT276,0.6339,2,0.9232,0.0,0.9232,False,
MAT275,MAT277,0.1616,6,0.9232,0.0,0.9232,False,
MAT275,MAT278,0.1718,4,0.9232,0.0,0.9232,False,
MAT275,MAT295,0.9232,1,0.9232,0.0,0.9232,False,
MAT275,MAT296,0.6339,3,0.9232,0.0,0.9232,False,
MAT275,MAT297,0.1616,7,0.9232,0.0,0.9232,False,
MAT275,MAT298,0.1718,5,0.9232,0.0,0.9232,False,
MAT276,MAT277,0.1597,5,0.9232,0.0,0.9232,False,
MAT276,MAT278,0.1687,3,0.9232,0.0,0.9232,False,
MAT276,MAT295,0.6339,2,0.9232,0.0,0.9232,False,
MAT276,MAT296,0.9232,1,0.9232,0.0,0.9232,False,
MAT276,MAT297,0.1597,6,0.9232,0.0,0.9232,False,
MAT276,MAT298,0.1687,4,0.9232,0.0,0.9232,False,
MAT277,MAT278,0.7218,2,0.7464,0.0,0.7464,False,
MAT277,MAT295,0.1616,4,0.7464,0.0,0.7464,False,
MAT277,MAT296,0.1597,5,0.7464,0.0,0.7464,False,
MAT277,MAT297,0.7464,1,0.7464,0.0,0.7464,False,
MAT277,MAT298,0.7218,3,0.7464,0.0,0.7464,False,
MAT278,MAT295,0.1718,3,0.7464,0.0,0.7464,False,
MAT278,MAT296,0.1687,4,0.7464,0.0,0.7464,False,
MAT278,MAT297,0.7218,2,0.7464,0.0,0.7464,False,
MAT278,MAT298,0.7464,1,0.7464,0.0,0.7464,False,
MAT279,MAT280,0.7059,2,0.7464,0.0,0.7464,False,
MAT279,MAT299,0.7464,1,0.7464,0.0,0.7464,False,
MAT279,MAT300,0.7059,3,0.7464,0.0,0.7464,False,
MAT280,MAT299,0.7059,2,0.7464,0.0,0.7464,False,
MAT280,MAT300,0.7464,1,0.7464,0.0,0.7464,False,
MAT281,MAT282,0.7159,2,0.7339,0.0,0.7339,False,
MAT281,MAT283,0.7339,1,0.7339,0.0,0.7339,False,
MAT281,MAT284,0.6961,3,0.7339,0.0,0.7339,False,
MAT281,MAT286,0.4851,4,0.7339,0.0,0.7339,False,
MAT282,MAT283,0.6282,2,0.8089,0.0,0.8089,False,
MAT282,MAT284,0.8089,1,0.8089,0.0,0.8089,False,
MAT282,MAT286,0.5088,3,0.8089,0.0,0.8089,False,
MAT283,MAT284,0.7511,1,0.7511,0.0,0.7511,False,
MAT283,MAT286,0.4978,2,0.7511,0.0,0.7511,False,
MAT284,MAT285,0.4181,2,0.5166,0.0,0.5166,False,
MAT284,MAT286,0.5166,1,0.5166,0.0,0.5166,False,
MAT285,MAT286,0.6342,1,0.6342,0.0,0.6342,False,
MAT287,MAT288,0.8131,1,0.8131,0.0,0.8131,False,
MAT287,MAT289,0.2442,3,0.8131,0.0,0.8131,False,
MAT287,MAT290,0.4921,2,0.8131,0.0,0.8131,False,
MAT288,MAT289,0.2206,2,0.4685,0.0,0.4685,False,
MAT288,MAT290,0.4685,1,0.4685,0.0,0.4685,False,
MAT289,MAT290,0.5989,1,0.5989,0.0,0.5989,False,
MAT291,MAT292,0.7008,1,0.7008,0.0,0.7008,False,
MAT291,MAT294,0.2852,2,0.7008,0.0,0.7008,False,
MAT293,MAT294,0.7695,1,0.7695,0.0,0.7695,False,
MAT295,MAT296,0.6339,1,0.6339,0.0,0.6339,False,
MAT295,MAT297,0.1616,3,0.6339,0.0,0.6339,False,
MAT295,MAT298,0.1718,2,0.6339,0.0,0.6339,False,
MAT296,MAT297,0.1597,2,0.1687,0.0,0.1687,False,
MAT296,MAT298,0.1687,1,0.1687,0.0,0.1687,False,
MAT297,MAT298,0.7218,1,0.7218,0.0,0.7218,False,
MAT299,MAT300,0.7059,1,0.7059,0.0,0.7059,False,
